order_id,order_date,customer_id,basket_items,basket_categories,association_groups,total_distinct_products,total_units,net_amount_jd,season_event
O202600001,2026-01-01,C0114,Mandi Basmati Rice 4 kg,rice,Rice,1,3,14.91,Winter 2026
O202600002,2026-01-01,C0056,"Mandi Basmati Rice 4 kg | Mazola Sunflower Oil, 1.5L | Maxim's Sliced Tuna With Garlic And Black Pepper 120 g | Al Youm Labneh, 200g | Nadec Banana Flavor Milk, 6x125ml",rice | oil | Canned Seafood | labneh | Long Life Milk,Rice | Oil | Spices & Seasonings | Eggs | Dairy,5,7,15.75,Winter 2026
O202600003,2026-01-01,C0076,Barilla Rigatoni 500 g,pasta,Pasta,1,1,1.68,Winter 2026
O202600004,2026-01-02,C0024,Spice Classics Basil Leaves 6.25 g,Cooking & Baking,Spices & Seasonings,1,1,1.93,Winter 2026
O202600005,2026-01-02,C0022,"Kasih Vegetable Oil Cooking Spray, 141g | Tiger Rice 3.5 kg | Aroma Garden Magloubeh Spices, 100g",oil | rice | Cooking & Baking,Oil | Rice | Spices & Seasonings,3,3,7.99,Winter 2026
O202600006,2026-01-02,C0070,"Abu Kass Basmati Rice, 4kg | Al-Ghazal Pasta Bucatini 1, 300g | Mazola Sunflower Oil, 1.5L | Blue Mill Paprika 200 g | Pascual Vive Soy High Calcium Oat Drink, 1L | Luna Red Kidney Beans, 380g",rice | pasta | oil | Cooking & Baking | Milk Alternatives | Canned Vegetables,Rice | Pasta | Oil | Spices & Seasonings | Eggs | Canned Food,6,7,20.35,Winter 2026
O202600007,2026-01-03,C0019,"Hammoudeh Fresh Yoghurt, 700g",youghurt,Dairy,1,1,0.97,Winter 2026
O202600008,2026-01-03,C0038,"American Garden Red Kidney Beans (Easy Open Lids), 400g | Pasta Zara Conchiglie No.54, 500g",Canned Vegetables | pasta,Canned Vegetables | Pasta,2,2,2.1,Winter 2026
O202600009,2026-01-03,C0101,"Abu Kass Basmati Rice, 4kg",rice,Rice,1,1,5.49,Winter 2026
O202600010,2026-01-03,C0118,"Maxim's Smoked Tuna Oil 185 g | Abu Kass Basmati Rice, 4kg | Mr.Chips Paprika Potato Chips, 68g",Canned Seafood | rice | Chips,Oil | Rice | Spices & Seasonings,3,4,9.69,Winter 2026
O202600011,2026-01-03,C0117,"Teeba 9% Fat Labneh, 500g",labneh,Dairy,1,2,4.5,Winter 2026
O202600012,2026-01-03,C0080,"Aroma Garden Biryani Spices, 100g | Nadec Long Life Full Fat UHT Milk, 4x1L",Cooking & Baking | Long Life Milk,Spices & Seasonings | Dairy,2,2,5.44,Winter 2026
O202600013,2026-01-03,C0021,"Almarai Cream Cheese, 6 Portion, 108g",cheese,Dairy,1,1,1.02,Winter 2026
O202600014,2026-01-03,C0085,"Barakah Al Sanabel Chiffari Lisci, 450g",pasta,Pasta,1,1,0.35,Winter 2026
O202600015,2026-01-03,C0086,"Barakah Al Sanabel Chiffari Lisci, 450g",pasta,Pasta,1,3,1.05,Winter 2026
O202600016,2026-01-04,C0028,"Ozmo Milk Chocolate Egg Shapes, 20g",Chocolate,Dairy,1,1,0.75,Winter 2026
O202600017,2026-01-04,C0007,"Alyoum Fresh Jameed Liquid, 1kg",Yoghurts,Dairy,1,1,1.75,Winter 2026
O202600018,2026-01-04,C0019,"Mr.Chips Paprika Potato Chips, 68g",Chips,Spices & Seasonings,1,1,0.6,Winter 2026
O202600019,2026-01-04,C0144,"Al-Ghazal Pasta Bucatini 1, 300g",pasta,Pasta,1,1,0.49,Winter 2026
O202600020,2026-01-04,C0103,"Lay's Chili Potato Chips, 110g | Luna Red Kidney Beans, 380g",Chips | Canned Vegetables,Chips | Canned Food,2,2,1.76,Winter 2026
O202600021,2026-01-04,C0033,"Benina Garlic Chili Sauce, 280g | Kinder Happy Hippo Biscuits with Double Cream Filling, 103.5g | Tiger Rice 3.5 kg",Cooking & Baking | Chocolate | rice,Spices & Seasonings | Dairy | Rice,3,3,7.09,Winter 2026
O202600022,2026-01-04,C0017,"Mr.Chips Paprika Potato Chips, 68g",Chips,Spices & Seasonings,1,2,1.2,Winter 2026
O202600023,2026-01-04,C0065,"Aroma Garden Organic Meat Spices, 120g",Cooking & Baking,Spices & Seasonings,1,1,2.09,Winter 2026
O202600024,2026-01-04,C0130,"California Garden Whole Kernal Sweet Corn, 400g | Barakah Al Sanabel Chiffari Lisci, 450g",Canned Vegetables | pasta,Canned Vegetables | Pasta,2,3,2.45,Winter 2026
O202600025,2026-01-05,C0017,"Maxim's Mushrooms 425 g 3+1 | Teeba 9% Fat Labneh, 500g | Pasta Zara Conchiglie No.54, 500g",Canned Fruit | labneh | pasta,Canned Food | Dairy | Pasta,3,5,22.61,Winter 2026
O202600026,2026-01-05,C0060,"Lurpak Unsalted Butter, 100g",butter,Dairy,1,3,3.39,Winter 2026
O202600027,2026-01-05,C0115,"Benina Garlic Chili Sauce, 280g | Baladna Coffee with Milk Low Fat Cow Milk, 250ml",Cooking & Baking | Specialty Drinks,Spices & Seasonings | Dairy,2,4,3.89,Winter 2026
O202600028,2026-01-05,C0099,"American Garden Red Kidney Beans (Easy Open Lids), 400g | Barilla Rigatoni 500 g",Canned Vegetables | pasta,Canned Vegetables | Pasta,2,3,3.26,Winter 2026
O202600029,2026-01-05,C0012,"Alinor Organic Plant Based Almond Barista Drink, 1L",Milk Alternatives,Dairy,1,1,3.5,Winter 2026
O202600030,2026-01-05,C0049,"Aroma Garden Seven Spices, 100g | Mr.Chips Pizza Flavor Corn Chips, 58g | Al-Ghazal Pasta Bucatini 1, 300g",Cooking & Baking | Chips | pasta,Spices & Seasonings | Canned Vegetables | Pasta,3,3,2.83,Winter 2026
O202600031,2026-01-05,C0116,"Almarai Greek Style Mango Yoghurt, 150g",Yoghurts,Dairy,1,1,0.9,Winter 2026
O202600032,2026-01-05,C0104,"Benina Chili Oil, 150ml | Abu Kass Basmati Rice, 4kg | Aroma Garden Seven Spices, 100g | Red Bull Energy Drink Watermelon, 250ml",Cooking & Baking | rice | Cooking & Baking | Sports & Energy Drinks,Oil | Rice | Spices & Seasonings | Water,4,4,10.67,Winter 2026
O202600033,2026-01-06,C0036,"Almarai Labneh, 500g",labneh,Dairy,1,1,2.21,Winter 2026
O202600034,2026-01-06,C0038,"Alinor Organic Plant Based Almond Barista Drink, 1L",Milk Alternatives,Dairy,1,1,3.5,Winter 2026
O202600035,2026-01-06,C0089,"Mandi Basmati Rice 4 kg | Al Sayad Tuna In Vegetable Oil, 160g | NewLand Mayonnaise Garlic Flavor 300ml | Alinor Organic Plant Based Almond Barista Drink, 1L | Pringles Sour Cream & Onion Chips Can, 165g",rice | Canned Seafood | Cooking & Baking | Milk Alternatives | Chips,Rice | Oil | Spices & Seasonings | Eggs | Dairy,5,5,12.57,Winter 2026
O202600036,2026-01-06,C0109,Tiger Rice 3.5 kg,rice,Rice,1,3,10.95,Winter 2026
O202600037,2026-01-06,C0109,"Barakah Al Sanabel Chiffari Lisci, 450g | Bifa Keks Roll Cake with Cocoa Cream, 50g",pasta | Cakes and Rolls,Pasta | Bakery,2,3,0.82,Winter 2026
O202600038,2026-01-06,C0139,"Lurpak Unsalted Butter, 100g",butter,Dairy,1,1,1.13,Winter 2026
O202600039,2026-01-06,C0017,"Lurpak Unsalted Butter, 100g | Al-Ghazal Pasta Bucatini 1, 300g",butter | pasta,Dairy | Pasta,2,2,1.57,Winter 2026
O202600040,2026-01-06,C0133,Zwan Chicken Hotdogs Ã— 2 Special Offer,Canned Meat,Canned Food,1,1,4.5,Winter 2026
O202600041,2026-01-06,C0124,"NewLand Crushed Italian Tomatoes, 400g | Barilla Rigatoni 500 g",Canned Vegetables | pasta,Canned Food | Pasta,2,2,2.85,Winter 2026
O202600042,2026-01-06,C0138,"California Garden Whole Kernal Sweet Corn, 400g | Rio Mare Tuna In Olive Oil, 2x160g | Barilla Rigatoni 500 g",Canned Vegetables | Canned Seafood | pasta,Canned Vegetables | Canned Food | Pasta,3,3,8.23,Winter 2026
O202600043,2026-01-07,C0095,"Teeba Labneh, 180g",labneh,Dairy,1,2,1.94,Winter 2026
O202600044,2026-01-07,C0053,"Maxim's Sliced Tuna With Garlic And Black Pepper 120 g | Americana Chocolate Pound Cake, 300g",Canned Seafood | Cakes and Rolls,Canned Food | Bakery,2,2,4.19,Winter 2026
O202600045,2026-01-07,C0018,"Almarai Uht Full Fat Milk with Vitamins, 4x1L",milk,Dairy,1,1,3.77,Winter 2026
O202600046,2026-01-07,C0140,Barilla Rigatoni 500 g,pasta,Pasta,1,2,3.36,Winter 2026
O202600047,2026-01-07,C0047,"Ferrero Rocher Fine Crunchy Hazelnuts Dipped in Smooth Milk Chocolate, (3 Pieces), 37.5g",Chocolate,Dairy,1,1,0.97,Winter 2026
O202600048,2026-01-07,C0041,"Koita Organic Whole Cream Milk, 1L | Barakah Al Sanabel Chiffari Lisci, 450g",Long Life Milk | pasta,Dairy | Pasta,2,4,4.15,Winter 2026
O202600049,2026-01-07,C0148,Barilla Rigatoni 500 g,pasta,Pasta,1,2,3.36,Winter 2026
O202600050,2026-01-08,C0080,"Mr.Chips Cheese Pop Corn, 58g | Barilla Rigatoni 500 g",Chips | pasta,Canned Vegetables | Pasta,2,2,2.33,Winter 2026
O202600051,2026-01-08,C0117,"Aroma Garden Magloubeh Spices, 100g",Cooking & Baking,Spices & Seasonings,1,1,2.09,Winter 2026
O202600052,2026-01-08,C0085,"Aroma Garden Biryani Spices, 100g",Cooking & Baking,Spices & Seasonings,1,2,4.18,Winter 2026
O202600053,2026-01-08,C0067,Spice Classics Basil Leaves 6.25 g,Cooking & Baking,Spices & Seasonings,1,1,1.99,Winter 2026
O202600054,2026-01-08,C0085,"Aroma Garden Magloubeh Spices, 100g",Cooking & Baking,Spices & Seasonings,1,1,2.09,Winter 2026
O202600055,2026-01-08,C0080,"Albayrouty Mushroom Slices 400 g | Barakah Al Sanabel Chiffari Lisci, 450g | Molto XL Croissant Chocolate With Hazelnut, 42.5g",Canned Vegetables | pasta | Cakes and Rolls,Canned Vegetables | Pasta | Bakery,3,3,1.65,Winter 2026
O202600056,2026-01-08,C0133,"Aroma Garden Chicken Spices, 100g | Nadec Full Fat Fresh Milk, 6x125ml",Cooking & Baking | Long Life Milk,Spices & Seasonings | Eggs,2,3,4.35,Winter 2026
O202600057,2026-01-09,C0032,"Alpro Plant-Based Barista Soya Drink, 1L",Milk Alternatives,Dairy,1,1,2.8,Winter 2026
O202600058,2026-01-09,C0038,"Lurpak Unsalted Butter, 100g",butter,Dairy,1,1,1.13,Winter 2026
O202600059,2026-01-09,C0086,"L'usine Soft Cupcakes Filled with Strawberry Cream, 18x30g",Cakes and Rolls,Dairy,1,1,1.8,Winter 2026
O202600060,2026-01-10,C0060,"Durra Lemon Seasoning, 1000ml | Pringles Sour Cream & Onion Chips Can, 165g",Cooking & Baking | Chips,Spices & Seasonings | Dairy,2,3,5.4,Winter 2026
O202600061,2026-01-10,C0119,"Rio Mare Tuna In Olive Oil, 2x160g | Maxims Sweet Corn, 340g | Tiger Rice 3.5 kg | Aroma Garden Biryani Spices, 100g",Canned Seafood | Canned Vegetables | rice | Cooking & Baking,Oil | Canned Food | Rice | Spices & Seasonings,4,5,16.39,Winter 2026
O202600062,2026-01-10,C0121,"Aroma Garden Chicken Spices, 100g | Cool Gear Water Bottle - Pink, 650ml",Cooking & Baking | back to school,Spices & Seasonings | Water,2,3,9.59,Winter 2026
O202600063,2026-01-10,C0139,"Mr.Chips Bugles Cheese Flavor Corn Snacks, 33g | Barakah Al Sanabel Chiffari Lisci, 450g",Chips | pasta,Canned Vegetables | Pasta,2,3,0.95,Winter 2026
O202600064,2026-01-10,C0121,"Aroma Garden Seven Spices, 100g | Barilla Rigatoni 500 g | Eti Adicto Gold Mini Chocolate Brown Cake, 180g",Cooking & Baking | pasta | Cakes and Rolls,Spices & Seasonings | Pasta | Chocolate,3,3,5.31,Winter 2026
O202600065,2026-01-10,C0052,"Koita Organic Whole Cream Milk, 1L",Long Life Milk,Dairy,1,1,3.1,Winter 2026
O202600066,2026-01-10,C0128,"Al-Ghazal Pasta Bucatini 1, 300g",pasta,Pasta,1,1,0.49,Winter 2026
O202600067,2026-01-10,C0071,"Barilla Rigatoni 500 g | Golden Corn Oil, 2.9L | Mr.Chips Paprika Potato Chips, 68g | Mr.Chips Chilli Potato Chips, 68g | KDD Strawberry Flavored Milk, 6x250ml",pasta | oil | Chips | Chips | Long Life Milk,Pasta | Canned Vegetables | Spices & Seasonings | Chips | Dairy,5,5,10.82,Winter 2026
O202600068,2026-01-10,C0009,"Nestle Kitkat Hazelnut 4 Fingers Chocolate, 41.5g | Koita Lactose Free Skim Milk, 1L",Chocolate | Long Life Milk,Chocolate | Dairy,2,3,7,Winter 2026
O202600069,2026-01-10,C0133,"Nadec Full Fat Fresh Milk, 6x125ml",Long Life Milk,Dairy,1,1,1.13,Winter 2026
O202600070,2026-01-10,C0119,"Teeba Yoghurt, 700g | Barilla Rigatoni 500 g",youghurt | pasta,Dairy | Pasta,2,2,2.68,Winter 2026
O202600071,2026-01-11,C0145,"Aroma Garden Magloubeh Spices, 100g",Cooking & Baking,Spices & Seasonings,1,1,2.09,Winter 2026
O202600072,2026-01-11,C0096,"Galaxy Jewels Assorted Chocolate Box, 650g | Koita Organic Almond Milk, 1L | Tiger Rice 3.5 kg",Chocolate | Milk Alternatives | rice,Chocolate | Dairy | Rice,3,3,24.65,Winter 2026
O202600073,2026-01-11,C0132,"Almarai Uht Full Fat Milk with Vitamins, 4x1L",milk,Dairy,1,1,3.77,Winter 2026
O202600074,2026-01-11,C0069,"Kasih Corn Starch Pouches, 350g | Barakah Al Sanabel Chiffari Lisci, 450g",Cooking & Baking | pasta,Canned Vegetables | Pasta,2,2,1.54,Winter 2026
O202600075,2026-01-11,C0112,"Nadec Banana Flavor Milk, 6x125ml",Long Life Milk,Dairy,1,1,1.35,Winter 2026
O202600076,2026-01-11,C0146,"Hammoudeh Fresh Yoghurt, 700g",youghurt,Dairy,1,1,1,Winter 2026
O202600077,2026-01-11,C0007,"Spuds Sour Cream & Onion Craft Cooked Chips, 65g",Chips,Dairy,1,1,0.75,Winter 2026
O202600078,2026-01-11,C0073,"Spuds Sweet & Chilli Salsa Craft Cooked Chips, 65g | Almarai Full Fat Fresh Yoghurt, 700g",Chips | youghurt,Chips | Dairy,2,3,2.67,Winter 2026
O202600079,2026-01-11,C0135,NewLand Mayonnaise Garlic Flavor 300ml,Cooking & Baking,Spices & Seasonings,1,1,1.61,Winter 2026
O202600080,2026-01-11,C0009,"Lay's Salt & Vinegar Chips, 110g | Pomi Whole Peeled Tomatoes, 400g",Chips | Canned Fruit,Chips | Canned Food,2,2,2.75,Winter 2026
O202600081,2026-01-11,C0100,"Ferrero Rocher Fine Crunchy Hazelnuts Dipped in Smooth Milk Chocolate, (3 Pieces), 37.5g | Almarai Cooking Cream, 500ml",Chocolate | cream,Chocolate | Dairy,2,4,7.3,Winter 2026
O202600082,2026-01-11,C0116,"Almarai Uht Full Fat Milk with Vitamins, 4x1L",milk,Dairy,1,1,3.77,Winter 2026
O202600083,2026-01-11,C0112,"Durra Lemon Seasoning, 1000ml",Cooking & Baking,Spices & Seasonings,1,1,1.85,Winter 2026
O202600084,2026-01-11,C0020,"L'usine Cupcakes Filled with Chocolate Cream, 18x30g | Tiger Rice 3.5 kg",Cakes and Rolls | rice,Dairy | Rice,2,2,5.45,Winter 2026
O202600085,2026-01-12,C0048,"Storck Toffifee Hazelnut In Caramel Candy, 125g | Almarai Full Fat Fresh Yoghurt, 700g | Mandi Basmati Rice 4 kg",Chocolate | youghurt | rice,Chocolate | Dairy | Rice,3,5,18.06,Winter 2026
O202600086,2026-01-12,C0131,"L'usine Soft Cupcakes Filled with Strawberry Cream, 18x30g | Molto XL Croissant Chocolate With Hazelnut, 42.5g",Cakes and Rolls | Cakes and Rolls,Dairy | Bakery,2,2,2.05,Winter 2026
O202600087,2026-01-12,C0133,"Maxim's Smoked Tuna Oil 185 g | Almarai Uht Full Fat Milk with Vitamins, 4x1L | Mandi Basmati Rice 4 kg",Canned Seafood | milk | rice,Oil | Dairy | Rice,3,3,11.39,Winter 2026
O202600088,2026-01-12,C0106,"Aroma Garden Magloubeh Spices, 100g",Cooking & Baking,Spices & Seasonings,1,3,6.27,Winter 2026
O202600089,2026-01-12,C0102,"Aroma Garden Organic Meat Spices, 120g",Cooking & Baking,Spices & Seasonings,1,1,2.09,Winter 2026
O202600090,2026-01-12,C0137,"KDD Milk Coffee Latte, 250ml | Pasta Zara Conchiglie No.54, 500g",Specialty Drinks | pasta,Dairy | Pasta,2,4,4.63,Winter 2026
O202600091,2026-01-12,C0125,"Mr.Chips Chilli Potato Chips, 68g | Almarai Full Fat Fresh Yoghurt, 700g",Chips | youghurt,Chips | Dairy,2,2,1.6,Winter 2026
O202600092,2026-01-12,C0006,"Sayad Tuna Meat With Natural Chili 160 g | Barakah Al Sanabel Chiffari Lisci, 450g",Canned Seafood | pasta,Canned Food | Pasta,2,4,1.84,Winter 2026
O202600093,2026-01-13,C0089,"Mr.Chips Cheese Pop Corn, 58g | Koita Organic Chocolate Milk Uht 200 ml | Al-Ghazal Pasta Bucatini 1, 300g",Chips | Long Life Milk | pasta,Canned Vegetables | Dairy | Pasta,3,4,3.44,Winter 2026
O202600094,2026-01-13,C0016,"California Garden Whole Kernal Sweet Corn, 400g | Barakah Al Sanabel Chiffari Lisci, 450g",Canned Vegetables | pasta,Canned Vegetables | Pasta,2,2,1.36,Winter 2026
O202600095,2026-01-13,C0070,"Pasta Zara Conchiglie No.54, 500g",pasta,Pasta,1,1,1.31,Winter 2026
O202600096,2026-01-13,C0029,Mandi Basmati Rice 4 kg,rice,Rice,1,1,4.97,Winter 2026
O202600097,2026-01-13,C0139,"Orasi Soy Milk Sugar Free, 1L",Milk Alternatives,Dairy,1,1,2.5,Winter 2026
O202600098,2026-01-13,C0100,"Abu Kass Basmati Rice, 4kg",rice,Rice,1,1,5.33,Winter 2026
O202600099,2026-01-13,C0067,"AlSafi Mixed Berries Greek Yoghurt, 150g",Yoghurts,Dairy,1,1,0.78,Winter 2026
O202600100,2026-01-13,C0011,"Aroma Garden Biryani Spices, 100g | Pasta Zara Conchiglie No.54, 500g | Alyoum Burger Buns with Sesame Seeds, 6 Pieces",Cooking & Baking | pasta | Burger Buns,Spices & Seasonings | Pasta | Bakery,3,3,3.95,Winter 2026
O202600101,2026-01-14,C0040,"Koita Low Fat Lactose Free Non Harmone Milk, 1L",Long Life Milk,Dairy,1,2,5.8,Winter 2026
O202600102,2026-01-14,C0094,"Bounty Coconut Milk Chocolate Bar, 50g",Chocolate,Dairy,1,1,0.65,Winter 2026
O202600103,2026-01-14,C0003,"Benina Chili Oil, 150ml | Tiger Rice 3.5 kg | Aroma Garden Chicken Spices, 100g",Cooking & Baking | rice | Cooking & Baking,Oil | Rice | Spices & Seasonings,3,3,7.23,Winter 2026
O202600104,2026-01-15,C0001,"Kasih Corn Starch Pouches, 350g | Al-Ghazal Pasta Bucatini 1, 300g",Cooking & Baking | pasta,Canned Vegetables | Pasta,2,2,1.63,Winter 2026
O202600105,2026-01-15,C0084,Mandi Basmati Rice 4 kg,rice,Rice,1,1,4.97,Winter 2026
O202600106,2026-01-15,C0128,"Sayad Tuna Meat With Natural Chili 160 g | Alpro Plant-Based Barista Soya Drink, 1L",Canned Seafood | Milk Alternatives,Canned Food | Dairy,2,4,5.35,Winter 2026
O202600107,2026-01-15,C0137,"Al Mazraa Jameed Pasteurized Liquid, 1L | Alyoum Burger Buns, 6 Pieces",Yoghurts | Burger Buns,Dairy | Bakery,2,2,3.2,Winter 2026
O202600108,2026-01-16,C0112,"Koita Low Fat Lactose Free Non Harmone Milk, 1L | Bifa Keks Cocoa Oval Banana Sauce Cake, 45g",Long Life Milk | Cakes and Rolls,Dairy | Bakery,2,3,3.4,Winter 2026
O202600109,2026-01-16,C0054,"Al Mazraa Jameed Pasteurized Liquid, 1L",Yoghurts,Dairy,1,1,2.75,Winter 2026
O202600110,2026-01-16,C0048,"Abu Kass Basmati Rice, 4kg",rice,Rice,1,1,5.49,Winter 2026
O202600111,2026-01-16,C0004,"Albayrouty Mushroom Slices 400 g | Pasta Zara Conchiglie No.54, 500g",Canned Vegetables | pasta,Canned Vegetables | Pasta,2,2,2.36,Winter 2026
O202600112,2026-01-16,C0074,"American Garden Red Kidney Beans (Easy Open Lids), 400g | Pasta Zara Conchiglie No.54, 500g",Canned Vegetables | pasta,Canned Vegetables | Pasta,2,2,2.04,Winter 2026
O202600113,2026-01-16,C0077,"Barakah Al Sanabel Chiffari Lisci, 450g",pasta,Pasta,1,1,0.35,Winter 2026
O202600114,2026-01-16,C0050,"Kasih Corn Starch Pouches, 350g | Barakah Al Sanabel Chiffari Lisci, 450g | L'usine Soft Cupcakes Filled with Strawberry Cream, 18x30g",Cooking & Baking | pasta | Cakes and Rolls,Canned Vegetables | Pasta | Bakery,3,3,3.34,Winter 2026
O202600115,2026-01-16,C0113,"Ard Jdadna Powder Garlic, 200g | Luna Red Kidney Beans, 380g",Cooking & Baking | Canned Vegetables,Spices & Seasonings | Canned Food,2,2,2.96,Winter 2026
O202600116,2026-01-17,C0060,Barilla Rigatoni 500 g,pasta,Pasta,1,1,1.63,Winter 2026
O202600117,2026-01-17,C0065,NewLand Mayonnaise Garlic Flavor 300ml,Cooking & Baking,Spices & Seasonings,1,2,3.22,Winter 2026
O202600118,2026-01-17,C0029,"Ard Jdadna Powder Garlic, 200g",Cooking & Baking,Spices & Seasonings,1,1,2.2,Winter 2026
O202600119,2026-01-17,C0047,"Bounty Coconut Milk Chocolate Bar, 50g",Chocolate,Dairy,1,1,0.63,Winter 2026
O202600120,2026-01-17,C0141,"Alinor Organic Plant Based Almond Barista Drink, 1L | Al-Ghazal Pasta Bucatini 1, 300g",Milk Alternatives | pasta,Eggs | Pasta,2,3,7.49,Winter 2026
O202600121,2026-01-17,C0064,"Golden Corn Oil, 2.9L | Mr.Chips Paprika Potato Chips, 68g | Barakah Al Sanabel Chiffari Lisci, 450g",oil | Chips | pasta,Canned Vegetables | Chips | Pasta,3,3,6.64,Winter 2026
O202600122,2026-01-17,C0015,"Durra Hummus Grains 400 g | Al-Ghazal Pasta Bucatini 1, 300g",Canned Vegetables | pasta,Canned Vegetables | Pasta,2,2,1.17,Winter 2026
O202600123,2026-01-17,C0077,Barilla Rigatoni 500 g,pasta,Pasta,1,1,1.63,Winter 2026
O202600124,2026-01-17,C0130,"Al-Ghazal Pasta Bucatini 1, 300g",pasta,Pasta,1,1,0.49,Winter 2026
O202600125,2026-01-17,C0023,"AL Safi Greek Yogurt Lemon Pie, 150g | Nestle Mineral Water, 6x1.5L",Yoghurts | water,Dairy | Water,2,4,7.4,Winter 2026
O202600126,2026-01-17,C0100,"Aroma Garden Magloubeh Spices, 100g | Al Youm 3% Milk Full Fat 1 L",Cooking & Baking | milk,Spices & Seasonings | Dairy,2,2,3.59,Winter 2026
O202600127,2026-01-17,C0063,"Pringles Sour Cream & Onion Chips Can, 165g",Chips,Dairy,1,1,1.7,Winter 2026
O202600128,2026-01-17,C0075,"Al Youm Labneh, 200g | Rio Mare Tuna In Olive Oil, 2x160g | Almarai Uht Full Fat Milk with Vitamins, 4x1L | Barakah Al Sanabel Chiffari Lisci, 450g",labneh | Canned Seafood | milk | pasta,Eggs | Canned Food | Dairy | Pasta,4,7,13.72,Winter 2026
O202600129,2026-01-17,C0128,"Maxim's Sliced Tuna With Garlic And Black Pepper 120 g | Koita Low Fat Lactose Free Non Harmone Milk, 1L",Canned Seafood | Long Life Milk,Spices & Seasonings | Eggs,2,5,12.67,Winter 2026
O202600130,2026-01-17,C0013,"L'usine Soft Cupcakes Filled with Strawberry Cream, 18x30g",Cakes and Rolls,Dairy,1,1,1.8,Winter 2026
O202600131,2026-01-17,C0070,Maxims Sweet Corn 180 g 3 pcs get 1 pc Free | Baladna Full Cream Milk 1 L,Canned Fruit | milk,Canned Food | Dairy,2,2,4.82,Winter 2026
O202600132,2026-01-17,C0119,"Exeter Canned Corned Beef, 340g | Lurpak Unsalted Butter, 6x50g",Canned Meat | butter,Canned Food | Eggs,2,4,15.04,Winter 2026
O202600133,2026-01-17,C0057,"Aroma Garden Organic Meat Spices, 120g | Nadec Banana Flavor Milk, 6x125ml | Bifa Keks Roll Black and White Cake, 50g",Cooking & Baking | Long Life Milk | Cakes and Rolls,Spices & Seasonings | Dairy | Bakery,3,3,3.58,Winter 2026
O202600134,2026-01-18,C0147,"Almarai Greek Style Full Fat Blueberry Yoghurt, 150g",Yoghurts,Dairy,1,1,0.87,Winter 2026
O202600135,2026-01-18,C0147,NewLand Mayonnaise Garlic Flavor 300ml | Crystal Ice Cubes 2 kg,Cooking & Baking | water,Spices & Seasonings | Water,2,2,2.6,Winter 2026
O202600136,2026-01-18,C0107,Blue Mill Garlic Powder 200 g,Cooking & Baking,Spices & Seasonings,1,1,2.8,Winter 2026
O202600137,2026-01-18,C0125,"Sunwhite Calrose Rice, 4kg",rice,Rice,1,1,4.99,Winter 2026
O202600138,2026-01-18,C0123,"Spuds Tomato Bruschetta Craft Cooked Chips, 65g | Kinder Chocolate Milk Chocolate Bars With Milky Filling (4 Bars), 50g",Chips | Chocolate,Chips | Dairy,2,4,2.85,Winter 2026
O202600139,2026-01-18,C0011,"Almarai Strawberry Banana Fat Free Protein Milk No Added Sugar, 400ml",Sports & Energy Drinks,Dairy,1,1,1.62,Winter 2026
O202600140,2026-01-18,C0138,"Almarai Greek Style Mango Yoghurt, 150g",Yoghurts,Dairy,1,1,0.9,Winter 2026
O202600141,2026-01-18,C0055,"American Garden Red Kidney Beans (Easy Open Lids), 400g | Al-Ghazal Pasta Bucatini 1, 300g",Canned Vegetables | pasta,Canned Vegetables | Pasta,2,4,2.26,Winter 2026
O202600142,2026-01-18,C0142,"Alyoum Tang Taste Yoghurt Baladi, 1kg",Yoghurts,Dairy,1,1,1.75,Winter 2026
O202600143,2026-01-18,C0064,"Teeba Yoghurt, 700g",youghurt,Dairy,1,1,1,Winter 2026
O202600144,2026-01-18,C0005,"Unium Chicken Hot Dog, 415g",Canned Meat,Canned Food,1,1,1.41,Winter 2026
O202600145,2026-01-19,C0138,"California Garden Whole Kernal Sweet Corn, 400g | Sunwhite Calrose Rice, 4kg | Barakah Al Sanabel Chiffari Lisci, 450g",Canned Vegetables | rice | pasta,Canned Vegetables | Rice | Pasta,3,5,7.09,Winter 2026
O202600146,2026-01-19,C0004,"Mr.Chips Paprika Potato Chips, 68g",Chips,Spices & Seasonings,1,1,0.6,Winter 2026
O202600147,2026-01-19,C0094,"Al Sayad Tuna In Vegetable Oil, 160g | Almarai Uht Full Fat Milk with Vitamins, 4x1L",Canned Seafood | milk,Canned Food | Dairy,2,2,4.56,Winter 2026
O202600148,2026-01-19,C0072,"Golden Corn Oil, 2.9L | Al Safi UHT Full Fat Milk, 4x1L | Al-Ghazal Pasta Bucatini 1, 300g",oil | Long Life Milk | pasta,Canned Vegetables | Dairy | Pasta,3,3,10.03,Winter 2026
O202600149,2026-01-19,C0035,"Maxim's Smoked Tuna Oil 185 g | Milka Choco Wafer, (5 Pieces), 150g",Canned Seafood | Chocolate,Canned Food | Dairy,2,3,8.06,Winter 2026
O202600150,2026-01-19,C0067,"Bifa Keks Roll Cake with Cocoa Cream, 50g",Cakes and Rolls,Dairy,1,1,0.24,Winter 2026
O202600151,2026-01-19,C0028,"Al Sayad Tuna In Vegetable Oil, 160g | Sunwhite Calrose Rice, 4kg",Canned Seafood | rice,Oil | Rice,2,2,5.61,Winter 2026
O202600152,2026-01-19,C0003,"California Garden Whole Kernal Sweet Corn, 400g",Canned Vegetables,Canned Food,1,1,1.05,Winter 2026
O202600153,2026-01-20,C0076,NewLand Mayonnaise Garlic Flavor 300ml,Cooking & Baking,Spices & Seasonings,1,2,3.22,Winter 2026
O202600154,2026-01-20,C0112,"Durra Lemon Seasoning, 1000ml",Cooking & Baking,Spices & Seasonings,1,1,1.85,Winter 2026
O202600155,2026-01-20,C0091,NewLand Mayonnaise Garlic Flavor 300ml,Cooking & Baking,Spices & Seasonings,1,2,3.22,Winter 2026
O202600156,2026-01-20,C0048,"Tiger Rice 3.5 kg | Barakah Al Sanabel Chiffari Lisci, 450g | Kasih Corn Starch Pouches, 350g | Americana Marble Pound Cake, 300g | Almarai Greek Style Full Fat Blueberry Yoghurt, 150g",rice | pasta | Cooking & Baking | Cakes and Rolls | Yoghurts,Rice | Pasta | Canned Vegetables | Bakery | Dairy,5,7,12.54,Winter 2026
O202600157,2026-01-20,C0142,"Abu Kass Basmati Rice, 4kg",rice,Rice,1,3,16.47,Winter 2026
O202600158,2026-01-20,C0074,"Teeba Yoghurt, 700g | Crystal Ice Cubes 2 kg",youghurt | water,Dairy | Water,2,3,2.98,Winter 2026
O202600159,2026-01-20,C0140,"Albayrouty Sweet Corn 340 g | Smart Chips Ketchup Flavor Stix, 75g | Barilla Rigatoni 500 g",Canned Vegetables | Chips | pasta,Canned Vegetables | Chips | Pasta,3,3,4.01,Winter 2026
O202600160,2026-01-20,C0016,"Aroma Garden Seven Spices, 100g",Cooking & Baking,Spices & Seasonings,1,1,2.09,Winter 2026
O202600161,2026-01-20,C0019,"American Garden Strawberry Topping & Filling, No Artificial Flavors, 595g | Barakah Al Sanabel Chiffari Lisci, 450g",Canned Fruit | pasta,Canned Food | Pasta,2,2,5.1,Winter 2026
O202600162,2026-01-21,C0018,"Hammoudeh Fresh Yoghurt, 700g | Lurpak Unsalted Butter, 6x50g",youghurt | butter,Eggs | Dairy,2,3,6.23,Winter 2026
O202600163,2026-01-21,C0084,"Hammoudeh Lactose Free Full Fat UHT Milk, 1L | Abu Kass Basmati Rice, 4kg",milk | rice,Dairy | Rice,2,5,19.47,Winter 2026
O202600164,2026-01-21,C0085,"KDD Strawberry Flavored Milk, 6x250ml",Long Life Milk,Dairy,1,1,2.25,Winter 2026
O202600165,2026-01-21,C0148,"Hammoudeh Lactose Free Full Fat UHT Milk, 1L | Americana Marble Pound Cake, 300g",milk | Cakes and Rolls,Dairy | Bakery,2,2,3.4,Winter 2026
O202600166,2026-01-21,C0033,"Ard Jdadna Powder Garlic, 200g | Tiger Rice 3.5 kg | Reef Diet Flax Seeds Bread, 250g",Cooking & Baking | rice | Flatbread,Spices & Seasonings | Rice | Bakery,3,3,6.55,Winter 2026
O202600167,2026-01-21,C0021,"Koita Organic Chocolate Milk Uht 200 ml | Red Bull Energy Drink Watermelon, 250ml",Long Life Milk | Sports & Energy Drinks,Dairy | Water,2,2,3.25,Winter 2026
O202600168,2026-01-21,C0112,"Exeter Canned Corned Beef, 340g | Sayad Tuna Meat With Natural Chili 160 g | Lurpak Unsalted Butter, 100g | Al-Ghazal Pasta Bucatini 1, 300g",Canned Meat | Canned Seafood | butter | pasta,Canned Vegetables | Canned Food | Dairy | Pasta,4,6,5.8,Winter 2026
O202600169,2026-01-21,C0054,"Kinder Chocolate Milk Chocolate Bars With Milky Filling (4 Bars), 50g | Crystal Ice Cubes 2 kg",Chocolate | water,Dairy | Water,2,3,2.58,Winter 2026
O202600170,2026-01-21,C0116,Baladna Full Cream Milk 1 L,milk,Dairy,1,2,2.06,Winter 2026
O202600171,2026-01-21,C0063,"Aroma Garden Magloubeh Spices, 100g | KDD Milk Coffee Latte, 250ml | Abu Kass Basmati Rice, 4kg",Cooking & Baking | Specialty Drinks | rice,Spices & Seasonings | Dairy | Rice,3,3,8.28,Winter 2026
O202600172,2026-01-21,C0016,"NewLand Crushed Italian Tomatoes, 400g",Canned Vegetables,Canned Food,1,1,1.17,Winter 2026
O202600173,2026-01-21,C0086,"Durra Hummus Grains 400 g | Ovalyo White XL Eggs, 6pcs | Pasta Zara Conchiglie No.54, 500g",Canned Vegetables | eggs | pasta,Canned Vegetables | Eggs | Pasta,3,4,3.89,Winter 2026
O202600174,2026-01-22,C0042,"Almarai Uht Full Fat Milk with Vitamins, 4x1L | Nestle Mineral Water, 6x1.5L",milk | water,Dairy | Water,2,3,8.17,Winter 2026
O202600175,2026-01-22,C0076,"Maxims Sweet Corn, 340g | Al-Ghazal Pasta Bucatini 1, 300g",Canned Vegetables | pasta,Canned Vegetables | Pasta,2,2,1.93,Winter 2026
O202600176,2026-01-22,C0060,"Koita Low Fat Lactose Free Non Harmone Milk, 1L",Long Life Milk,Dairy,1,1,2.9,Winter 2026
O202600177,2026-01-22,C0070,"Hammoudeh Lactose Free Full Fat UHT Milk, 1L",milk,Dairy,1,1,1.46,Winter 2026
O202600178,2026-01-22,C0001,"Sunwhite Calrose Rice, 4kg | Al-Ghazal Pasta Bucatini 1, 300g",rice | pasta,Rice | Pasta,2,2,5.32,Winter 2026
O202600179,2026-01-23,C0139,"Rio Mare Light Tuna in Olive Oil, 160g | Maxims Sweet Corn 180 g 3 pcs get 1 pc Free | Mandi Basmati Rice 4 kg | Aroma Garden Magloubeh Spices, 100g",Canned Seafood | Canned Fruit | rice | Cooking & Baking,Oil | Canned Food | Rice | Spices & Seasonings,4,4,14.3,Winter 2026
O202600180,2026-01-23,C0052,"Ard Jdadna Powder Garlic, 200g | Al Mazraa Jameed Pasteurized Liquid, 1L | Abu Kass Basmati Rice, 4kg",Cooking & Baking | Yoghurts | rice,Spices & Seasonings | Dairy | Rice,3,3,10.14,Winter 2026
O202600181,2026-01-23,C0038,"Ard Jdadna Powder Garlic, 200g | Hammoudeh Lactose Free Full Fat UHT Milk, 1L | Sunwhite Calrose Rice, 4kg",Cooking & Baking | milk | rice,Spices & Seasonings | Dairy | Rice,3,7,21.67,Winter 2026
O202600182,2026-01-23,C0051,"Aroma Garden Chicken Spices, 100g",Cooking & Baking,Spices & Seasonings,1,1,2.03,Winter 2026
O202600183,2026-01-23,C0122,"California Garden Whole Kernal Sweet Corn, 400g | Al-Ghazal Pasta Bucatini 1, 300g",Canned Vegetables | pasta,Canned Vegetables | Pasta,2,2,1.54,Winter 2026
O202600184,2026-01-23,C0067,"Doritos Nacho Cheese Tortilla Chips, 120g | Koita Organic Whole Cream Milk, 1L",Chips | Long Life Milk,Chips | Dairy,2,2,4.1,Winter 2026
O202600185,2026-01-23,C0111,"Orasi Soy Milk Sugar Free, 1L",Milk Alternatives,Dairy,1,1,2.5,Winter 2026
O202600186,2026-01-24,C0057,"Mazola Sunflower Oil, 1.5L | Barilla Rigatoni 500 g | Sunwhite Calrose Rice, 4kg | Benina Garlic Chili Sauce, 280g",oil | pasta | rice | Cooking & Baking,Oil | Pasta | Rice | Spices & Seasonings,4,6,14.53,Winter 2026
O202600187,2026-01-24,C0008,"Blue Mill Paprika 200 g | Abu Kass Basmati Rice, 4kg | Said Junior Cup 50 g",Cooking & Baking | rice | Chocolate,Spices & Seasonings | Rice | Chocolate,3,3,10.09,Winter 2026
O202600188,2026-01-24,C0131,"Almarai Greek Style Mango Yoghurt, 150g",Yoghurts,Dairy,1,1,0.9,Winter 2026
O202600189,2026-01-24,C0100,Spice Classics Basil Leaves 6.25 g,Cooking & Baking,Spices & Seasonings,1,1,1.99,Winter 2026
O202600190,2026-01-24,C0062,"Durra Lemon Seasoning, 1000ml",Cooking & Baking,Spices & Seasonings,1,1,1.85,Winter 2026
O202600191,2026-01-24,C0102,"Kinder Happy Hippo Biscuits with Double Cream Filling, 103.5g",Chocolate,Dairy,1,1,1.95,Winter 2026
O202600192,2026-01-24,C0029,"Rio Mare Tuna In Olive Oil, 2x160g",Canned Seafood,Canned Food,1,1,5.5,Winter 2026
O202600193,2026-01-24,C0083,"Filippo Berio Basil Flavoured Olive Oil, 250ml | Sunwhite Calrose Rice, 4kg | Aroma Garden Chicken Spices, 100g",oil | rice | Cooking & Baking,Oil | Rice | Spices & Seasonings,3,3,19.68,Winter 2026
O202600194,2026-01-24,C0046,"Ozmo Fun Shape Milk Chocolate Lollipop, 23g",Chocolate,Dairy,1,1,0.6,Winter 2026
O202600195,2026-01-24,C0105,"Maxim's Smoked Tuna Oil 185 g | Almarai Uht Full Fat Milk with Vitamins, 4x1L | Sunwhite Calrose Rice, 4kg | Aroma Garden Biryani Spices, 100g",Canned Seafood | milk | rice | Cooking & Baking,Oil | Dairy | Rice | Spices & Seasonings,4,5,17.62,Winter 2026
O202600196,2026-01-24,C0022,Blue Mill Paprika 200 g,Cooking & Baking,Spices & Seasonings,1,1,3.85,Winter 2026
O202600197,2026-01-24,C0053,Barilla Rigatoni 500 g,pasta,Pasta,1,1,1.68,Winter 2026
O202600198,2026-01-24,C0147,"Almarai Greek Style Mango Yoghurt, 150g",Yoghurts,Dairy,1,1,0.9,Winter 2026
O202600199,2026-01-25,C0090,Maxim's Sliced Tuna With Garlic And Black Pepper 120 g,Canned Seafood,Spices & Seasonings,1,1,2.29,Winter 2026
O202600200,2026-01-25,C0142,"Al-Ghazal Pasta Bucatini 1, 300g",pasta,Pasta,1,1,0.49,Winter 2026
O202600201,2026-01-25,C0077,"Exeter Canned Corned Beef, 340g",Canned Meat,Canned Food,1,1,2.35,Winter 2026
O202600202,2026-01-25,C0080,"Siniora Beef Luncheon, 200g",Canned Meat,Canned Food,1,1,1.02,Winter 2026
O202600203,2026-01-25,C0141,"Ferrero Rocher Fine Crunchy Hazelnuts Dipped in Smooth Milk Chocolate, (3 Pieces), 37.5g | Abu Kass Basmati Rice, 4kg",Chocolate | rice,Chocolate | Rice,2,2,6.49,Winter 2026
O202600204,2026-01-25,C0125,"Aroma Garden Organic Meat Spices, 120g",Cooking & Baking,Spices & Seasonings,1,1,2.09,Winter 2026
O202600205,2026-01-25,C0075,"L'usine Cupcakes Filled with Chocolate Cream, 18x30g",Cakes and Rolls,Dairy,1,3,5.4,Winter 2026
O202600206,2026-01-25,C0124,"Aroma Garden Seven Spices, 100g",Cooking & Baking,Spices & Seasonings,1,1,2.09,Winter 2026
O202600207,2026-01-25,C0146,"Ozmo Fun Shape Milk Chocolate Lollipop, 23g | Teeba Yoghurt, 700g",Chocolate | youghurt,Chocolate | Dairy,2,3,2.2,Winter 2026
O202600208,2026-01-25,C0036,"AL Safi Greek Yogurt Lemon Pie, 150g",Yoghurts,Dairy,1,1,0.8,Winter 2026
O202600209,2026-01-25,C0106,"Ozmo Hoppo Biscuit Filled with Chocolate Cream, 40g | Maxims Sweet Corn 180 g 3 pcs get 1 pc Free",Chocolate | Canned Fruit,Chocolate | Canned Food,2,2,4.39,Winter 2026
O202600210,2026-01-26,C0108,"NewLand Crushed Italian Tomatoes, 400g | Almarai Greek Style Full Fat Blueberry Yoghurt, 150g | Barakah Al Sanabel Chiffari Lisci, 450g",Canned Vegetables | Yoghurts | pasta,Canned Vegetables | Dairy | Pasta,3,3,2.35,Winter 2026
O202600211,2026-01-26,C0044,"Aroma Garden Seven Spices, 100g | Mr.Chips Bugles Cheese Flavor Corn Snacks, 33g",Cooking & Baking | Chips,Spices & Seasonings | Chips,2,2,2.39,Winter 2026
O202600212,2026-01-26,C0010,"Aroma Garden Organic Meat Spices, 120g | Ferrero Rocher Fine Crunchy Hazelnuts Dipped in Smooth Milk Chocolate, (3 Pieces), 37.5g",Cooking & Baking | Chocolate,Spices & Seasonings | Dairy,2,2,3.09,Winter 2026
O202600213,2026-01-26,C0065,"Almarai Cream Cheese, 6 Portion, 108g | Baladna Full Cream Milk 1 L",cheese | milk,Eggs | Dairy,2,3,3.07,Winter 2026
O202600214,2026-01-26,C0090,Maxim's Sliced Tuna With Garlic And Black Pepper 120 g | Barilla Rigatoni 500 g,Canned Seafood | pasta,Spices & Seasonings | Pasta,2,2,3.97,Winter 2026
O202600215,2026-01-26,C0117,"Exeter Canned Corned Beef, 340g | Al-Ghazal Pasta Bucatini 1, 300g",Canned Meat | pasta,Canned Vegetables | Pasta,2,3,3.33,Winter 2026
O202600216,2026-01-26,C0076,"Benina Garlic Chili Sauce, 280g",Cooking & Baking,Spices & Seasonings,1,1,1.49,Winter 2026
O202600217,2026-01-26,C0088,"Aroma Garden Seven Spices, 100g",Cooking & Baking,Spices & Seasonings,1,1,2.09,Winter 2026
O202600218,2026-01-26,C0046,"Blue Mill Paprika 200 g | NewLand Chicken Hot Dog 400 g | Hammoudeh Lactose Free Full Fat UHT Milk, 1L | Sunwhite Calrose Rice, 4kg",Cooking & Baking | Canned Meat | milk | rice,Spices & Seasonings | Canned Food | Eggs | Rice,4,7,21.14,Winter 2026
O202600219,2026-01-27,C0087,"NewLand American Black Beans 432 g | Barakah Al Sanabel Chiffari Lisci, 450g",Canned Vegetables | pasta,Canned Vegetables | Pasta,2,2,1.8,Winter 2026
O202600220,2026-01-27,C0147,"Ozmo Hoppo Biscuit Filled with Chocolate Cream, 40g",Chocolate,Dairy,1,1,0.6,Winter 2026
O202600221,2026-01-27,C0030,"Golden Corn Oil, 2.9L | Abu Kass Basmati Rice, 4kg | NewLand Mayonnaise Garlic Flavor 300ml",oil | rice | Cooking & Baking,Oil | Rice | Spices & Seasonings,3,4,14.4,Winter 2026
O202600222,2026-01-27,C0080,Maxim's Mushrooms 425 g 3+1,Canned Fruit,Canned Food,1,1,6.35,Winter 2026
O202600223,2026-01-27,C0088,"Eti Adicto Gold Mini Chocolate Brown Cake, 180g | Al Sayad Tuna In Vegetable Oil, 160g",Cakes and Rolls | Canned Seafood,Chocolate | Canned Food,2,3,3.28,Winter 2026
O202600224,2026-01-27,C0141,Koita Organic Chocolate Milk Uht 200 ml,Long Life Milk,Dairy,1,1,1.65,Winter 2026
O202600225,2026-01-27,C0039,"Mr.Chips Cheese Pop Corn, 58g | Mandi Basmati Rice 4 kg",Chips | rice,Chips | Rice,2,2,5.62,Winter 2026
O202600226,2026-01-27,C0048,"Pringles Sour Cream & Onion Chips Can, 165g",Chips,Dairy,1,1,1.7,Winter 2026
O202600227,2026-01-27,C0067,"Choco Lake Diamond Twist Kunafa with Peanut Butter Filling, 450g",Chocolate,Dairy,1,1,4.99,Winter 2026
O202600228,2026-01-28,C0033,"Ard Jdadna Powder Garlic, 200g",Cooking & Baking,Spices & Seasonings,1,2,3.8,Winter 2026
O202600229,2026-01-28,C0036,Blue Mill Paprika 200 g,Cooking & Baking,Spices & Seasonings,1,1,3.85,Winter 2026
O202600230,2026-01-28,C0047,"NewLand Crushed Italian Tomatoes, 400g | Barilla Rigatoni 500 g | SWYOUN 48PCS Eid Al Adha Cupcake Topper Party Decorations",Canned Vegetables | pasta | Eid al-Adha,Canned Vegetables | Pasta | Bakery,3,4,5.12,Winter 2026
O202600231,2026-01-28,C0039,"California Garden Whole Kernal Sweet Corn, 400g",Canned Vegetables,Canned Food,1,2,2.1,Winter 2026
O202600232,2026-01-28,C0044,"Spice Classics Basil Leaves 6.25 g | Maxim's Smoked Tuna Oil 185 g | Sunwhite Calrose Rice, 4kg",Cooking & Baking | Canned Seafood | rice,Spices & Seasonings | Canned Food | Rice,3,3,9.68,Winter 2026
O202600233,2026-01-28,C0104,"Koita Lactose Free Skim Milk, 1L",Long Life Milk,Dairy,1,1,3.1,Winter 2026
O202600234,2026-01-28,C0092,NewLand Mayonnaise Garlic Flavor 300ml,Cooking & Baking,Spices & Seasonings,1,1,1.61,Winter 2026
O202600235,2026-01-28,C0035,"Aroma Garden Seven Spices, 100g | Tiger Rice 3.5 kg",Cooking & Baking | rice,Spices & Seasonings | Rice,2,3,9.39,Winter 2026
O202600236,2026-01-28,C0134,"Nadec Long Life Full Fat UHT Milk, 4x1L | Soccer 50 FT Smart Outdoor String Lights Waterproof",Long Life Milk | World Cup,Dairy | Water,2,2,5.25,Winter 2026
O202600237,2026-01-29,C0048,Maxim's Smoked Tuna Oil 185 g | Mandi Basmati Rice 4 kg | NewLand Mayonnaise Garlic Flavor 300ml,Canned Seafood | rice | Cooking & Baking,Oil | Rice | Spices & Seasonings,3,3,9.58,Winter 2026
O202600238,2026-01-29,C0059,"Al-Ghazal Pasta Bucatini 1, 300g",pasta,Pasta,1,2,0.98,Winter 2026
O202600239,2026-01-29,C0097,"Kinder Chocolate Milk Chocolate Bars With Milky Filling (4 Bars), 50g",Chocolate,Dairy,1,1,0.6,Winter 2026
O202600240,2026-01-29,C0134,"Hammoudeh Fresh Yoghurt, 700g",youghurt,Dairy,1,1,1,Winter 2026
O202600241,2026-01-29,C0116,"Aroma Garden Biryani Spices, 100g",Cooking & Baking,Spices & Seasonings,1,2,4.18,Winter 2026
O202600242,2026-01-29,C0002,"Kinder Bueno Milk Chocolate Bar in Wafer with Hazelnut Cream, 43g",Chocolate,Dairy,1,1,0.75,Winter 2026
O202600243,2026-01-29,C0015,"Luna Red Kidney Beans, 380g | Barilla Rigatoni 500 g",Canned Vegetables | pasta,Canned Vegetables | Pasta,2,2,2.44,Winter 2026
O202600244,2026-01-29,C0114,"Aroma Garden Magloubeh Spices, 100g",Cooking & Baking,Spices & Seasonings,1,1,2.03,Winter 2026
O202600245,2026-01-29,C0106,"Durra Tuna Solid with Chilli Pepper, 160g",Canned Seafood,Canned Food,1,2,2.08,Winter 2026
O202600246,2026-01-29,C0071,"Aroma Garden Biryani Spices, 100g | Nadec Milk Chocolate Milk, 6x125ml",Cooking & Baking | Long Life Milk,Spices & Seasonings | Dairy,2,2,3.44,Winter 2026
O202600247,2026-01-29,C0003,"Aroma Garden Seven Spices, 100g | Mandi Basmati Rice 4 kg | AL Safi Greek Yogurt Lemon Pie, 150g | Al-Ghazal Pasta Bucatini 1, 300g",Cooking & Baking | rice | Yoghurts | pasta,Spices & Seasonings | Rice | Dairy | Pasta,4,4,8.35,Winter 2026
O202600248,2026-01-30,C0065,Spice Classics Basil Leaves 6.25 g,Cooking & Baking,Spices & Seasonings,1,1,1.99,Winter 2026
O202600249,2026-01-30,C0098,"Ard Jdadna Powder Garlic, 200g",Cooking & Baking,Spices & Seasonings,1,1,1.9,Winter 2026
O202600250,2026-01-30,C0105,"Ard Jdadna Powder Garlic, 200g",Cooking & Baking,Spices & Seasonings,1,1,2.2,Winter 2026
O202600251,2026-01-30,C0005,Mandi Basmati Rice 4 kg,rice,Rice,1,1,4.82,Winter 2026
O202600252,2026-01-30,C0112,"NewLand Crushed Italian Tomatoes, 400g | Eti PopkekÂ Cocoa Cake, 35g",Canned Vegetables | Cakes and Rolls,Canned Food | Bakery,2,2,1.47,Winter 2026
O202600253,2026-01-30,C0058,Blue Mill Garlic Powder 200 g,Cooking & Baking,Spices & Seasonings,1,1,2.89,Winter 2026
O202600254,2026-01-31,C0139,"Maxims Sweet Corn 180 g 3 pcs get 1 pc Free | Mandi Basmati Rice 4 kg | Barakah Al Sanabel Chiffari Lisci, 450g",Canned Fruit | rice | pasta,Canned Vegetables | Rice | Pasta,3,5,19.05,Winter 2026
O202600255,2026-01-31,C0101,"Pascual Vive Soy High Calcium Oat Drink, 1L",Milk Alternatives,Dairy,1,2,7,Winter 2026
O202600256,2026-01-31,C0078,Mandi Basmati Rice 4 kg,rice,Rice,1,1,4.97,Winter 2026
O202600257,2026-01-31,C0032,"Golden Corn Oil, 2.9L | Sunwhite Calrose Rice, 4kg | Ard Jdadna Powder Garlic, 200g",oil | rice | Cooking & Baking,Oil | Rice | Spices & Seasonings,3,3,12.88,Winter 2026
O202600258,2026-01-31,C0129,"Mr.Chips Paprika Snack Mix, 78g | Spuds Prime Ribs Craft Cooked Chips, 65g",Chips | Chips,Spices & Seasonings | Chips,2,2,1.35,Winter 2026
O202600259,2026-01-31,C0045,"Koita Lactose Free Skim Milk, 1L",Long Life Milk,Dairy,1,1,3.1,Winter 2026
O202600260,2026-01-31,C0110,Barilla Rigatoni 500 g,pasta,Pasta,1,1,1.68,Winter 2026
O202600261,2026-01-31,C0137,"Aroma Garden Magloubeh Spices, 100g | Mr.Chips Bugles Cheese Flavor Corn Snacks, 33g | Barakah Al Sanabel Chiffari Lisci, 450g",Cooking & Baking | Chips | pasta,Spices & Seasonings | Canned Vegetables | Pasta,3,6,3.58,Winter 2026
O202600262,2026-01-31,C0115,"Abu Kass Basmati Rice, 4kg",rice,Rice,1,1,5.33,Winter 2026
O202600263,2026-02-01,C0077,"Nadec Banana Flavor Milk, 6x125ml",Long Life Milk,Dairy,1,1,1.35,Winter 2026
O202600264,2026-02-01,C0057,Barilla Rigatoni 500 g,pasta,Pasta,1,1,1.68,Winter 2026
O202600265,2026-02-01,C0130,"Blue Mill Garlic Powder 200 g | Milka Choco Wafer, (5 Pieces), 150g | Mandi Basmati Rice 4 kg | Benina Chili Oil, 150ml",Cooking & Baking | Chocolate | rice | Cooking & Baking,Spices & Seasonings | Dairy | Rice | Oil,4,4,11.66,Winter 2026
O202600266,2026-02-01,C0098,Mandi Basmati Rice 4 kg,rice,Rice,1,1,4.82,Winter 2026
O202600267,2026-02-01,C0087,"Rio Mare Light Tuna in Olive Oil, 160g",Canned Seafood,Canned Food,1,1,3.35,Winter 2026
O202600268,2026-02-01,C0139,"Smart Chips Crunchy Rings Pizza Flavor, 80g | Pasta Zara Conchiglie No.54, 500g",Chips | pasta,Chips | Pasta,2,2,2.31,Winter 2026
O202600269,2026-02-01,C0039,"Aroma Garden Organic Meat Spices, 120g",Cooking & Baking,Spices & Seasonings,1,1,2.03,Winter 2026
O202600270,2026-02-01,C0033,"Almarai Strawberry Banana Fat Free Protein Milk No Added Sugar, 400ml",Sports & Energy Drinks,Dairy,1,1,1.57,Winter 2026
O202600271,2026-02-01,C0108,"Benina Chili Oil, 150ml | Tiger Rice 3.5 kg | Durra Lemon Seasoning, 1000ml",Cooking & Baking | rice | Cooking & Baking,Oil | Rice | Spices & Seasonings,3,3,6.99,Winter 2026
O202600272,2026-02-01,C0053,"Galaxy Smooth Milk Chocolate Bar,Â 30g",Chocolate,Dairy,1,1,0.77,Winter 2026
O202600273,2026-02-01,C0038,"Bounty Coconut Milk Chocolate Bar, 50g",Chocolate,Dairy,1,1,0.65,Winter 2026
O202600274,2026-02-01,C0021,"California Garden Whole Kernal Sweet Corn, 400g | Al-Ghazal Pasta Bucatini 1, 300g",Canned Vegetables | pasta,Canned Vegetables | Pasta,2,2,1.54,Winter 2026
O202600275,2026-02-02,C0066,"Afia Pure Corn Oil, 1.5L | Mandi Basmati Rice 4 kg | Mr.Chips Paprika Snack Mix, 78g",oil | rice | Chips,Oil | Rice | Spices & Seasonings,3,3,9.56,Winter 2026
O202600276,2026-02-02,C0133,"Sayad Tuna Meat With Natural Chili 160 g | Ferrero Rocher Fine Crunchy Hazelnuts Dipped in Smooth Milk Chocolate, (3 Pieces), 37.5g",Canned Seafood | Chocolate,Canned Food | Dairy,2,3,2.7,Winter 2026
O202600277,2026-02-02,C0093,"Mythic Sensation Mini Milk Chocolate 30 g | Unium Chicken Hot Dog, 415g",Chocolate | Canned Meat,Chocolate | Canned Food,2,4,3.1,Winter 2026
O202600278,2026-02-02,C0141,Barilla Rigatoni 500 g,pasta,Pasta,1,1,1.68,Winter 2026
O202600279,2026-02-02,C0004,"Durra Lemon Seasoning, 1000ml",Cooking & Baking,Spices & Seasonings,1,1,1.85,Winter 2026
O202600280,2026-02-02,C0138,"Mr.Chips Cheese Potato Chips, 68g | Tiger Rice 3.5 kg",Chips | rice,Chips | Rice,2,2,4.25,Winter 2026
O202600281,2026-02-02,C0035,"Koita Organic Chocolate Milk Uht 200 ml | Pascual Vive Soy High Calcium Oat Drink, 1L",Long Life Milk | Milk Alternatives,Chocolate | Dairy,2,2,5.15,Winter 2026
O202600282,2026-02-02,C0002,NewLand Pineapple Slices In Light Syrup 565 g,Canned Fruit,Canned Food,1,1,1.89,Winter 2026
O202600283,2026-02-02,C0108,"The Bridge Bio Organic Almond Sugar Free Drink, 1L",Milk Alternatives,Dairy,1,3,12.6,Winter 2026
O202600284,2026-02-02,C0067,"Nadec Long Life Full Fat UHT Milk, 4x1L",Long Life Milk,Dairy,1,1,3.25,Winter 2026
O202600285,2026-02-02,C0035,"Al Youm Labneh, 200g",labneh,Dairy,1,1,1.25,Winter 2026
O202600286,2026-02-03,C0031,"Alyoum Fresh Jameed Liquid, 1kg",Yoghurts,Dairy,1,1,1.7,Winter 2026
O202600287,2026-02-03,C0001,Mandi Basmati Rice 4 kg,rice,Rice,1,1,4.97,Winter 2026
O202600288,2026-02-03,C0031,"Al Sayad Tuna In Vegetable Oil, 160g | Molto XL Croissant Chocolate With Hazelnut, 42.5g",Canned Seafood | Cakes and Rolls,Canned Food | Bakery,2,2,1.04,Winter 2026
O202600289,2026-02-03,C0055,"Kinder Happy Hippo Biscuits with Double Cream Filling, 103.5g",Chocolate,Dairy,1,1,1.95,Winter 2026
O202600290,2026-02-03,C0056,"Aroma Garden Chicken Spices, 100g | Abu Kass Basmati Rice, 4kg | Barilla Rigatoni 500 g",Cooking & Baking | rice | pasta,Spices & Seasonings | Rice | Pasta,3,3,9.26,Winter 2026
O202600291,2026-02-03,C0061,"Filippo Berio Basil Flavoured Olive Oil, 250ml | Tiger Rice 3.5 kg",oil | rice,Oil | Rice,2,2,16.25,Winter 2026
O202600292,2026-02-03,C0087,Mandi Basmati Rice 4 kg,rice,Rice,1,1,4.97,Winter 2026
O202600293,2026-02-03,C0132,"Durra Tuna Solid with Chilli Pepper, 160g | Al Mazraa Jameed Pasteurized Liquid, 1L",Canned Seafood | Yoghurts,Canned Food | Dairy,2,3,4.83,Winter 2026
O202600294,2026-02-03,C0110,"KDD Strawberry Flavored Milk, 6x250ml | Teeba 9% Fat Labneh, 500g",Long Life Milk | labneh,Eggs | Dairy,2,2,4.5,Winter 2026
O202600295,2026-02-03,C0030,"Teeba 9% Fat Labneh, 500g",labneh,Dairy,1,1,2.25,Winter 2026
O202600296,2026-02-03,C0098,"Albayrouty Sweet Corn 340 g | Al-Ghazal Pasta Bucatini 1, 300g",Canned Vegetables | pasta,Canned Vegetables | Pasta,2,2,1.54,Winter 2026
O202600297,2026-02-04,C0084,"Nadec Full Fat Fresh Milk, 6x125ml",Long Life Milk,Dairy,1,1,1.13,Winter 2026
O202600298,2026-02-04,C0110,"Rio Mare Tuna In Olive Oil, 2x160g | Mythic Sensation Mini Milk Chocolate 30 g",Canned Seafood | Chocolate,Canned Food | Dairy,2,3,6.6,Winter 2026
O202600299,2026-02-04,C0129,Baladna Full Cream Milk 1 L,milk,Dairy,1,1,1,Winter 2026
O202600300,2026-02-04,C0057,"Rio Mare Tuna In Olive Oil, 2x160g | Abu Kass Basmati Rice, 4kg | Aroma Garden Seven Spices, 100g",Canned Seafood | rice | Cooking & Baking,Oil | Rice | Spices & Seasonings,3,3,12.69,Winter 2026
O202600301,2026-02-04,C0048,"Alyoum Yoghurt, 1kg",youghurt,Dairy,1,1,1.27,Winter 2026
O202600302,2026-02-04,C0060,"Aroma Garden Chicken Spices, 100g",Cooking & Baking,Spices & Seasonings,1,1,2.09,Winter 2026
O202600303,2026-02-04,C0148,"Al Sayad Tuna In Vegetable Oil, 160g | Abu Kass Basmati Rice, 4kg | Eti Pop Kek Cocoa Cake, 200g",Canned Seafood | rice | Cakes and Rolls,Oil | Rice | Bakery,3,4,13.72,Winter 2026
O202600304,2026-02-04,C0096,Mythic Sensation Mini Milk Chocolate 30 g,Chocolate,Dairy,1,1,0.55,Winter 2026
O202600305,2026-02-04,C0065,"Mazola Sunflower Oil, 1.5L | Mandi Basmati Rice 4 kg | Mr.Chips Paprika Potato Chips, 68g",oil | rice | Chips,Oil | Rice | Spices & Seasonings,3,3,8.96,Winter 2026
O202600306,2026-02-05,C0078,"Aroma Garden Biryani Spices, 100g | Mandi Basmati Rice 4 kg",Cooking & Baking | rice,Spices & Seasonings | Rice,2,2,7.06,Winter 2026
O202600307,2026-02-05,C0078,"Barakah Al Sanabel Chiffari Lisci, 450g",pasta,Pasta,1,1,0.34,Winter 2026
O202600308,2026-02-05,C0134,"NewLand Sliced Black Olives 345 g | Pasta Zara Conchiglie No.54, 500g | Americana Orange Pound Cake, 300g",Canned Vegetables | pasta | Cakes and Rolls,Canned Vegetables | Pasta | Bakery,3,4,6.12,Winter 2026
O202600309,2026-02-05,C0073,"Al-Ghazal Pasta Bucatini 1, 300g",pasta,Pasta,1,1,0.49,Winter 2026
O202600310,2026-02-05,C0150,"Galaxy Hazelnut Chocolate Bar, 30g | Almarai Strawberry Banana Fat Free Protein Milk No Added Sugar, 400ml",Chocolate | Sports & Energy Drinks,Chocolate | Dairy,2,3,3.16,Winter 2026
O202600311,2026-02-05,C0091,Maxim's Smoked Tuna Oil 185 g,Canned Seafood,Canned Food,1,1,3,Winter 2026
O202600312,2026-02-05,C0042,"Mr.Chips Waves Honey Mustard Chips, 50g | Teeba 9% Fat Labneh, 500g | Barilla Rigatoni 500 g",Chips | labneh | pasta,Chips | Dairy | Pasta,3,4,6.26,Winter 2026
O202600313,2026-02-05,C0092,"Almarai Unsalted Natural Butter, 200g",butter,Dairy,1,2,4.1,Winter 2026
O202600314,2026-02-05,C0094,"Ard Jdadna Powder Garlic, 200g | Bifa Keks Roll Cake with Cocoa Cream, 50g",Cooking & Baking | Cakes and Rolls,Spices & Seasonings | Bakery,2,2,2.45,Winter 2026
O202600315,2026-02-05,C0041,"Kasih Vegetable Oil Cooking Spray, 141g | Alyoum Yoghurt, 1kg | Abu Kass Basmati Rice, 4kg | Benina Garlic Chili Sauce, 280g",oil | youghurt | rice | Cooking & Baking,Oil | Dairy | Rice | Spices & Seasonings,4,8,25.98,Winter 2026
O202600316,2026-02-06,C0146,"Maxim's Smoked Tuna Oil 185 g | Teeba 9% Fat Labneh, 500g | Tiger Rice 3.5 kg | Aroma Garden Biryani Spices, 100g",Canned Seafood | labneh | rice | Cooking & Baking,Oil | Eggs | Rice | Spices & Seasonings,4,7,17.42,Winter 2026
O202600317,2026-02-06,C0059,"Choco Lake Diamond Twist Kunafa with Peanut Butter Filling, 450g | Barakah Al Sanabel Chiffari Lisci, 450g",Chocolate | pasta,Chocolate | Pasta,2,2,5.34,Winter 2026
O202600318,2026-02-06,C0119,"Alyoum Tang Taste Yoghurt Baladi, 1kg",Yoghurts,Dairy,1,1,1.7,Winter 2026
O202600319,2026-02-06,C0066,Maxims Sweet Corn 180 g 3 pcs get 1 pc Free,Canned Fruit,Canned Food,1,1,3.79,Winter 2026
O202600320,2026-02-06,C0058,"Maxim's Smoked Tuna Oil 185 g | Bifa Keks Roll Black and White Cake, 50g",Canned Seafood | Cakes and Rolls,Canned Food | Bakery,2,2,3.25,Winter 2026
O202600321,2026-02-06,C0082,"Aroma Garden Seven Spices, 100g | Mandi Basmati Rice 4 kg",Cooking & Baking | rice,Spices & Seasonings | Rice,2,4,17,Winter 2026
O202600322,2026-02-06,C0125,"Durra Lemon Seasoning, 1000ml | Choco Lake Diamond Twist Kunafa with Peanut Butter Filling, 450g | Sunwhite Calrose Rice, 4kg",Cooking & Baking | Chocolate | rice,Spices & Seasonings | Dairy | Rice,3,4,16.82,Winter 2026
O202600323,2026-02-06,C0010,Sayad Tuna Meat With Natural Chili 160 g,Canned Seafood,Canned Food,1,1,0.85,Winter 2026
O202600324,2026-02-07,C0091,"Maxim's Sliced Tuna With Garlic And Black Pepper 120 g | Pasta Zara Conchiglie No.54, 500g | Mandi Basmati Rice 4 kg",Canned Seafood | pasta | rice,Spices & Seasonings | Pasta | Rice,3,4,9.88,Winter 2026
O202600325,2026-02-07,C0025,"Abu Kass Basmati Rice, 4kg | Crystal Ice Cubes 2 kg",rice | water,Rice | Water,2,2,6.48,Winter 2026
O202600326,2026-02-07,C0046,"Ozmo Hoppo Biscuit Filled with Chocolate Cream, 40g | Teeba Labneh, 180g",Chocolate | labneh,Chocolate | Dairy,2,2,1.6,Winter 2026
O202600327,2026-02-07,C0031,"Luna Red Kidney Beans, 380g | Pasta Zara Conchiglie No.54, 500g | Kinza Soda Water Can, 250ml",Canned Vegetables | pasta | water,Canned Vegetables | Pasta | Water,3,5,3.06,Winter 2026
O202600328,2026-02-07,C0098,"Rio Mare Tuna In Olive Oil, 2x160g | Mandi Basmati Rice 4 kg | Aroma Garden Organic Meat Spices, 120g",Canned Seafood | rice | Cooking & Baking,Oil | Rice | Spices & Seasonings,3,3,12.56,Winter 2026
O202600329,2026-02-07,C0088,"Baladna Coffee with Milk Low Fat Cow Milk, 250ml",Specialty Drinks,Dairy,1,1,0.8,Winter 2026
O202600330,2026-02-07,C0115,"Al Youm Labneh, 200g | Abu Kass Basmati Rice, 4kg",labneh | rice,Dairy | Rice,2,2,6.74,Winter 2026
O202600331,2026-02-07,C0123,"Spice Classics Basil Leaves 6.25 g | Sunwhite Calrose Rice, 4kg",Cooking & Baking | rice,Spices & Seasonings | Rice,2,5,18.95,Winter 2026
O202600332,2026-02-07,C0130,"Ard Jdadna Powder Garlic, 200g",Cooking & Baking,Spices & Seasonings,1,1,1.9,Winter 2026
O202600333,2026-02-07,C0076,"Almarai Cooking Cream, 500ml",cream,Dairy,1,1,2.65,Winter 2026
O202600334,2026-02-07,C0053,"Aroma Garden Magloubeh Spices, 100g | Alinor Organic Plant Based Almond Barista Drink, 1L",Cooking & Baking | Milk Alternatives,Spices & Seasonings | Dairy,2,2,5.59,Winter 2026
O202600335,2026-02-07,C0012,"Alyoum Tang Taste Yoghurt Baladi, 1kg",Yoghurts,Dairy,1,1,1.7,Winter 2026
O202600336,2026-02-07,C0034,"L'usine Cupcakes Filled with Chocolate Cream, 18x30g",Cakes and Rolls,Dairy,1,1,1.75,Winter 2026
O202600337,2026-02-07,C0073,"Maxim's Smoked Tuna Oil 185 g | The Bridge Bio Organic Almond Sugar Free Drink, 1L | Mandi Basmati Rice 4 kg | Blue Mill Garlic Powder 200 g",Canned Seafood | Milk Alternatives | rice | Cooking & Baking,Oil | Dairy | Rice | Spices & Seasonings,4,4,15.06,Winter 2026
O202600338,2026-02-07,C0118,"Abu Kass Basmati Rice, 4kg",rice,Rice,1,1,5.49,Winter 2026
O202600339,2026-02-07,C0148,"Abu Kass Basmati Rice, 4kg",rice,Rice,1,1,5.49,Winter 2026
O202600340,2026-02-07,C0051,"Al-Ghazal Pasta Bucatini 1, 300g",pasta,Pasta,1,1,0.49,Winter 2026
O202600341,2026-02-08,C0109,"Aroma Garden Seven Spices, 100g | Almarai Cooking Cream, 500ml",Cooking & Baking | cream,Spices & Seasonings | Eggs,2,4,10.04,Winter 2026
O202600342,2026-02-08,C0081,"Aroma Garden Seven Spices, 100g",Cooking & Baking,Spices & Seasonings,1,1,2.09,Winter 2026
O202600343,2026-02-08,C0059,"Koita UHT Lactose Free Whole Fat Milk, 1L | L'usine Cupcakes Filled with Chocolate Cream, 18x30g",Long Life Milk | Cakes and Rolls,Dairy | Bakery,2,2,4.89,Winter 2026
O202600344,2026-02-08,C0114,Albayrouty Mushroom Slices 400 g,Canned Vegetables,Canned Food,1,2,2.1,Winter 2026
O202600345,2026-02-08,C0041,"Baladna Coffee with Milk Low Fat Cow Milk, 250ml | Americana Marble Pound Cake, 300g",Specialty Drinks | Cakes and Rolls,Dairy | Bakery,2,3,3.5,Winter 2026
O202600346,2026-02-08,C0137,"Lurpak Unsalted Butter, 6x50g",butter,Dairy,1,1,4.1,Winter 2026
O202600347,2026-02-08,C0027,"Aroma Garden Chicken Spices, 100g | Maxim's Sliced Tuna With Garlic And Black Pepper 120 g | Lay's French Cheese Potato Chips, 110g",Cooking & Baking | Canned Seafood | Chips,Spices & Seasonings | Canned Food | Chips,3,5,9.96,Winter 2026
O202600348,2026-02-08,C0032,"Five Cows Thick Cream, 4x125ml",cream,Dairy,1,1,1.75,Winter 2026
O202600349,2026-02-08,C0133,"Lurpak Unsalted Butter, 100g | Kinza Soda Water Can, 250ml",butter | water,Dairy | Water,2,2,1.49,Winter 2026
O202600350,2026-02-08,C0007,"Ard Jdadna Powder Garlic, 200g",Cooking & Baking,Spices & Seasonings,1,1,1.9,Winter 2026
O202600351,2026-02-08,C0118,"Ferrero Rocher Fine Crunchy Hazelnuts Dipped in Smooth Milk Chocolate, (3 Pieces), 37.5g",Chocolate,Dairy,1,1,1,Winter 2026
O202600352,2026-02-08,C0134,"Maxim's Smoked Tuna Oil 185 g | Lurpak Unsalted Butter, 100g",Canned Seafood | butter,Canned Food | Dairy,2,2,4.13,Winter 2026
O202600353,2026-02-08,C0102,Maxim's Sliced Tuna With Garlic And Black Pepper 120 g,Canned Seafood,Spices & Seasonings,1,1,2.29,Winter 2026
O202600354,2026-02-09,C0127,"Pringles Sour Cream & Onion Chips Can, 165g | Soccer 50 FT Smart Outdoor String Lights Waterproof",Chips | World Cup,Dairy | Water,2,3,5.3,Winter 2026
O202600355,2026-02-09,C0138,"Maxims Sweet Corn, 340g",Canned Vegetables,Canned Food,1,2,3,Winter 2026
O202600356,2026-02-09,C0035,"Spice Classics Basil Leaves 6.25 g | Lurpak Unsalted Butter, 100g",Cooking & Baking | butter,Spices & Seasonings | Dairy,2,3,4.25,Winter 2026
O202600357,2026-02-09,C0052,"Pasta Zara Conchiglie No.54, 500g",pasta,Pasta,1,3,3.93,Winter 2026
O202600358,2026-02-09,C0140,Baladna Full Cream Milk 1 L,milk,Dairy,1,1,1.03,Winter 2026
O202600359,2026-02-09,C0072,Barilla Rigatoni 500 g,pasta,Pasta,1,1,1.68,Winter 2026
O202600360,2026-02-09,C0053,"Barakah Al Sanabel Chiffari Lisci, 450g",pasta,Pasta,1,1,0.35,Winter 2026
O202600361,2026-02-09,C0057,"Koita Organic Almond Milk, 1L | Pasta Zara Conchiglie No.54, 500g",Milk Alternatives | pasta,Dairy | Pasta,2,2,4.86,Winter 2026
O202600362,2026-02-09,C0060,"Spice Classics Basil Leaves 6.25 g | KDD Thick Cream, 4x125ml | Al-Ghazal Pasta Bucatini 1, 300g",Cooking & Baking | cream | pasta,Spices & Seasonings | Dairy | Pasta,3,5,5.18,Winter 2026
O202600363,2026-02-09,C0135,"Hammoudeh Lactose Free Full Fat UHT Milk, 1L",milk,Dairy,1,1,1.5,Winter 2026
O202600364,2026-02-10,C0019,"Bounty Coconut Milk Chocolate Bar, 50g",Chocolate,Dairy,1,1,0.63,Winter 2026
O202600365,2026-02-10,C0060,"Al-Ghazal Pasta Bucatini 1, 300g",pasta,Pasta,1,1,0.48,Winter 2026
O202600366,2026-02-10,C0011,"Rio Mare Light Tuna in Olive Oil, 160g | Sunwhite Calrose Rice, 4kg | Blue Mill Garlic Powder 200 g",Canned Seafood | rice | Cooking & Baking,Oil | Rice | Spices & Seasonings,3,3,11.33,Winter 2026
O202600367,2026-02-10,C0004,NewLand Chicken Hot Dog 400 g,Canned Meat,Canned Food,1,1,1.6,Winter 2026
O202600368,2026-02-10,C0031,"Koita Organic Almond Milk, 1L",Milk Alternatives,Dairy,1,1,3.7,Winter 2026
O202600369,2026-02-10,C0060,"Mr.Chips Paprika Potato Chips, 68g | The Bridge Bio Organic Almond Sugar Free Drink, 1L | Sunwhite Calrose Rice, 4kg | Al Sayad Tuna In Vegetable Oil, 160g",Chips | Milk Alternatives | rice | Canned Seafood,Spices & Seasonings | Dairy | Rice | Oil,4,5,10.84,Winter 2026
O202600370,2026-02-10,C0050,"NewLand American Black Beans 432 g | Al-Ghazal Pasta Bucatini 1, 300g",Canned Vegetables | pasta,Canned Vegetables | Pasta,2,2,1.94,Winter 2026
O202600371,2026-02-10,C0079,"Durra Lemon Seasoning, 1000ml | Al Mazraa Jameed Pasteurized Liquid, 1L",Cooking & Baking | Yoghurts,Spices & Seasonings | Eggs,2,5,11.95,Winter 2026
O202600372,2026-02-10,C0031,"Ovalyo White XL Eggs, 6pcs | Pasta Zara Conchiglie No.54, 500g",eggs | pasta,Eggs | Pasta,2,3,3.21,Winter 2026
O202600373,2026-02-10,C0021,"Luna Red Kidney Beans, 380g | Pascual Vive Soy High Calcium Soy Drink, 1L",Canned Vegetables | Milk Alternatives,Canned Food | Dairy,2,2,4.26,Winter 2026
O202600374,2026-02-10,C0107,"Eti Aditco Chocolate Cake, 36g | Five Cows Thick Cream, 4x125ml",Cakes and Rolls | cream,Chocolate | Dairy,2,2,2.14,Winter 2026
O202600375,2026-02-11,C0110,"The Bridge Bio Organic Almond Sugar Free Drink, 1L | Cool Gear Cactus Water Bottle with Freeze Stick, 650ml",Milk Alternatives | back to school,Dairy | Water,2,4,15.45,Winter 2026
O202600376,2026-02-11,C0137,"Benina Garlic Chili Sauce, 280g | Cool Gear Water Bottle - Pink, 650ml",Cooking & Baking | back to school,Spices & Seasonings | Water,2,2,5.24,Winter 2026
O202600377,2026-02-11,C0097,"Aroma Garden Chicken Spices, 100g | Albayrouty Sweet Corn 340 g | Sunwhite Calrose Rice, 4kg | Kasih Vegetable Oil Cooking Spray, 141g",Cooking & Baking | Canned Vegetables | rice | oil,Spices & Seasonings | Canned Food | Rice | Oil,4,4,10.38,Winter 2026
O202600378,2026-02-11,C0080,Baladna Full Cream Milk 1 L,milk,Dairy,1,1,1.03,Winter 2026
O202600379,2026-02-11,C0051,"NewLand Crushed Italian Tomatoes, 400g",Canned Vegetables,Canned Food,1,1,1.17,Winter 2026
O202600380,2026-02-11,C0142,Zwan Chicken Hotdogs Ã— 2 Special Offer,Canned Meat,Canned Food,1,1,4.5,Winter 2026
O202600381,2026-02-11,C0101,"Almarai Greek Style Mango Yoghurt, 150g | Mandi Basmati Rice 4 kg",Yoghurts | rice,Eggs | Rice,2,3,10.84,Winter 2026
O202600382,2026-02-11,C0124,"Mazola Sunflower Oil, 1.5L | Sunwhite Calrose Rice, 4kg | Blue Mill Garlic Powder 200 g",oil | rice | Cooking & Baking,Oil | Rice | Spices & Seasonings,3,5,21.25,Winter 2026
O202600383,2026-02-11,C0066,"Barakah Al Sanabel Chiffari Lisci, 450g",pasta,Pasta,1,1,0.35,Winter 2026
O202600384,2026-02-12,C0103,"Barakah Al Sanabel Chiffari Lisci, 450g",pasta,Pasta,1,1,0.35,Winter 2026
O202600385,2026-02-12,C0133,"Durra Lemon Seasoning, 1000ml | L'usine Cupcakes Filled with Chocolate Cream, 18x30g",Cooking & Baking | Cakes and Rolls,Spices & Seasonings | Chocolate,2,2,3.65,Winter 2026
O202600386,2026-02-12,C0001,Mandi Basmati Rice 4 kg,rice,Rice,1,3,14.91,Winter 2026
O202600387,2026-02-12,C0141,Barilla Rigatoni 500 g,pasta,Pasta,1,1,1.68,Winter 2026
O202600388,2026-02-12,C0008,"Benina Garlic Chili Sauce, 280g | Milka Choco Wafer, (5 Pieces), 150g",Cooking & Baking | Chocolate,Spices & Seasonings | Dairy,2,4,6.78,Winter 2026
O202600389,2026-02-12,C0069,"KDD Thick Cream, 4x125ml",cream,Dairy,1,1,1.72,Winter 2026
O202600390,2026-02-12,C0129,"Pasta Zara Conchiglie No.54, 500g",pasta,Pasta,1,1,1.31,Winter 2026
O202600391,2026-02-12,C0117,"Pascual Vive Soy High Calcium Soy Drink, 1L",Milk Alternatives,Dairy,1,1,3.4,Winter 2026
O202600392,2026-02-12,C0094,"Maxim's Smoked Tuna Oil 185 g | Abu Kass Basmati Rice, 4kg | Blue Mill Paprika 200 g",Canned Seafood | rice | Cooking & Baking,Oil | Rice | Spices & Seasonings,3,5,23.32,Winter 2026
O202600393,2026-02-12,C0075,"Abu Kass Basmati Rice, 4kg",rice,Rice,1,1,5.49,Winter 2026
O202600394,2026-02-13,C0076,"Al-Ghazal Pasta Bucatini 1, 300g",pasta,Pasta,1,1,0.49,Winter 2026
O202600395,2026-02-13,C0007,"Teeba Labneh, 180g",labneh,Dairy,1,1,1,Winter 2026
O202600396,2026-02-13,C0114,Blue Mill Paprika 200 g,Cooking & Baking,Spices & Seasonings,1,1,3.85,Winter 2026
O202600397,2026-02-13,C0018,"Luna Red Kidney Beans, 380g | Alyoum Yoghurt, 1kg | Al-Ghazal Pasta Bucatini 1, 300g | Mythic Sensation Mini Milk Chocolate 30 g",Canned Vegetables | youghurt | pasta | Chocolate,Canned Vegetables | Dairy | Pasta | Chocolate,4,5,3.62,Winter 2026
O202600398,2026-02-13,C0008,"Sunwhite Calrose Rice, 4kg",rice,Rice,1,1,4.99,Winter 2026
O202600399,2026-02-14,C0092,"Pasta Zara Conchiglie No.54, 500g",pasta,Pasta,1,1,1.31,Winter 2026
O202600400,2026-02-14,C0119,"American Garden Strawberry Topping & Filling, No Artificial Flavors, 595g | Barilla Rigatoni 500 g",Canned Fruit | pasta,Canned Food | Pasta,2,3,11.18,Winter 2026
O202600401,2026-02-14,C0060,"NewLand American Black Beans 432 g | Almarai Full Fat Fresh Yoghurt, 700g | Barakah Al Sanabel Chiffari Lisci, 450g",Canned Vegetables | youghurt | pasta,Canned Vegetables | Dairy | Pasta,3,3,2.8,Winter 2026
O202600402,2026-02-14,C0002,"Almarai Greek Style Mango Yoghurt, 150g",Yoghurts,Dairy,1,1,0.9,Winter 2026
O202600403,2026-02-14,C0020,Barilla Rigatoni 500 g | Crystal Ice Cubes 2 kg,pasta | water,Pasta | Water,2,2,2.67,Winter 2026
O202600404,2026-02-14,C0134,"Aroma Garden Biryani Spices, 100g",Cooking & Baking,Spices & Seasonings,1,1,2.09,Winter 2026
O202600405,2026-02-14,C0017,"Almarai Greek Style Mango Yoghurt, 150g | Sama Mineral Water, 12x600ml",Yoghurts | water,Dairy | Water,2,4,4.66,Winter 2026
O202600406,2026-02-14,C0074,"Luna Red Kidney Beans, 380g | Barilla Rigatoni 500 g",Canned Vegetables | pasta,Canned Vegetables | Pasta,2,2,2.44,Winter 2026
O202600407,2026-02-14,C0099,"Al Mazraa Jameed Pasteurized Liquid, 1L | Almarai Full Fat Fresh Yoghurt, 700g",Yoghurts | youghurt,Eggs | Dairy,2,4,5.75,Winter 2026
O202600408,2026-02-14,C0113,"Albayrouty Mushroom Slices 400 g | Barakah Al Sanabel Chiffari Lisci, 450g",Canned Vegetables | pasta,Canned Vegetables | Pasta,2,2,1.4,Winter 2026
O202600409,2026-02-14,C0045,"Pomi Whole Peeled Tomatoes, 400g | Mythic Sensation Mini Milk Chocolate 30 g",Canned Fruit | Chocolate,Canned Food | Dairy,2,2,2.3,Winter 2026
O202600410,2026-02-14,C0092,"Barakah Al Sanabel Chiffari Lisci, 450g",pasta,Pasta,1,1,0.35,Winter 2026
O202600411,2026-02-15,C0132,"Mr. Brown Chocolate Flavor Iced Coffee, 240ml | Lurpak Unsalted Butter, 100g",Specialty Drinks | butter,Chocolate | Dairy,2,2,2.08,Winter 2026
O202600412,2026-02-15,C0052,Unium Chicken Luncheon Meat 800 g,Canned Meat,Canned Food,1,2,6.3,Winter 2026
O202600413,2026-02-15,C0054,"Cheetos Crunchy Flaming Hot Chips, 115g | Al Sayad Tuna In Vegetable Oil, 160g",Chips | Canned Seafood,Chips | Canned Food,2,4,3.37,Winter 2026
O202600414,2026-02-15,C0131,"Albayrouty Mushroom Slices 400 g | Pasta Zara Conchiglie No.54, 500g | Soccer 50 FT Smart Outdoor String Lights Waterproof",Canned Vegetables | pasta | World Cup,Canned Vegetables | Pasta | Water,3,4,6.16,Winter 2026
O202600415,2026-02-15,C0118,"Abu Kass Basmati Rice, 4kg | Barakah Al Sanabel Chiffari Lisci, 450g | Rio Mare Tuna In Olive Oil, 2x160g | Exeter Canned Corned Beef, 340g | Aroma Garden Biryani Spices, 100g | Almarai Uht Full Fat Milk with Vitamins, 4x1L",rice | pasta | Canned Seafood | Canned Meat | Cooking & Baking | milk,Rice | Pasta | Oil | Canned Vegetables | Spices & Seasonings | Dairy,6,6,19.55,Winter 2026
O202600416,2026-02-15,C0015,"Albayrouty Sweet Corn 340 g | Koita UHT Coconut Milk - No Added Sugar, 1L | Barilla Rigatoni 500 g",Canned Vegetables | Milk Alternatives | pasta,Canned Food | Dairy | Pasta,3,3,6.43,Winter 2026
O202600417,2026-02-15,C0004,"Kinder Bueno Milk Chocolate Bar in Wafer with Hazelnut Cream, 43g",Chocolate,Dairy,1,1,0.75,Winter 2026
O202600418,2026-02-15,C0139,"Durra Lemon Seasoning, 1000ml",Cooking & Baking,Spices & Seasonings,1,1,1.85,Winter 2026
O202600419,2026-02-15,C0052,"Hammoudeh Lactose Free Full Fat UHT Milk, 1L",milk,Dairy,1,1,1.5,Winter 2026
O202600420,2026-02-15,C0118,"Maxim's Smoked Tuna Oil 185 g | Almarai Cream Cheese, 6 Portion, 108g | Barilla Rigatoni 500 g",Canned Seafood | cheese | pasta,Canned Food | Dairy | Pasta,3,3,5.7,Winter 2026
O202600421,2026-02-15,C0139,Barilla Rigatoni 500 g,pasta,Pasta,1,1,1.68,Winter 2026
O202600422,2026-02-15,C0121,"Aroma Garden Organic Meat Spices, 120g",Cooking & Baking,Spices & Seasonings,1,1,2.09,Winter 2026
O202600423,2026-02-15,C0123,"Ard Jdadna Powder Garlic, 200g",Cooking & Baking,Spices & Seasonings,1,1,2.2,Winter 2026
O202600424,2026-02-16,C0127,"Unium Chicken Hot Dog, 415g | Koita Low Fat Lactose Free Non Harmone Milk, 1L",Canned Meat | Long Life Milk,Canned Food | Dairy,2,2,4.22,Winter 2026
O202600425,2026-02-16,C0061,"Ard Jdadna Powder Garlic, 200g",Cooking & Baking,Spices & Seasonings,1,1,2.2,Winter 2026
O202600426,2026-02-16,C0021,"Luna Red Kidney Beans, 380g",Canned Vegetables,Canned Food,1,1,0.76,Winter 2026
O202600427,2026-02-16,C0115,"Bounty Coconut Milk Chocolate Bar, 50g | Hammoudeh Fresh Yoghurt, 700g",Chocolate | youghurt,Chocolate | Dairy,2,2,1.6,Winter 2026
O202600428,2026-02-16,C0089,"Galaxy Dark Truffle Dark Chocolate Bar, 33g | Kinder Chocolate Milk Chocolate Bars With Milky Filling (4 Bars), 50g",Chocolate | Chocolate,Chocolate | Dairy,2,2,1.37,Winter 2026
O202600429,2026-02-16,C0034,"Aroma Garden Seven Spices, 100g",Cooking & Baking,Spices & Seasonings,1,1,2.09,Winter 2026
O202600430,2026-02-16,C0055,"Almarai Vanilla Fat Free Protein Milk No Added Sugar, 400ml | Eti Pop Kek Cocoa Cake, 200g",Sports & Energy Drinks | Cakes and Rolls,Dairy | Bakery,2,2,3.57,Winter 2026
O202600431,2026-02-16,C0030,Maxim's Sliced Tuna With Garlic And Black Pepper 120 g,Canned Seafood,Canned Food,1,1,2.22,Winter 2026
O202600432,2026-02-17,C0051,"Almarai Strawberry Banana Fat Free Protein Milk No Added Sugar, 400ml",Sports & Energy Drinks,Dairy,1,1,1.62,Winter 2026
O202600433,2026-02-17,C0077,"Baladna High Protein Vanilla Milk, 250ml | Sunwhite Calrose Rice, 4kg",Sports & Energy Drinks | rice,Dairy | Rice,2,2,6.24,Winter 2026
O202600434,2026-02-17,C0121,"NewLand American Black Beans 432 g | KDD Strawberry Flavored Milk, 6x250ml",Canned Vegetables | Long Life Milk,Canned Food | Dairy,2,4,6.6,Winter 2026
O202600435,2026-02-17,C0049,"Bifa Keks Roll Cake with Cocoa Cream, 50g",Cakes and Rolls,Dairy,1,1,0.25,Winter 2026
O202600436,2026-02-17,C0086,"Alyoum Tang Taste Yoghurt Baladi, 1kg | Pasta Zara Conchiglie No.54, 500g",Yoghurts | pasta,Dairy | Pasta,2,2,3.06,Winter 2026
O202600437,2026-02-17,C0123,"KDD Thick Cream, 4x125ml | Americana Chocolate Pound Cake, 300g",cream | Cakes and Rolls,Dairy | Bakery,2,2,3.62,Winter 2026
O202600438,2026-02-17,C0070,"Almarai Natural Unsalted Butter, 100g",butter,Dairy,1,2,1.92,Winter 2026
O202600439,2026-02-17,C0075,"Albayrouty Mushroom Slices 400 g | Barakah Al Sanabel Chiffari Lisci, 450g",Canned Vegetables | pasta,Canned Vegetables | Pasta,2,2,1.4,Winter 2026
O202600440,2026-02-18,C0121,"Al Youm Labneh, 200g",labneh,Dairy,1,1,1.25,Ramadan 2026
O202600441,2026-02-18,C0107,"Aroma Garden Magloubeh Spices, 100g | Smart Chips Ketchup Flavor Stix, 75g",Cooking & Baking | Chips,Spices & Seasonings | Chips,2,2,3.37,Ramadan 2026
O202600442,2026-02-18,C0027,"Baladna High Protein Vanilla Milk, 250ml",Sports & Energy Drinks,Dairy,1,1,1.25,Ramadan 2026
O202600443,2026-02-18,C0127,"Spuds Sour Cream & Onion Craft Cooked Chips, 65g",Chips,Dairy,1,1,0.75,Ramadan 2026
O202600444,2026-02-18,C0143,"Golden Corn Oil, 2.9L",oil,Oil,1,1,5.52,Ramadan 2026
O202600445,2026-02-18,C0083,Set of 2 Ramadan Serving Trays,ramadan,Dates/Ramadan,1,1,8.5,Ramadan 2026
O202600446,2026-02-18,C0146,"NewLand Sliced Black Olives 345 g | Kinder Happy Hippo Biscuits with Double Cream Filling, 103.5g",Canned Vegetables | Chocolate,Canned Food | Dairy,2,2,3.15,Ramadan 2026
O202600447,2026-02-18,C0034,"Five Cows Thick Cream, 4x125ml",cream,Dairy,1,1,1.75,Ramadan 2026
O202600448,2026-02-18,C0059,"Maxim's Smoked Tuna Oil 185 g | Smart Chips Ketchup Flavor Stix, 75g | Tiger Rice 3.5 kg | KDD Long Life Apple Juice, 1L",Canned Seafood | Chips | rice | Juices,Oil | Chips | Rice | Juices,4,5,12.91,Ramadan 2026
O202600449,2026-02-18,C0043,"Sama Mineral Water, 12x600ml",water,Water,1,2,2.86,Ramadan 2026
O202600450,2026-02-18,C0032,"Morrisons Apricot Halves in Juice, 410g",Canned Fruit,Canned Food,1,1,4.26,Ramadan 2026
O202600451,2026-02-18,C0054,"Galaxy Dark Truffle Dark Chocolate Bar, 33g | Sayad Tuna Meat With Natural Chili 160 g",Chocolate | Canned Seafood,Chocolate | Canned Food,2,2,1.62,Ramadan 2026
O202600452,2026-02-18,C0073,"Mr.Chips Paprika Potato Chips, 68g",Chips,Spices & Seasonings,1,1,0.6,Ramadan 2026
O202600453,2026-02-18,C0108,NewLand Chicken Hot Dog 400 g | Koita Organic Chocolate Milk Uht 200 ml,Canned Meat | Long Life Milk,Canned Food | Eggs,2,3,4.9,Ramadan 2026
O202600454,2026-02-18,C0070,"AL Safi Greek Yogurt Lemon Pie, 150g | Red Bull Energy Drink Watermelon, 250ml",Yoghurts | Sports & Energy Drinks,Dairy | Water,2,2,2.4,Ramadan 2026
O202600455,2026-02-19,C0101,"Ramadan Advent Calendar 30 Days Countdown Calendars | Americana Marble Pound Cake, 300g",Eid al-Fitr | Cakes and Rolls,Dates/Ramadan | Bakery,2,2,4.75,Ramadan 2026
O202600456,2026-02-19,C0005,"Albayrouty Sweet Corn 340 g | Koita UHT Lactose Free Whole Fat Milk, 1L",Canned Vegetables | Long Life Milk,Canned Food | Eggs,2,3,7.23,Ramadan 2026
O202600457,2026-02-19,C0131,"Almarai Mixed Fruit Juice, 1.4L",Juices,Juices,1,3,6,Ramadan 2026
O202600458,2026-02-19,C0086,"Alyoum Fresh Jameed Liquid, 1kg | Al Youm Labneh, 200g | Cool Gear Cactus Water Bottle with Freeze Stick, 650ml",Yoghurts | labneh | back to school,Eggs | Dairy | Water,3,7,19.25,Ramadan 2026
O202600459,2026-02-19,C0108,"Rio Mare Tuna In Olive Oil, 2x160g | Abu Kass Basmati Rice, 4kg | Mr.Chips Paprika Potato Chips, 68g | Eti Aditco Chocolate Cake, 36g",Canned Seafood | rice | Chips | Cakes and Rolls,Oil | Rice | Spices & Seasonings | Bakery,4,6,22.98,Ramadan 2026
O202600460,2026-02-19,C0012,"Morrisons Apricot Halves in Juice, 410g",Canned Fruit,Juices,1,1,4.39,Ramadan 2026
O202600461,2026-02-19,C0083,"KDD Thick Cream, 4x125ml",cream,Dairy,1,1,1.72,Ramadan 2026
O202600462,2026-02-19,C0125,"Ard Jdadna Powder Garlic, 200g",Cooking & Baking,Spices & Seasonings,1,1,2.2,Ramadan 2026
O202600463,2026-02-19,C0146,"Golden Corn Oil, 2.9L | American Garden Strawberry Topping & Filling, No Artificial Flavors, 595g",oil | Canned Fruit,Oil | Canned Food,2,4,19.94,Ramadan 2026
O202600464,2026-02-19,C0096,"Luna Red Kidney Beans, 380g | Almarai Cooking Cream, 500ml | KDD Mango Nectar, 1L",Canned Vegetables | cream | Juices,Canned Food | Dairy | Juices,3,5,6.83,Ramadan 2026
O202600465,2026-02-19,C0138,"Al Sayad Tuna In Vegetable Oil, 160g",Canned Seafood,Oil,1,2,1.58,Ramadan 2026
O202600466,2026-02-19,C0002,"Sayad Tuna Meat With Natural Chili 160 g | Alyoum Yoghurt, 1kg | Crystal Ice Cubes 2 kg",Canned Seafood | youghurt | water,Canned Food | Dairy | Water,3,3,3.11,Ramadan 2026
O202600467,2026-02-19,C0047,Durra Hummus Grains 400 g,Canned Vegetables,Canned Food,1,1,0.68,Ramadan 2026
O202600468,2026-02-20,C0030,"Kasih Vegetable Oil Cooking Spray, 141g | Sunwhite Calrose Rice, 4kg | Aroma Garden Chicken Spices, 100g",oil | rice | Cooking & Baking,Oil | Rice | Spices & Seasonings,3,3,9.33,Ramadan 2026
O202600469,2026-02-20,C0059,"Abu Kass Basmati Rice, 4kg",rice,Rice,1,1,5.33,Ramadan 2026
O202600470,2026-02-20,C0009,"L'usine Soft Cupcakes Filled with Strawberry Cream, 18x30g | Almarai Mango Juice, 1L",Cakes and Rolls | Juices,Bakery | Juices,2,2,3.05,Ramadan 2026
O202600471,2026-02-20,C0036,"Spuds Sour Cream & Onion Craft Cooked Chips, 65g",Chips,Dairy,1,1,0.73,Ramadan 2026
O202600472,2026-02-20,C0027,"Koita Low Fat Lactose Free Non Harmone Milk, 1L",Long Life Milk,Dairy,1,1,2.9,Ramadan 2026
O202600473,2026-02-20,C0119,"Alinor Organic Plant Based Almond Barista Drink, 1L | Abu Kass Basmati Rice, 4kg",Milk Alternatives | rice,Dairy | Rice,2,2,8.99,Ramadan 2026
O202600474,2026-02-20,C0062,"Cool Gear Cactus Water Bottle with Freeze Stick, 650ml",back to school,Water,1,1,3.75,Ramadan 2026
O202600475,2026-02-20,C0099,"Mr.Chips Paprika Potato Chips, 68g",Chips,Spices & Seasonings,1,1,0.58,Ramadan 2026
O202600476,2026-02-20,C0085,NewLand Chicken Hot Dog 400 g,Canned Meat,Canned Food,1,2,3.2,Ramadan 2026
O202600477,2026-02-20,C0122,"Siniora Beef Hot Dog 415 g | Koita UHT Lactose Free Whole Fat Milk, 1L | Kinza Soda Water Can, 250ml",Canned Meat | Long Life Milk | water,Canned Food | Dairy | Water,3,6,7.08,Ramadan 2026
O202600478,2026-02-20,C0142,Black Mini Decorative Lantern,ramadan,Dates/Ramadan,1,1,2,Ramadan 2026
O202600479,2026-02-21,C0068,"Almarai Mixed Fruit Juice, 1.4L",Juices,Juices,1,3,6,Ramadan 2026
O202600480,2026-02-21,C0108,Unium Chicken Luncheon Meat 800 g,Canned Meat,Canned Food,1,1,3.15,Ramadan 2026
O202600481,2026-02-21,C0119,"Set of 5 Ramadan Sofa Cushion Covers | The Bridge Bio Organic Pure Coconut Drink, 1L | Cool Gear Cactus Water Bottle with Freeze Stick, 650ml",ramadan | Milk Alternatives | back to school,Dates/Ramadan | Dairy | Water,3,4,12.7,Ramadan 2026
O202600482,2026-02-21,C0125,"Mazola Sunflower Oil, 1.5L",oil,Oil,1,1,3.39,Ramadan 2026
O202600483,2026-02-21,C0012,"Aroma Garden Magloubeh Spices, 100g | Maxims Sweet Corn, 340g | Pringles Sour Cream & Onion Chips Can, 165g",Cooking & Baking | Canned Vegetables | Chips,Spices & Seasonings | Canned Food | Dairy,3,3,5.13,Ramadan 2026
O202600484,2026-02-21,C0144,"Bounty Coconut Milk Chocolate Bar, 50g",Chocolate,Dairy,1,1,0.65,Ramadan 2026
O202600485,2026-02-21,C0077,"Golden Corn Oil, 2.9L | Abu Kass Basmati Rice, 4kg",oil | rice,Oil | Rice,2,2,11.18,Ramadan 2026
O202600486,2026-02-21,C0110,Unium Chicken Luncheon Meat 800 g,Canned Meat,Canned Food,1,1,3.15,Ramadan 2026
O202600487,2026-02-21,C0047,"Alpro Plant-Based Barista Soya Drink, 1L",Milk Alternatives,Dairy,1,2,5.6,Ramadan 2026
O202600488,2026-02-21,C0066,"Luna Red Kidney Beans, 380g",Canned Vegetables,Canned Food,1,1,0.76,Ramadan 2026
O202600489,2026-02-21,C0071,Koita Organic Chocolate Milk Uht 200 ml,Long Life Milk,Dairy,1,1,1.65,Ramadan 2026
O202600490,2026-02-21,C0110,"Sama Mineral Water, 12x600ml",water,Water,1,4,5.72,Ramadan 2026
O202600491,2026-02-21,C0070,"Ramadan Decorative Metal Crescent â€“ 80 cm, Black, with LED Lights and Hanging Stars | Teeba 9% Fat Labneh, 500g | Crystal Ice Cubes 2 kg",ramadan | labneh | water,Dates/Ramadan | Dairy | Water,3,4,14.24,Ramadan 2026
O202600492,2026-02-21,C0074,"Maxim's Smoked Tuna Oil 185 g | KDD Thick Cream, 4x125ml | Almarai Mixed Fruit Juice, 200ml",Canned Seafood | cream | Juices,Oil | Dairy | Juices,3,3,5.02,Ramadan 2026
O202600493,2026-02-22,C0011,Soccer 50 FT Smart Outdoor String Lights Waterproof,World Cup,Water,1,3,5.7,Ramadan 2026
O202600494,2026-02-22,C0056,Blue Mill Garlic Powder 200 g,Cooking & Baking,Spices & Seasonings,1,1,2.89,Ramadan 2026
O202600495,2026-02-22,C0068,"Unium Chicken Hot Dog, 415g | Soccer 50 FT Smart Outdoor String Lights Waterproof",Canned Meat | World Cup,Canned Food | Water,2,4,6.94,Ramadan 2026
O202600496,2026-02-22,C0077,"Abu Kass Basmati Rice, 4kg",rice,Rice,1,1,5.49,Ramadan 2026
O202600497,2026-02-22,C0024,"Maxim's Smoked Tuna Oil 185 g | Kinder Bueno Milk Chocolate Bar in Wafer with Hazelnut Cream, 43g",Canned Seafood | Chocolate,Oil | Dairy,2,2,3.64,Ramadan 2026
O202600498,2026-02-22,C0072,"Benina Garlic Chili Sauce, 280g",Cooking & Baking,Spices & Seasonings,1,1,1.49,Ramadan 2026
O202600499,2026-02-22,C0011,"Unium Chicken Luncheon Meat 800 g | Nadec Burger Cheese (10 Slices), 200g",Canned Meat | Cheese,Canned Food | Eggs,2,5,9.43,Ramadan 2026
O202600500,2026-02-22,C0128,"Cool Gear Water Bottle - Pink, 650ml",back to school,Water,1,2,7.5,Ramadan 2026
O202600501,2026-02-22,C0077,"Al Sayad Tuna In Vegetable Oil, 160g",Canned Seafood,Oil,1,1,0.79,Ramadan 2026
O202600502,2026-02-22,C0059,Tiger Rice 3.5 kg,rice,Rice,1,1,3.65,Ramadan 2026
O202600503,2026-02-22,C0001,"Morrisons Apricot Halves in Juice, 410g",Canned Fruit,Juices,1,2,8.78,Ramadan 2026
O202600504,2026-02-22,C0108,"Aroma Garden Seven Spices, 100g",Cooking & Baking,Spices & Seasonings,1,1,2.09,Ramadan 2026
O202600505,2026-02-22,C0039,"Al Sayad Tuna In Vegetable Oil, 160g | Pringles BBQ Chips Can, 165g",Canned Seafood | Chips,Oil | Chips,2,2,2.49,Ramadan 2026
O202600506,2026-02-22,C0059,"Black Mini Decorative Lantern | KDD Thick Cream, 4x125ml",ramadan | cream,Dates/Ramadan | Dairy,2,4,7.16,Ramadan 2026
O202600507,2026-02-22,C0052,"Almarai Mixed Fruit Juice, 200ml",Juices,Juices,1,1,0.3,Ramadan 2026
O202600508,2026-02-22,C0014,"Mazola Sunflower Oil, 1.5L",oil,Oil,1,2,6.78,Ramadan 2026
O202600509,2026-02-22,C0113,"Rio Mare Light Tuna in Olive Oil, 160g | Lay's French Cheese Potato Chips, 110g | Sunwhite Calrose Rice, 4kg | Aroma Garden Seven Spices, 100g",Canned Seafood | Chips | rice | Cooking & Baking,Oil | Chips | Rice | Spices & Seasonings,4,5,14.53,Ramadan 2026
O202600510,2026-02-22,C0145,Soccer 50 FT Smart Outdoor String Lights Waterproof,World Cup,Water,1,2,3.8,Ramadan 2026
O202600511,2026-02-23,C0127,"The Bridge Bio Organic Pure Coconut Drink, 1L | Nestle Mineral Water, 6x1.5L",Milk Alternatives | water,Dairy | Water,2,4,10.8,Ramadan 2026
O202600512,2026-02-23,C0081,"Durra Lemon Seasoning, 1000ml | Tiger Rice 3.5 kg | Crush Orange Soft Drink Pet Bottle, 1L",Cooking & Baking | rice | Soft Drinks,Spices & Seasonings | Rice | Juices,3,4,6.16,Ramadan 2026
O202600513,2026-02-23,C0086,"Alinor Organic Plant Based Almond Barista Drink, 1L",Milk Alternatives,Dairy,1,2,7,Ramadan 2026
O202600514,2026-02-23,C0071,"Bounty Coconut Milk Chocolate Bar, 50g",Chocolate,Dairy,1,2,1.3,Ramadan 2026
O202600515,2026-02-23,C0053,"Kasih Vegetable Oil Cooking Spray, 141g",oil,Oil,1,1,2.25,Ramadan 2026
O202600516,2026-02-23,C0117,"Luna Red Kidney Beans, 380g | Five Cows Thick Cream, 4x125ml",Canned Vegetables | cream,Canned Food | Dairy,2,4,6.01,Ramadan 2026
O202600517,2026-02-23,C0094,"Sunwhite Calrose Rice, 4kg",rice,Rice,1,1,4.99,Ramadan 2026
O202600518,2026-02-23,C0015,"Abu Kass Basmati Rice, 4kg",rice,Rice,1,1,5.49,Ramadan 2026
O202600519,2026-02-23,C0107,"Cool Gear Cactus Water Bottle with Freeze Stick, 650ml",back to school,Water,1,1,3.75,Ramadan 2026
O202600520,2026-02-23,C0132,"Spuds Sour Cream & Onion Craft Cooked Chips, 65g | Crush Orange Soft Drink Pet Bottle, 1L",Chips | Soft Drinks,Chips | Juices,2,3,1.41,Ramadan 2026
O202600521,2026-02-23,C0054,"Ozmo Hoppo Biscuit Filled with Chocolate Cream, 40g | NewLand Crushed Italian Tomatoes, 400g | Kinder Bueno Milk Chocolate Bar in Wafer with Hazelnut Cream, 43g",Chocolate | Canned Vegetables | Chocolate,Chocolate | Canned Food | Dairy,3,4,3.12,Ramadan 2026
O202600522,2026-02-23,C0064,"Sama Mineral Water, 12x600ml",water,Water,1,1,1.43,Ramadan 2026
O202600523,2026-02-23,C0095,"Rio Mare Tuna In Olive Oil, 2x160g | Baladna Coffee with Milk Low Fat Cow Milk, 250ml",Canned Seafood | Specialty Drinks,Oil | Dairy,2,2,6.11,Ramadan 2026
O202600524,2026-02-23,C0004,"Ramadan Mosque Decoration, 50 cm | Kinder Chocolate Milk Chocolate Bars With Milky Filling (4 Bars), 50g",ramadan | Chocolate,Dates/Ramadan | Dairy,2,3,1.95,Ramadan 2026
O202600525,2026-02-23,C0045,NewLand American Black Beans 432 g,Canned Vegetables,Canned Food,1,1,1.45,Ramadan 2026
O202600526,2026-02-23,C0117,"Filippo Berio Basil Flavoured Olive Oil, 250ml | Ozmo Fun Shape Milk Chocolate Lollipop, 23g",oil | Chocolate,Oil | Dairy,2,2,13.2,Ramadan 2026
O202600527,2026-02-23,C0001,"Lurpak Unsalted Butter, 100g | Tiger Rice 3.5 kg",butter | rice,Dairy | Rice,2,2,4.78,Ramadan 2026
O202600528,2026-02-24,C0102,Koita Organic Chocolate Milk Uht 200 ml | Soccer 50 FT Smart Outdoor String Lights Waterproof,Long Life Milk | World Cup,Dairy | Water,2,2,3.55,Ramadan 2026
O202600529,2026-02-24,C0130,"Mazola Sunflower Oil, 1.5L",oil,Oil,1,1,3.39,Ramadan 2026
O202600530,2026-02-24,C0036,"Benina Garlic Chili Sauce, 280g | Kinza Soda Water Can, 250ml",Cooking & Baking | water,Spices & Seasonings | Water,2,3,2.21,Ramadan 2026
O202600531,2026-02-24,C0135,"Mandi Basmati Rice 4 kg | Kasih Vegetable Oil Cooking Spray, 141g | Mr.Chips Paprika Potato Chips, 68g | Soccer 50 FT Smart Outdoor String Lights Waterproof | Almarai Unsalted Natural Butter, 200g",rice | oil | Chips | World Cup | butter,Rice | Oil | Spices & Seasonings | Water | Dairy,5,6,13.82,Ramadan 2026
O202600532,2026-02-24,C0102,"Hammoudeh Fresh Yoghurt, 700g",youghurt,Dairy,1,1,1,Ramadan 2026
O202600533,2026-02-24,C0054,"Pascual Vive Soy High Calcium Oat Drink, 1L | Sama Mineral Water, 12x600ml",Milk Alternatives | water,Dairy | Water,2,4,7.79,Ramadan 2026
O202600534,2026-02-24,C0093,"Cool Gear Cactus Water Bottle with Freeze Stick, 650ml",back to school,Water,1,1,3.75,Ramadan 2026
O202600535,2026-02-24,C0099,"Aroma Garden Biryani Spices, 100g",Cooking & Baking,Spices & Seasonings,1,1,2.09,Ramadan 2026
O202600536,2026-02-24,C0067,"Aroma Garden Biryani Spices, 100g | Abu Kass Basmati Rice, 4kg | Sama Mineral Water, 12x600ml",Cooking & Baking | rice | water,Spices & Seasonings | Rice | Water,3,4,11.1,Ramadan 2026
O202600537,2026-02-24,C0015,"Al Sayad Tuna In Vegetable Oil, 160g | Tiger Rice 3.5 kg | Mr.Chips Paprika Potato Chips, 68g",Canned Seafood | rice | Chips,Oil | Rice | Spices & Seasonings,3,3,5.04,Ramadan 2026
O202600538,2026-02-24,C0061,"Cool Gear Water Bottle - Pink, 650ml",back to school,Water,1,2,7.5,Ramadan 2026
O202600539,2026-02-24,C0139,"Hala Cheezers Twist Chips, 30g | Abu Kass Basmati Rice, 4kg",Chips | rice,Chips | Rice,2,2,5.59,Ramadan 2026
O202600540,2026-02-24,C0010,"Rio Mare Light Tuna in Olive Oil, 160g",Canned Seafood,Oil,1,1,3.45,Ramadan 2026
O202600541,2026-02-24,C0063,"Almarai Cooking Cream, 500ml | Hammoudeh Lactose Free Full Fat UHT Milk, 1L",cream | milk,Eggs | Dairy,2,3,6.6,Ramadan 2026
O202600542,2026-02-24,C0108,"Exeter Canned Corned Beef, 340g",Canned Meat,Canned Food,1,2,4.7,Ramadan 2026
O202600543,2026-02-25,C0002,"Benina Chili Oil, 150ml | Eti Adicto Gold Mini Chocolate Brown Cake, 180g",Cooking & Baking | Cakes and Rolls,Oil | Bakery,2,2,3.19,Ramadan 2026
O202600544,2026-02-25,C0101,"Soccer 50 FT Smart Outdoor String Lights Waterproof | Molto XL Croissant Chocolate With Hazelnut, 42.5g",World Cup | Cakes and Rolls,Water | Bakery,2,2,2.15,Ramadan 2026
O202600545,2026-02-25,C0048,"Nestle Mineral Water, 6x1.5L",water,Water,1,4,8.8,Ramadan 2026
O202600546,2026-02-25,C0016,"Afia Pure Corn Oil, 1.5L | The Bridge Bio Organic Pure Coconut Drink, 1L | Mandi Basmati Rice 4 kg | Aroma Garden Seven Spices, 100g",oil | Milk Alternatives | rice | Cooking & Baking,Oil | Dairy | Rice | Spices & Seasonings,4,4,15.25,Ramadan 2026
O202600547,2026-02-25,C0121,"Afia Pure Corn Oil, 1.5L | Mandi Basmati Rice 4 kg | NewLand Mayonnaise Garlic Flavor 300ml",oil | rice | Cooking & Baking,Oil | Rice | Spices & Seasonings,3,3,10.57,Ramadan 2026
O202600548,2026-02-25,C0091,NewLand Mayonnaise Garlic Flavor 300ml,Cooking & Baking,Spices & Seasonings,1,1,1.61,Ramadan 2026
O202600549,2026-02-25,C0140,"Kinza Soda Water Can, 250ml",water,Water,1,3,1.08,Ramadan 2026
O202600550,2026-02-25,C0123,"Mr.Chips Paprika Potato Chips, 68g",Chips,Spices & Seasonings,1,1,0.6,Ramadan 2026
O202600551,2026-02-25,C0034,"Golden Corn Oil, 2.9L | Galaxy Smooth Milk Chocolate Bar,Â 30g",oil | Chocolate,Oil | Chocolate,2,3,12.15,Ramadan 2026
O202600552,2026-02-25,C0078,"Kasih Vegetable Oil Cooking Spray, 141g | Crystal Ice Cubes 2 kg",oil | water,Oil | Water,2,3,4.23,Ramadan 2026
O202600553,2026-02-25,C0049,"Golden Corn Oil, 2.9L",oil,Oil,1,1,5.69,Ramadan 2026
O202600554,2026-02-25,C0074,"Cool Gear Water Bottle - Pink, 650ml",back to school,Water,1,3,11.25,Ramadan 2026
O202600555,2026-02-25,C0005,"Cool Gear Water Bottle - Pink, 650ml",back to school,Water,1,2,7.5,Ramadan 2026
O202600556,2026-02-25,C0150,Crystal Ice Cubes 2 kg,water,Water,1,4,3.96,Ramadan 2026
O202600557,2026-02-25,C0136,"Koita UHT Lactose Free Whole Fat Milk, 1L",Long Life Milk,Dairy,1,1,3.09,Ramadan 2026
O202600558,2026-02-26,C0098,"Alyoum Fresh Jameed Liquid, 1kg",Yoghurts,Dairy,1,2,3.5,Ramadan 2026
O202600559,2026-02-26,C0083,"Almarai Labneh, 500g",labneh,Dairy,1,2,4.42,Ramadan 2026
O202600560,2026-02-26,C0005,"Baladna Coffee with Milk Low Fat Cow Milk, 250ml | Sunwhite Calrose Rice, 4kg",Specialty Drinks | rice,Dairy | Rice,2,2,5.79,Ramadan 2026
O202600561,2026-02-26,C0123,NewLand Pineapple Slices In Light Syrup 565 g,Canned Fruit,Canned Food,1,2,3.78,Ramadan 2026
O202600562,2026-02-26,C0069,"Ard Jdadna Powder Garlic, 200g | Almarai Greek Style Mango Yoghurt, 150g | Sunwhite Calrose Rice, 4kg | Rio Mare Tuna In Olive Oil, 2x160g",Cooking & Baking | Yoghurts | rice | Canned Seafood,Spices & Seasonings | Eggs | Rice | Oil,4,4,13.59,Ramadan 2026
O202600563,2026-02-26,C0126,"Nadec Milk Chocolate Milk, 6x125ml | Al Rabie Orange Juice, 1L",Long Life Milk | Juices,Chocolate | Juices,2,2,2.9,Ramadan 2026
O202600564,2026-02-26,C0072,"Lurpak Unsalted Butter, 6x50g | Cool Gear Cactus Water Bottle with Freeze Stick, 650ml",butter | back to school,Dairy | Water,2,3,11.73,Ramadan 2026
O202600565,2026-02-26,C0103,Tiger Rice 3.5 kg,rice,Rice,1,1,3.54,Ramadan 2026
O202600566,2026-02-26,C0019,"Islamic Ramadan Mihrab Decor Piece â€“ 21 cm, Mosque Design with Stone-Like Texture | Al Youm 3% Milk Full Fat 1 L | Cool Gear Water Bottle - Pink, 650ml",ramadan | milk | back to school,Dates/Ramadan | Dairy | Water,3,3,7.45,Ramadan 2026
O202600567,2026-02-26,C0050,"Lurpak Unsalted Butter, 100g | Jordina Joy Orange, 1L",butter | Soft Drinks,Dairy | Juices,2,2,1.73,Ramadan 2026
O202600568,2026-02-27,C0050,"Choco Lake Diamond Twist Kunafa with Peanut Butter Filling, 450g",Chocolate,Dairy,1,2,9.68,Ramadan 2026
O202600569,2026-02-27,C0048,"Hammoudeh Lactose Free Full Fat UHT Milk, 1L",milk,Dairy,1,1,1.5,Ramadan 2026
O202600570,2026-02-27,C0133,"Eti PopkekÂ Cocoa Cake, 35g | Almarai Mixed Berry Juice, 1.4L",Cakes and Rolls | Juices,Bakery | Juices,2,2,2.23,Ramadan 2026
O202600571,2026-02-27,C0058,"Crush Orange Soft Drink Pet Bottle, 1L",Soft Drinks,Juices,1,3,0.99,Ramadan 2026
O202600572,2026-02-27,C0035,"Kasih Vegetable Oil Cooking Spray, 141g | Gold Ramadan Star-Moon Party-Decorations Garland - 12pcs | Abu Kass Basmati Rice, 4kg | NewLand Mayonnaise Garlic Flavor 300ml",oil | Eid al-Fitr | rice | Cooking & Baking,Oil | Dates/Ramadan | Rice | Spices & Seasonings,4,5,18.14,Ramadan 2026
O202600573,2026-02-27,C0113,"Pringles Sour Cream & Onion Chips Can, 165g | Tiger Rice 3.5 kg",Chips | rice,Dairy | Rice,2,2,5.35,Ramadan 2026
O202600574,2026-02-27,C0069,"Benina Garlic Chili Sauce, 280g | Soccer 50 FT Smart Outdoor String Lights Waterproof",Cooking & Baking | World Cup,Spices & Seasonings | Water,2,3,4.88,Ramadan 2026
O202600575,2026-02-27,C0066,"Wood Ramadan Decorations for Home Islamic Eid Mubarak Kareem Table | Sunwhite Calrose Rice, 4kg",Eid al-Fitr | rice,Dates/Ramadan | Rice,2,2,5.99,Ramadan 2026
O202600576,2026-02-27,C0112,"Set of 2 Ramadan Serving Trays | Cool Gear Water Bottle - Pink, 650ml",ramadan | back to school,Dates/Ramadan | Water,2,4,19.75,Ramadan 2026
O202600577,2026-02-27,C0087,"Abu Kass Basmati Rice, 4kg | Almarai Mixed Fruit Juice, 200ml",rice | Juices,Rice | Juices,2,2,5.79,Ramadan 2026
O202600578,2026-02-27,C0121,"Abu Kass Basmati Rice, 4kg",rice,Rice,1,1,5.49,Ramadan 2026
O202600579,2026-02-27,C0115,"Golden Corn Oil, 2.9L | Mr.Chips Chilli Potato Chips, 68g | Mandi Basmati Rice 4 kg | Aroma Garden Biryani Spices, 100g",oil | Chips | rice | Cooking & Baking,Oil | Chips | Rice | Spices & Seasonings,4,4,13.35,Ramadan 2026
O202600580,2026-02-27,C0137,"Morrisons Apricot Halves in Juice, 410g",Canned Fruit,Juices,1,2,8.78,Ramadan 2026
O202600581,2026-02-27,C0010,Maxim's Sliced Tuna With Garlic And Black Pepper 120 g,Canned Seafood,Spices & Seasonings,1,1,2.29,Ramadan 2026
O202600582,2026-02-28,C0038,"Unium Luncheon Meat 500 g | Almarai Strawberry Banana Fat Free Protein Milk No Added Sugar, 400ml",Canned Meat | Sports & Energy Drinks,Canned Food | Dairy,2,2,3.92,Ramadan 2026
O202600583,2026-02-28,C0079,"Small Ramadan Serving Plate (15 cm) â€“ Mosque, Crescent & Star Design for Dates and Treats",ramadan,Dates/Ramadan,1,3,15,Ramadan 2026
O202600584,2026-02-28,C0149,"Golden Corn Oil, 2.9L | Benina Garlic Chili Sauce, 280g",oil | Cooking & Baking,Oil | Spices & Seasonings,2,2,7.18,Ramadan 2026
O202600585,2026-02-28,C0136,"Soccer 50 FT Smart Outdoor String Lights Waterproof | Almarai Mixed Fruit Juice, 200ml",World Cup | Juices,Water | Juices,2,2,2.2,Ramadan 2026
O202600586,2026-02-28,C0021,"Almarai Mango Juice, 1L",Juices,Juices,1,2,2.5,Ramadan 2026
O202600587,2026-02-28,C0089,"Teeba 9% Fat Labneh, 500g | Kinza Soda Water Can, 250ml",labneh | water,Dairy | Water,2,2,2.61,Ramadan 2026
O202600588,2026-02-28,C0098,"NewLand Pineapple Slices In Light Syrup 565 g | Eti Pop Kek Mini Cake with Dark Chocolate, 144g | Americana Orange Pound Cake, 300g",Canned Fruit | Cakes and Rolls | Cakes and Rolls,Canned Food | Bakery | Juices,3,5,8.91,Ramadan 2026
O202600589,2026-02-28,C0047,"Durra Lemon Seasoning, 1000ml",Cooking & Baking,Spices & Seasonings,1,1,1.85,Ramadan 2026
O202600590,2026-02-28,C0072,"Jordina Joy Orange, 1L",Soft Drinks,Juices,1,1,0.6,Ramadan 2026
O202600591,2026-02-28,C0114,"American Garden Strawberry Topping & Filling, No Artificial Flavors, 595g",Canned Fruit,Canned Food,1,1,4.75,Ramadan 2026
O202600592,2026-02-28,C0131,"Mr.Chips Waves Grilled Burger Chips, 50g | Crystal Ice Cubes 2 kg",Chips | water,Chips | Water,2,2,1.64,Ramadan 2026
O202600593,2026-02-28,C0112,"Ozmo Fun Shape Milk Chocolate Lollipop, 23g",Chocolate,Dairy,1,1,0.6,Ramadan 2026
O202600594,2026-02-28,C0135,"Ard Jdadna Powder Garlic, 200g | Albayrouty Mushroom Slices 400 g",Cooking & Baking | Canned Vegetables,Spices & Seasonings | Canned Food,2,2,3.25,Ramadan 2026
O202600595,2026-02-28,C0108,"Ozmo Fun Shape Milk Chocolate Lollipop, 23g",Chocolate,Dairy,1,1,0.6,Ramadan 2026
O202600596,2026-02-28,C0010,"Benina Chili Oil, 150ml",Cooking & Baking,Oil,1,1,1.49,Ramadan 2026
O202600597,2026-02-28,C0130,"Ramadan Decorative Tissue Box â€“ Boy & Girl Design | Hammoudeh Lactose Free Full Fat UHT Milk, 1L | Cool Gear Cactus Water Bottle with Freeze Stick, 650ml | Bifa Keks Roll Black and White Cake, 50g",ramadan | milk | back to school | Cakes and Rolls,Dates/Ramadan | Dairy | Water | Bakery,4,6,9.5,Ramadan 2026
O202600598,2026-02-28,C0011,"Crush Orange Soft Drink Pet Bottle, 1L",Soft Drinks,Juices,1,1,0.33,Ramadan 2026
O202600599,2026-02-28,C0021,"Sama Mineral Water, 12x600ml",water,Water,1,3,4.29,Ramadan 2026
O202600600,2026-02-28,C0048,"Benina Garlic Chili Sauce, 280g",Cooking & Baking,Spices & Seasonings,1,1,1.49,Ramadan 2026
O202600601,2026-02-28,C0049,Maxims Sweet Corn 180 g 3 pcs get 1 pc Free,Canned Fruit,Canned Food,1,1,3.79,Ramadan 2026
O202600602,2026-03-01,C0008,"Mr.Chips Bugles Cheese Flavor Corn Snacks, 33g | Nestle Mineral Water, 6x1.5L",Chips | water,Chips | Water,2,3,4.7,Ramadan 2026
O202600603,2026-03-01,C0111,"Mr.Chips Waves Smoky Bbq Chips, 50g | Sayad Tuna Meat With Natural Chili 160 g",Chips | Canned Seafood,Chips | Canned Food,2,2,1.46,Ramadan 2026
O202600604,2026-03-01,C0063,"Ramadan Mosque Decoration, 50 cm | Koita UHT Coconut Milk - No Added Sugar, 1L | Sama Mineral Water, 12x600ml",ramadan | Milk Alternatives | water,Dates/Ramadan | Dairy | Water,3,4,7.31,Ramadan 2026
O202600605,2026-03-01,C0081,"Cool Gear Cactus Water Bottle with Freeze Stick, 650ml",back to school,Water,1,1,3.75,Ramadan 2026
O202600606,2026-03-01,C0049,"Koita Low Fat Lactose Free Non Harmone Milk, 1L",Long Life Milk,Dairy,1,1,2.9,Ramadan 2026
O202600607,2026-03-01,C0125,"Nadec Burger Cheese (10 Slices), 200g | Abu Kass Basmati Rice, 4kg",Cheese | rice,Eggs | Rice,2,2,7.06,Ramadan 2026
O202600608,2026-03-01,C0124,"KDD Thick Cream, 4x125ml | Americana Orange Pound Cake, 300g",cream | Cakes and Rolls,Dairy | Juices,2,4,7.24,Ramadan 2026
O202600609,2026-03-01,C0062,"Sama Mineral Water, 12x600ml | Morrisons Apricot Halves in Juice, 410g",water | Canned Fruit,Water | Juices,2,5,16.03,Ramadan 2026
O202600610,2026-03-01,C0146,"Rio Mare Light Tuna in Olive Oil, 160g",Canned Seafood,Oil,1,1,3.45,Ramadan 2026
O202600611,2026-03-01,C0034,"L'usine Cupcakes Filled with Chocolate Cream, 18x30g",Cakes and Rolls,Dairy,1,2,3.6,Ramadan 2026
O202600612,2026-03-01,C0027,"Golden Corn Oil, 2.9L | Reef Diet Flax Seeds Bread, 250g",oil | Flatbread,Oil | Bakery,2,2,6.49,Ramadan 2026
O202600613,2026-03-01,C0013,"Black Mini Decorative Lantern | KDD Thick Cream, 4x125ml | Kinza Soda Water Can, 250ml",ramadan | cream | water,Dates/Ramadan | Dairy | Water,3,5,6.16,Ramadan 2026
O202600614,2026-03-01,C0031,"Ozmo Fun Shape Milk Chocolate Lollipop, 23g | Eti Pop Kek Mini Cake with Dark Chocolate, 144g",Chocolate | Cakes and Rolls,Dairy | Bakery,2,2,2.2,Ramadan 2026
O202600615,2026-03-01,C0040,"Nestle Mineral Water, 6x1.5L",water,Water,1,2,4.27,Ramadan 2026
O202600616,2026-03-01,C0119,"Tiger Rice 3.5 kg | Golden Corn Oil, 2.9L | Blue Mill Paprika 200 g | Cool Gear Water Bottle - Pink, 650ml | Al Rabie Orange Juice, 1L",rice | oil | Cooking & Baking | back to school | Juices,Rice | Oil | Spices & Seasonings | Water | Juices,5,9,35.43,Ramadan 2026
O202600617,2026-03-01,C0025,"Filippo Berio Basil Flavoured Olive Oil, 250ml | Mandi Basmati Rice 4 kg | Ard Jdadna Powder Garlic, 200g",oil | rice | Cooking & Baking,Oil | Rice | Spices & Seasonings,3,3,18.89,Ramadan 2026
O202600618,2026-03-01,C0109,"Cool Gear Cactus Water Bottle with Freeze Stick, 650ml",back to school,Water,1,2,7.5,Ramadan 2026
O202600619,2026-03-01,C0010,"Nadec Milk Chocolate Milk, 6x125ml | Sunwhite Calrose Rice, 4kg",Long Life Milk | rice,Eggs | Rice,2,3,7.69,Ramadan 2026
O202600620,2026-03-02,C0078,Spice Classics Basil Leaves 6.25 g,Cooking & Baking,Spices & Seasonings,1,1,1.93,Ramadan 2026
O202600621,2026-03-02,C0073,"Almarai Mango Juice, 1L",Juices,Juices,1,1,1.25,Ramadan 2026
O202600622,2026-03-02,C0068,Blue Mill Paprika 200 g,Cooking & Baking,Spices & Seasonings,1,1,3.85,Ramadan 2026
O202600623,2026-03-02,C0079,"Aroma Garden Chicken Spices, 100g",Cooking & Baking,Spices & Seasonings,1,1,2.03,Ramadan 2026
O202600624,2026-03-02,C0132,"Ard Jdadna Powder Garlic, 200g | Reef Diet Flax Seeds Bread, 250g",Cooking & Baking | Flatbread,Spices & Seasonings | Bakery,2,2,3.2,Ramadan 2026
O202600625,2026-03-02,C0103,"Galaxy Smooth Milk Chocolate Bar,Â 30g | Cool Gear Water Bottle - Pink, 650ml",Chocolate | back to school,Chocolate | Water,2,5,15.77,Ramadan 2026
O202600626,2026-03-02,C0084,"Filippo Berio Basil Flavoured Olive Oil, 250ml",oil,Oil,1,1,12.6,Ramadan 2026
O202600627,2026-03-02,C0021,"Aroma Garden Seven Spices, 100g",Cooking & Baking,Spices & Seasonings,1,1,2.09,Ramadan 2026
O202600628,2026-03-02,C0067,"Alyoum Fresh Jameed Liquid, 1kg | KDD Mango Nectar, 1L",Yoghurts | Juices,Dairy | Juices,2,2,2.99,Ramadan 2026
O202600629,2026-03-02,C0010,"Benina Chili Oil, 150ml | Cool Gear Water Bottle - Pink, 650ml",Cooking & Baking | back to school,Oil | Water,2,3,8.72,Ramadan 2026
O202600630,2026-03-02,C0013,"Set of 5 Ramadan Sofa Cushion Covers | Ozmo Hoppo Biscuit Filled with Chocolate Cream, 40g | Cool Gear Cactus Water Bottle with Freeze Stick, 650ml",ramadan | Chocolate | back to school,Dates/Ramadan | Dairy | Water,3,3,5.35,Ramadan 2026
O202600631,2026-03-02,C0099,"Mr.Chips Paprika Snack Mix, 78g | Ovalyo White XL Eggs, 6pcs",Chips | eggs,Spices & Seasonings | Eggs,2,5,4.4,Ramadan 2026
O202600632,2026-03-03,C0086,"Aroma Garden Biryani Spices, 100g | Unium Luncheon Meat 500 g",Cooking & Baking | Canned Meat,Spices & Seasonings | Canned Food,2,3,6.48,Ramadan 2026
O202600633,2026-03-03,C0076,"Baladna Coffee with Milk Low Fat Cow Milk, 250ml | Soccer 50 FT Smart Outdoor String Lights Waterproof",Specialty Drinks | World Cup,Dairy | Water,2,3,4.46,Ramadan 2026
O202600634,2026-03-03,C0017,"Ozmo Fun Shape Milk Chocolate Lollipop, 23g",Chocolate,Dairy,1,1,0.58,Ramadan 2026
O202600635,2026-03-03,C0041,"Al Sayad Tuna In Vegetable Oil, 160g | Nestle Mineral Water, 6x1.5L",Canned Seafood | water,Canned Food | Water,2,2,2.99,Ramadan 2026
O202600636,2026-03-03,C0065,Soccer 50 FT Smart Outdoor String Lights Waterproof,World Cup,Water,1,2,3.8,Ramadan 2026
O202600637,2026-03-03,C0077,Ramadan LED String Lights | Crystal Ice Cubes 2 kg,ramadan | water,Dates/Ramadan | Water,2,5,5.46,Ramadan 2026
O202600638,2026-03-03,C0149,"Rio Mare Tuna In Olive Oil, 2x160g",Canned Seafood,Oil,1,1,5.34,Ramadan 2026
O202600639,2026-03-03,C0120,"Ozmo Hoppo Biscuit Filled with Chocolate Cream, 40g",Chocolate,Dairy,1,3,1.8,Ramadan 2026
O202600640,2026-03-03,C0089,"Eti Aditco Chocolate Cake, 36g | Abu Kass Basmati Rice, 4kg",Cakes and Rolls | rice,Chocolate | Rice,2,3,6.27,Ramadan 2026
O202600641,2026-03-03,C0130,"Al Sayad Tuna In Vegetable Oil, 160g",Canned Seafood,Oil,1,1,0.79,Ramadan 2026
O202600642,2026-03-03,C0120,"Jordina Joy Orange, 1L",Soft Drinks,Juices,1,1,0.6,Ramadan 2026
O202600643,2026-03-03,C0124,"Kinza Soda Water Can, 250ml",water,Water,1,1,0.36,Ramadan 2026
O202600644,2026-03-03,C0077,"Ozmo Milk Chocolate Egg Shapes, 20g",Chocolate,Dairy,1,1,0.75,Ramadan 2026
O202600645,2026-03-03,C0124,"Golden Corn Oil, 2.9L | Mandi Basmati Rice 4 kg | Durra Lemon Seasoning, 1000ml | Americana Orange Pound Cake, 300g",oil | rice | Cooking & Baking | Cakes and Rolls,Oil | Rice | Spices & Seasonings | Juices,4,6,21.28,Ramadan 2026
O202600646,2026-03-03,C0105,"Almarai Mango Juice, 1L",Juices,Juices,1,1,1.25,Ramadan 2026
O202600647,2026-03-04,C0076,"Red Bull Energy Drink Watermelon, 250ml",Sports & Energy Drinks,Water,1,2,3.2,Ramadan 2026
O202600648,2026-03-04,C0033,"Cool Gear Cactus Water Bottle with Freeze Stick, 650ml | Americana Marble Pound Cake, 300g",back to school | Cakes and Rolls,Water | Bakery,2,4,13.15,Ramadan 2026
O202600649,2026-03-04,C0066,"Sunwhite Calrose Rice, 4kg",rice,Rice,1,1,4.84,Ramadan 2026
O202600650,2026-03-04,C0037,"Abu Kass Basmati Rice, 4kg",rice,Rice,1,1,5.49,Ramadan 2026
O202600651,2026-03-04,C0085,"Rio Mare Light Tuna in Olive Oil, 160g",Canned Seafood,Oil,1,1,3.45,Ramadan 2026
O202600652,2026-03-04,C0057,"Jordina Joy Orange, 1L",Soft Drinks,Juices,1,2,1.2,Ramadan 2026
O202600653,2026-03-04,C0026,"Al Mazraa Jameed Pasteurized Liquid, 1L",Yoghurts,Dairy,1,1,2.75,Ramadan 2026
O202600654,2026-03-04,C0142,"Alyoum Burger Buns with Sesame Seeds, 6 Pieces | Crush Orange Soft Drink Pet Bottle, 1L",Burger Buns | Soft Drinks,Bakery | Juices,2,3,1.21,Ramadan 2026
O202600655,2026-03-04,C0002,"Americana Orange Pound Cake, 300g",Cakes and Rolls,Juices,1,1,1.9,Ramadan 2026
O202600656,2026-03-04,C0018,"Nadec Milk Chocolate Milk, 6x125ml | Kinza Soda Water Can, 250ml",Long Life Milk | water,Eggs | Water,2,6,4.14,Ramadan 2026
O202600657,2026-03-04,C0027,"Benina Chili Oil, 150ml",Cooking & Baking,Oil,1,1,1.49,Ramadan 2026
O202600658,2026-03-04,C0136,"Afia Pure Corn Oil, 1.5L | Baladna Coffee with Milk Low Fat Cow Milk, 250ml | Almarai Mango Juice, 1L",oil | Specialty Drinks | Juices,Oil | Dairy | Juices,3,3,6.04,Ramadan 2026
O202600659,2026-03-04,C0071,"Cool Gear Cactus Water Bottle with Freeze Stick, 650ml",back to school,Water,1,1,3.75,Ramadan 2026
O202600660,2026-03-05,C0064,"Durra Lemon Seasoning, 1000ml",Cooking & Baking,Spices & Seasonings,1,2,3.7,Ramadan 2026
O202600661,2026-03-05,C0004,"Benina Chili Oil, 150ml",Cooking & Baking,Oil,1,1,1.49,Ramadan 2026
O202600662,2026-03-05,C0095,"Rio Mare Light Tuna in Olive Oil, 160g",Canned Seafood,Oil,1,1,3.45,Ramadan 2026
O202600663,2026-03-05,C0003,"Abu Kass Basmati Rice, 4kg",rice,Rice,1,3,16.47,Ramadan 2026
O202600664,2026-03-05,C0104,"Aroma Garden Chicken Spices, 100g | Rio Mare Tuna In Olive Oil, 2x160g",Cooking & Baking | Canned Seafood,Spices & Seasonings | Canned Food,2,3,9.68,Ramadan 2026
O202600665,2026-03-05,C0117,"Aroma Garden Biryani Spices, 100g",Cooking & Baking,Spices & Seasonings,1,2,4.05,Ramadan 2026
O202600666,2026-03-05,C0016,Soccer 50 FT Smart Outdoor String Lights Waterproof,World Cup,Water,1,3,5.7,Ramadan 2026
O202600667,2026-03-05,C0138,"Cool Gear Water Bottle - Pink, 650ml",back to school,Water,1,3,11.25,Ramadan 2026
O202600668,2026-03-05,C0119,"Ard Jdadna Powder Garlic, 200g",Cooking & Baking,Spices & Seasonings,1,1,1.9,Ramadan 2026
O202600669,2026-03-05,C0129,Mandi Basmati Rice 4 kg,rice,Rice,1,1,4.97,Ramadan 2026
O202600670,2026-03-05,C0008,"Aroma Garden Seven Spices, 100g",Cooking & Baking,Spices & Seasonings,1,1,2.03,Ramadan 2026
O202600671,2026-03-05,C0130,"Al Sayad Tuna In Vegetable Oil, 160g | Abu Kass Basmati Rice, 4kg | Aroma Garden Chicken Spices, 100g",Canned Seafood | rice | Cooking & Baking,Oil | Rice | Spices & Seasonings,3,3,8.37,Ramadan 2026
O202600672,2026-03-06,C0146,Unium Luncheon Meat 500 g | Mandi Basmati Rice 4 kg,Canned Meat | rice,Canned Food | Rice,2,2,7.27,Ramadan 2026
O202600673,2026-03-06,C0006,"California Garden Whole Kernal Sweet Corn, 400g",Canned Vegetables,Canned Food,1,1,1.05,Ramadan 2026
O202600674,2026-03-06,C0016,"Islamic Ramadan Mihrab Decor Piece â€“ 21 cm, Mosque Design with Stone-Like Texture | Almarai Mixed Fruit Juice, 200ml",ramadan | Juices,Dates/Ramadan | Juices,2,6,5.6,Ramadan 2026
O202600675,2026-03-06,C0028,"Jordina Joy Orange, 1L",Soft Drinks,Juices,1,4,2.4,Ramadan 2026
O202600676,2026-03-06,C0076,"Cheetos Crunchy Flaming Hot Chips, 115g | Albayrouty Sweet Corn 340 g",Chips | Canned Vegetables,Chips | Canned Food,2,2,2.05,Ramadan 2026
O202600677,2026-03-06,C0016,"Sunwhite Calrose Rice, 4kg | Crystal Ice Cubes 2 kg",rice | water,Rice | Water,2,4,7.96,Ramadan 2026
O202600678,2026-03-06,C0097,"Alyoum Yoghurt, 1kg | KDD Mango Nectar, 1L",youghurt | Juices,Dairy | Juices,2,2,2.6,Ramadan 2026
O202600679,2026-03-06,C0132,"Jordina Joy Orange, 1L",Soft Drinks,Juices,1,1,0.6,Ramadan 2026
O202600680,2026-03-06,C0096,"Afia Pure Corn Oil, 1.5L",oil,Oil,1,1,3.99,Ramadan 2026
O202600681,2026-03-06,C0064,Maxim's Sliced Tuna With Garlic And Black Pepper 120 g,Canned Seafood,Canned Food,1,2,4.58,Ramadan 2026
O202600682,2026-03-06,C0043,Maxims Sweet Corn 180 g 3 pcs get 1 pc Free,Canned Fruit,Canned Food,1,1,3.79,Ramadan 2026
O202600683,2026-03-06,C0135,"Cool Gear Cactus Water Bottle with Freeze Stick, 650ml",back to school,Water,1,3,11.25,Ramadan 2026
O202600684,2026-03-06,C0115,"Golden Corn Oil, 2.9L",oil,Oil,1,3,17.07,Ramadan 2026
O202600685,2026-03-06,C0053,"Rio Mare Light Tuna in Olive Oil, 160g | Ard Jdadna Powder Garlic, 200g",Canned Seafood | Cooking & Baking,Oil | Spices & Seasonings,2,4,12.55,Ramadan 2026
O202600686,2026-03-07,C0099,"Ramadan Advent Calendar 30 Days Countdown Calendars | Sunwhite Calrose Rice, 4kg | Kinder Chocolate Milk Chocolate Bars With Milky Filling (4 Bars), 50g | Kinza Soda Water Can, 250ml",Eid al-Fitr | rice | Chocolate | water,Dates/Ramadan | Rice | Dairy | Water,4,5,9.31,Ramadan 2026
O202600687,2026-03-07,C0069,"Nadec Banana Flavor Milk, 6x125ml",Long Life Milk,Dairy,1,1,1.35,Ramadan 2026
O202600688,2026-03-07,C0093,"Choco Lake Diamond Twist Kunafa with Peanut Butter Filling, 450g",Chocolate,Dairy,1,3,14.97,Ramadan 2026
O202600689,2026-03-07,C0045,Crystal Ice Cubes 2 kg,water,Water,1,3,2.88,Ramadan 2026
O202600690,2026-03-07,C0101,"Choco Lake Diamond Twist Kunafa with Peanut Butter Filling, 450g",Chocolate,Dairy,1,1,4.84,Ramadan 2026
O202600691,2026-03-07,C0020,"Ozmo Milk Chocolate Egg Shapes, 20g",Chocolate,Dairy,1,1,0.73,Ramadan 2026
O202600692,2026-03-07,C0033,"Ozmo Fun Shape Milk Chocolate Lollipop, 23g",Chocolate,Dairy,1,1,0.6,Ramadan 2026
O202600693,2026-03-07,C0036,"Benina Garlic Chili Sauce, 280g | Alyoum Fresh Jameed Liquid, 1kg | Choco Lake Choco Biscuits 650G",Cooking & Baking | Yoghurts | Chocolate,Spices & Seasonings | Dairy | Chocolate,3,3,6.24,Ramadan 2026
O202600694,2026-03-07,C0118,"Al Sayad Tuna In Vegetable Oil, 160g | Doritos Nacho Cheese Tortilla Chips, 120g",Canned Seafood | Chips,Oil | Chips,2,2,1.74,Ramadan 2026
O202600695,2026-03-07,C0047,"Nestle Mineral Water, 6x1.5L",water,Water,1,1,2.13,Ramadan 2026
O202600696,2026-03-07,C0014,"Barni Chocolate Cake, 30g | Jordina Joy Orange, 1L",Cakes and Rolls | Soft Drinks,Bakery | Juices,2,3,1.4,Ramadan 2026
O202600697,2026-03-07,C0078,"Lay's Salt & Vinegar Chips, 110g | Sunwhite Calrose Rice, 4kg",Chips | rice,Chips | Rice,2,3,10.98,Ramadan 2026
O202600698,2026-03-07,C0093,"Kasih Vegetable Oil Cooking Spray, 141g",oil,Oil,1,1,2.25,Ramadan 2026
O202600699,2026-03-07,C0016,"KDD Milk Coffee Latte, 250ml",Specialty Drinks,Dairy,1,1,0.7,Ramadan 2026
O202600700,2026-03-07,C0005,"Al Sayad Tuna In Vegetable Oil, 160g",Canned Seafood,Oil,1,1,0.79,Ramadan 2026
O202600701,2026-03-07,C0002,"Snickers Chocolate Bar Filled with Caramel & Peanuts, 40g | Nadec Full Fat Fresh Milk, 6x125ml",Chocolate | Long Life Milk,Chocolate | Dairy,2,5,4.59,Ramadan 2026
O202600702,2026-03-07,C0146,"L'usine Vanilla Cupcakes, 18x30g | Morrisons Apricot Halves in Juice, 410g",Cakes and Rolls | Canned Fruit,Bakery | Juices,2,4,14.97,Ramadan 2026
O202600703,2026-03-07,C0136,"Kinder Happy Hippo Biscuits with Double Cream Filling, 103.5g | Soccer 50 FT Smart Outdoor String Lights Waterproof",Chocolate | World Cup,Chocolate | Water,2,2,3.73,Ramadan 2026
O202600704,2026-03-08,C0095,"Filippo Berio Basil Flavoured Olive Oil, 250ml | Tiger Rice 3.5 kg | Blue Mill Garlic Powder 200 g",oil | rice | Cooking & Baking,Oil | Rice | Spices & Seasonings,3,4,31.74,Ramadan 2026
O202600705,2026-03-08,C0045,"Rio Mare Tuna In Olive Oil, 2x160g",Canned Seafood,Oil,1,1,5.5,Ramadan 2026
O202600706,2026-03-08,C0032,"Blue Mill Paprika 200 g | Al Youm Labneh, 200g | Soccer 50 FT Smart Outdoor String Lights Waterproof | Almarai Mixed Berry Juice, 1.4L",Cooking & Baking | labneh | World Cup | Juices,Spices & Seasonings | Dairy | Water | Juices,4,6,13,Ramadan 2026
O202600707,2026-03-08,C0002,"Sama Mineral Water, 12x600ml",water,Water,1,1,1.43,Ramadan 2026
O202600708,2026-03-08,C0146,"Spuds Sour Cream & Onion Craft Cooked Chips, 65g",Chips,Dairy,1,1,0.73,Ramadan 2026
O202600709,2026-03-08,C0140,"Spuds Prime Ribs Craft Cooked Chips, 65g | KDD Mango Nectar, 1L",Chips | Juices,Chips | Juices,2,2,2.08,Ramadan 2026
O202600710,2026-03-08,C0082,"Alyoum Tang Taste Yoghurt Baladi, 1kg",Yoghurts,Dairy,1,1,1.75,Ramadan 2026
O202600711,2026-03-08,C0131,"Afia Pure Corn Oil, 1.5L",oil,Oil,1,1,3.99,Ramadan 2026
O202600712,2026-03-08,C0112,"Rio Mare Tuna In Olive Oil, 2x160g | Kinza Soda Water Can, 250ml",Canned Seafood | water,Canned Food | Water,2,4,6.58,Ramadan 2026
O202600713,2026-03-08,C0120,NewLand Sliced Black Olives 345 g,Canned Vegetables,Canned Food,1,1,1.2,Ramadan 2026
O202600714,2026-03-08,C0004,"Abu Kass Basmati Rice, 4kg | Nestle Mineral Water, 6x1.5L | Americana Orange Pound Cake, 300g",rice | water | Cakes and Rolls,Rice | Water | Bakery,3,5,19.95,Ramadan 2026
O202600715,2026-03-08,C0020,"Almarai Labneh, 500g",labneh,Dairy,1,1,2.21,Ramadan 2026
O202600716,2026-03-08,C0146,"Almarai Strawberry Banana Fat Free Protein Milk No Added Sugar, 400ml",Sports & Energy Drinks,Dairy,1,1,1.62,Ramadan 2026
O202600717,2026-03-08,C0142,"Red Bull Energy Drink Watermelon, 250ml",Sports & Energy Drinks,Water,1,2,3.2,Ramadan 2026
O202600718,2026-03-08,C0107,"Teeba 9% Fat Labneh, 500g",labneh,Dairy,1,1,2.25,Ramadan 2026
O202600719,2026-03-08,C0006,"Ozmo Hoppo Biscuit Filled with Chocolate Cream, 40g",Chocolate,Dairy,1,1,0.6,Ramadan 2026
O202600720,2026-03-08,C0136,"Maxim's Smoked Tuna Oil 185 g | Americana Chocolate Pound Cake, 300g",Canned Seafood | Cakes and Rolls,Oil | Bakery,2,2,4.75,Ramadan 2026
O202600721,2026-03-08,C0112,"Ard Jdadna Powder Garlic, 200g | Raffaello Premium Coconut & Almond Pralines, 30g",Cooking & Baking | Chocolate,Spices & Seasonings | Chocolate,2,2,2.72,Ramadan 2026
O202600722,2026-03-09,C0010,"Aroma Garden Seven Spices, 100g | Bifa Keks Roll Cake with Cocoa Cream, 50g | Tiger Rice 3.5 kg",Cooking & Baking | Cakes and Rolls | rice,Spices & Seasonings | Dairy | Rice,3,3,5.99,Ramadan 2026
O202600723,2026-03-09,C0112,"Cool Gear Water Bottle - Pink, 650ml",back to school,Water,1,2,7.5,Ramadan 2026
O202600724,2026-03-09,C0040,"Nadec Full Fat Fresh Milk, 6x125ml",Long Life Milk,Dairy,1,2,2.26,Ramadan 2026
O202600725,2026-03-09,C0025,"Red Bull Energy Drink Watermelon, 250ml",Sports & Energy Drinks,Water,1,2,3.2,Ramadan 2026
O202600726,2026-03-09,C0012,"Koita Organic Chocolate Milk Uht 200 ml | Sama Mineral Water, 12x600ml",Long Life Milk | water,Dairy | Water,2,2,3.08,Ramadan 2026
O202600727,2026-03-09,C0014,Soccer 50 FT Smart Outdoor String Lights Waterproof,World Cup,Water,1,4,7.6,Ramadan 2026
O202600728,2026-03-09,C0146,"Rio Mare Tuna In Olive Oil, 2x160g",Canned Seafood,Canned Food,1,1,5.5,Ramadan 2026
O202600729,2026-03-09,C0132,"Cool Gear Water Bottle - Pink, 650ml",back to school,Water,1,3,11.25,Ramadan 2026
O202600730,2026-03-09,C0088,"Sunwhite Calrose Rice, 4kg",rice,Rice,1,1,4.84,Ramadan 2026
O202600731,2026-03-09,C0069,"Mr.Chips Cheese Potato Chips, 68g | Almarai Greek Style Full Fat Blueberry Yoghurt, 150g",Chips | Yoghurts,Chips | Dairy,2,2,1.5,Ramadan 2026
O202600732,2026-03-09,C0024,"Al Rabie Orange Juice, 1L",Juices,Juices,1,1,1.55,Ramadan 2026
O202600733,2026-03-09,C0074,"AL Safi Greek Yogurt Lemon Pie, 150g",Yoghurts,Dairy,1,1,0.8,Ramadan 2026
O202600734,2026-03-10,C0094,"Gold Ramadan Star-Moon Party-Decorations Garland - 12pcs | KDD Milk Coffee Latte, 250ml | Crystal Ice Cubes 2 kg | Almarai Mixed Fruit Juice, 1.4L",Eid al-Fitr | Specialty Drinks | water | Juices,Dates/Ramadan | Dairy | Water | Juices,4,10,18.27,Ramadan 2026
O202600735,2026-03-10,C0051,"Red Bull Energy Drink Watermelon, 250ml",Sports & Energy Drinks,Water,1,3,4.8,Ramadan 2026
O202600736,2026-03-10,C0080,"Almarai Mixed Fruit Juice, 200ml",Juices,Juices,1,1,0.3,Ramadan 2026
O202600737,2026-03-10,C0078,"Aroma Garden Biryani Spices, 100g",Cooking & Baking,Spices & Seasonings,1,1,2.09,Ramadan 2026
O202600738,2026-03-10,C0021,"Cool Gear Water Bottle - Pink, 650ml",back to school,Water,1,2,7.5,Ramadan 2026
O202600739,2026-03-10,C0047,"Kinder Bueno Milk Chocolate Bar in Wafer with Hazelnut Cream, 43g",Chocolate,Dairy,1,1,0.75,Ramadan 2026
O202600740,2026-03-10,C0136,"Rio Mare Light Tuna in Olive Oil, 160g",Canned Seafood,Oil,1,2,6.9,Ramadan 2026
O202600741,2026-03-10,C0143,"The Bridge Bio Organic Almond Sugar Free Drink, 1L",Milk Alternatives,Dairy,1,1,4.2,Ramadan 2026
O202600742,2026-03-10,C0089,"Cool Gear Cactus Water Bottle with Freeze Stick, 650ml",back to school,Water,1,2,7.5,Ramadan 2026
O202600743,2026-03-10,C0011,"Choco Lake Diamond Twist Kunafa with Peanut Butter Filling, 450g | Al Sayad Tuna In Vegetable Oil, 160g",Chocolate | Canned Seafood,Chocolate | Canned Food,2,2,5.78,Ramadan 2026
O202600744,2026-03-11,C0033,"Galaxy Smooth Milk Chocolate Bar,Â 30g | Crystal Ice Cubes 2 kg",Chocolate | water,Dairy | Water,2,4,3.74,Ramadan 2026
O202600745,2026-03-11,C0091,"Ard Jdadna Powder Garlic, 200g",Cooking & Baking,Spices & Seasonings,1,3,6.6,Ramadan 2026
O202600746,2026-03-11,C0047,Maxim's Mushrooms 425 g 3+1,Canned Fruit,Canned Food,1,2,12.7,Ramadan 2026
O202600747,2026-03-11,C0026,"Zwan Chicken Hotdogs Ã— 2 Special Offer | Kinza Soda Water Can, 250ml",Canned Meat | water,Canned Food | Water,2,3,5.22,Ramadan 2026
O202600748,2026-03-11,C0001,"Choco Lake Diamond Twist Kunafa with Peanut Butter Filling, 450g | Red Bull Energy Drink Watermelon, 250ml",Chocolate | Sports & Energy Drinks,Dairy | Water,2,2,6.59,Ramadan 2026
O202600749,2026-03-11,C0103,"Tiger Rice 3.5 kg | L'usine Cupcakes Filled with Chocolate Cream, 18x30g",rice | Cakes and Rolls,Rice | Bakery,2,2,5.45,Ramadan 2026
O202600750,2026-03-11,C0102,"Teeba Yoghurt, 700g | Soccer 50 FT Smart Outdoor String Lights Waterproof",youghurt | World Cup,Eggs | Water,2,3,4.8,Ramadan 2026
O202600751,2026-03-11,C0133,"Ramadan Mosque Decoration, 50 cm | Mandi Basmati Rice 4 kg",ramadan | rice,Dates/Ramadan | Rice,2,2,5.72,Ramadan 2026
O202600752,2026-03-11,C0120,"Almarai Greek Style Full Fat Blueberry Yoghurt, 150g | Cool Gear Water Bottle - Pink, 650ml",Yoghurts | back to school,Dairy | Water,2,2,4.65,Ramadan 2026
O202600753,2026-03-12,C0087,"KDD Long Life Apple Juice, 1L",Juices,Juices,1,3,3.99,Ramadan 2026
O202600754,2026-03-12,C0141,"Americana Orange Pound Cake, 300g",Cakes and Rolls,Juices,1,2,3.8,Ramadan 2026
O202600755,2026-03-12,C0040,"Durra Lemon Seasoning, 1000ml",Cooking & Baking,Spices & Seasonings,1,1,1.85,Ramadan 2026
O202600756,2026-03-12,C0014,Blue Mill Paprika 200 g,Cooking & Baking,Spices & Seasonings,1,1,3.85,Ramadan 2026
O202600757,2026-03-12,C0127,"Nestle Mineral Water, 6x1.5L",water,Water,1,1,2.2,Ramadan 2026
O202600758,2026-03-12,C0049,"Filippo Berio Basil Flavoured Olive Oil, 250ml | Abu Kass Basmati Rice, 4kg | Aroma Garden Biryani Spices, 100g",oil | rice | Cooking & Baking,Oil | Rice | Spices & Seasonings,3,4,32.78,Ramadan 2026
O202600759,2026-03-12,C0130,Soccer 50 FT Smart Outdoor String Lights Waterproof,World Cup,Water,1,1,1.9,Ramadan 2026
O202600760,2026-03-12,C0012,"Sunwhite Calrose Rice, 4kg",rice,Rice,1,1,4.99,Ramadan 2026
O202600761,2026-03-12,C0061,"Mazola Sunflower Oil, 1.5L | Abu Kass Basmati Rice, 4kg | Mr.Chips Paprika Potato Chips, 68g",oil | rice | Chips,Oil | Rice | Spices & Seasonings,3,3,9.48,Ramadan 2026
O202600762,2026-03-12,C0074,"Aroma Garden Seven Spices, 100g | Kinder Bueno Milk Chocolate Bar in Wafer with Hazelnut Cream, 43g",Cooking & Baking | Chocolate,Spices & Seasonings | Chocolate,2,2,2.84,Ramadan 2026
O202600763,2026-03-13,C0033,"Almarai Uht Full Fat Milk with Vitamins, 4x1L | Tiger Rice 3.5 kg",milk | rice,Eggs | Rice,2,4,14.84,Ramadan 2026
O202600764,2026-03-13,C0045,"Ard Jdadna Powder Garlic, 200g",Cooking & Baking,Spices & Seasonings,1,1,2.2,Ramadan 2026
O202600765,2026-03-13,C0056,"Ramadan Decorative Tissue Box â€“ Boy & Girl Design | The Bridge Bio Organic Pure Coconut Drink, 1L | Kinza Soda Water Can, 250ml",ramadan | Milk Alternatives | water,Dates/Ramadan | Dairy | Water,3,5,7.56,Ramadan 2026
O202600766,2026-03-13,C0074,Maxims Sweet Corn 180 g 3 pcs get 1 pc Free,Canned Fruit,Canned Food,1,1,3.79,Ramadan 2026
O202600767,2026-03-13,C0122,"L'usine Cupcakes Filled with Chocolate Cream, 18x30g",Cakes and Rolls,Dairy,1,1,1.75,Ramadan 2026
O202600768,2026-03-13,C0113,"Soccer 50 FT Smart Outdoor String Lights Waterproof | Crush Orange Soft Drink Pet Bottle, 1L",World Cup | Soft Drinks,Water | Juices,2,6,5.12,Ramadan 2026
O202600769,2026-03-13,C0042,"Pomi Whole Peeled Tomatoes, 400g | Small Ramadan Serving Plate (15 cm) â€“ Mosque, Crescent & Star Design for Dates and Treats",Canned Fruit | ramadan,Canned Food | Dates/Ramadan,2,4,9.94,Ramadan 2026
O202600770,2026-03-13,C0045,"Crush Orange Soft Drink Pet Bottle, 1L",Soft Drinks,Juices,1,3,0.99,Ramadan 2026
O202600771,2026-03-13,C0145,"Islamic Ramadan Mihrab Decor Piece â€“ 21 cm, Mosque Design with Stone-Like Texture | Alinor Organic Plant Based Almond Barista Drink, 1L | Cool Gear Water Bottle - Pink, 650ml",ramadan | Milk Alternatives | back to school,Dates/Ramadan | Dairy | Water,3,4,13.2,Ramadan 2026
O202600772,2026-03-13,C0110,"Kinza Soda Water Can, 250ml",water,Water,1,3,1.05,Ramadan 2026
O202600773,2026-03-13,C0150,Tiger Rice 3.5 kg,rice,Rice,1,1,3.54,Ramadan 2026
O202600774,2026-03-13,C0055,Ramadan Advent Calendar 30 Days Countdown Calendars,Eid al-Fitr,Dates/Ramadan,1,1,3,Ramadan 2026
O202600775,2026-03-14,C0039,"Exeter Canned Corned Beef, 340g | Al Safi UHT Full Fat Milk, 4x1L",Canned Meat | Long Life Milk,Canned Food | Dairy,2,2,6.2,Ramadan 2026
O202600776,2026-03-14,C0007,"Almarai Mixed Fruit Juice, 200ml",Juices,Juices,1,1,0.3,Ramadan 2026
O202600777,2026-03-14,C0097,"The Bridge Bio Organic Pure Coconut Drink, 1L | Kinza Soda Water Can, 250ml",Milk Alternatives | water,Dairy | Water,2,2,4.56,Ramadan 2026
O202600778,2026-03-14,C0001,"Almarai Mango Juice, 1L",Juices,Juices,1,1,1.25,Ramadan 2026
O202600779,2026-03-14,C0104,"Red Bull Energy Drink Watermelon, 250ml",Sports & Energy Drinks,Water,1,4,6.4,Ramadan 2026
O202600780,2026-03-14,C0018,"NewLand Mayonnaise Garlic Flavor 300ml | Americana Chocolate Pound Cake, 300g",Cooking & Baking | Cakes and Rolls,Spices & Seasonings | Bakery,2,2,3.51,Ramadan 2026
O202600781,2026-03-14,C0098,"American Garden Strawberry Topping & Filling, No Artificial Flavors, 595g",Canned Fruit,Canned Food,1,1,4.75,Ramadan 2026
O202600782,2026-03-14,C0048,"Almarai Full Fat Fresh Yoghurt, 700g",youghurt,Dairy,1,1,1,Ramadan 2026
O202600783,2026-03-14,C0069,"Al Mazraa Jameed Pasteurized Liquid, 1L",Yoghurts,Dairy,1,1,2.75,Ramadan 2026
O202600784,2026-03-14,C0048,"Mr. Brown Chocolate Flavor Iced Coffee, 240ml | Maxim's Mushrooms 425 g 3+1",Specialty Drinks | Canned Fruit,Chocolate | Canned Food,2,2,7.3,Ramadan 2026
O202600785,2026-03-14,C0099,"Nadec Milk Chocolate Milk, 6x125ml",Long Life Milk,Dairy,1,1,1.35,Ramadan 2026
O202600786,2026-03-14,C0031,"Nestle Mineral Water, 6x1.5L | SWYOUN 48PCS Eid Al Adha Cupcake Topper Party Decorations",water | Eid al-Adha,Water | Bakery,2,2,2.95,Ramadan 2026
O202600787,2026-03-14,C0139,"Luna Red Kidney Beans, 380g",Canned Vegetables,Canned Food,1,1,0.76,Ramadan 2026
O202600788,2026-03-14,C0013,"Almarai Cream Cheese, 6 Portion, 108g | Ramadan Advent Calendar 30 Days Countdown Calendars",cheese | Eid al-Fitr,Dairy | Dates/Ramadan,2,3,7.02,Ramadan 2026
O202600789,2026-03-14,C0082,"KDD Milk Coffee Latte, 250ml",Specialty Drinks,Dairy,1,1,0.7,Ramadan 2026
O202600790,2026-03-14,C0137,"Blue Mill Paprika 200 g | Galaxy Minstrels Chocolate, 42g",Cooking & Baking | Chocolate,Spices & Seasonings | Chocolate,2,2,4.94,Ramadan 2026
O202600791,2026-03-14,C0052,"The Bridge Bio Organic Almond Sugar Free Drink, 1L | Koita Low Fat Lactose Free Non Harmone Milk, 1L | Nestle Mineral Water, 6x1.5L",Milk Alternatives | Long Life Milk | water,Eggs | Dairy | Water,3,3,9.3,Ramadan 2026
O202600792,2026-03-14,C0064,"Cool Gear Water Bottle - Pink, 650ml",back to school,Water,1,2,7.5,Ramadan 2026
O202600793,2026-03-14,C0084,"Luna Red Kidney Beans, 380g",Canned Vegetables,Canned Food,1,1,0.76,Ramadan 2026
O202600794,2026-03-14,C0150,Blue Mill Paprika 200 g,Cooking & Baking,Spices & Seasonings,1,1,3.85,Ramadan 2026
O202600795,2026-03-14,C0016,"Aroma Garden Seven Spices, 100g",Cooking & Baking,Spices & Seasonings,1,1,2.03,Ramadan 2026
O202600796,2026-03-14,C0029,"Aroma Garden Seven Spices, 100g | Kinza Soda Water Can, 250ml",Cooking & Baking | water,Spices & Seasonings | Water,2,3,2.81,Ramadan 2026
O202600797,2026-03-14,C0125,"Red Bull Energy Drink Watermelon, 250ml | Almarai Mixed Fruit Juice, 1.4L",Sports & Energy Drinks | Juices,Water | Juices,2,3,5.2,Ramadan 2026
O202600798,2026-03-14,C0067,"Unium Chicken Hot Dog, 415g",Canned Meat,Canned Food,1,1,1.45,Ramadan 2026
O202600799,2026-03-15,C0113,"Benina Chili Oil, 150ml | Abu Kass Basmati Rice, 4kg | Ard Jdadna Powder Garlic, 200g",Cooking & Baking | rice | Cooking & Baking,Oil | Rice | Spices & Seasonings,3,3,9.18,Ramadan 2026
O202600800,2026-03-15,C0149,"Almarai Cooking Cream, 500ml",cream,Dairy,1,1,2.65,Ramadan 2026
O202600801,2026-03-15,C0112,Soccer 50 FT Smart Outdoor String Lights Waterproof,World Cup,Water,1,3,5.7,Ramadan 2026
O202600802,2026-03-15,C0012,Set of 2 Ramadan Serving Trays,ramadan,Dates/Ramadan,1,1,8.5,Ramadan 2026
O202600803,2026-03-15,C0105,"Golden Corn Oil, 2.9L | Abu Kass Basmati Rice, 4kg | Al Rabie Orange Juice, 1L",oil | rice | Juices,Oil | Rice | Juices,3,4,18.42,Ramadan 2026
O202600804,2026-03-15,C0046,"Almarai Mango Juice, 1L",Juices,Juices,1,2,2.43,Ramadan 2026
O202600805,2026-03-15,C0093,"Pascual Vive Soy High Calcium Oat Drink, 1L",Milk Alternatives,Dairy,1,1,3.5,Ramadan 2026
O202600806,2026-03-15,C0098,"Aroma Garden Organic Meat Spices, 120g | Storck Toffifee Hazelnut In Caramel Candy, 125g | Afia Pure Corn Oil, 1.5L | Americana Orange Pound Cake, 300g",Cooking & Baking | Chocolate | oil | Cakes and Rolls,Spices & Seasonings | Chocolate | Oil | Juices,4,5,12.28,Ramadan 2026
O202600807,2026-03-15,C0092,"Choco Lake Diamond Twist Kunafa with Peanut Butter Filling, 450g",Chocolate,Dairy,1,1,4.99,Ramadan 2026
O202600808,2026-03-15,C0147,"Mr.Chips Paprika Potato Chips, 68g",Chips,Spices & Seasonings,1,2,1.2,Ramadan 2026
O202600809,2026-03-15,C0143,"Koita Low Fat Lactose Free Non Harmone Milk, 1L",Long Life Milk,Dairy,1,2,5.8,Ramadan 2026
O202600810,2026-03-15,C0131,"Aroma Garden Seven Spices, 100g | Bifa Keks Roll Cake with Cocoa Cream, 50g",Cooking & Baking | Cakes and Rolls,Spices & Seasonings | Bakery,2,2,2.34,Ramadan 2026
O202600811,2026-03-15,C0057,"Ozmo Fun Shape Milk Chocolate Lollipop, 23g",Chocolate,Dairy,1,1,0.6,Ramadan 2026
O202600812,2026-03-15,C0066,"Al Sayad Tuna In Vegetable Oil, 160g",Canned Seafood,Oil,1,1,0.79,Ramadan 2026
O202600813,2026-03-15,C0105,"Barni Chocolate Cake, 30g | Red Bull Energy Drink Watermelon, 250ml",Cakes and Rolls | Sports & Energy Drinks,Chocolate | Water,2,2,2,Ramadan 2026
O202600814,2026-03-15,C0143,Maxim's Mushrooms 425 g 3+1,Canned Fruit,Canned Food,1,1,6.35,Ramadan 2026
O202600815,2026-03-16,C0024,"Almarai Greek Style Full Fat Blueberry Yoghurt, 150g",Yoghurts,Dairy,1,1,0.9,Ramadan 2026
O202600816,2026-03-16,C0067,Soccer 50 FT Smart Outdoor String Lights Waterproof,World Cup,Water,1,1,1.9,Ramadan 2026
O202600817,2026-03-16,C0010,"Afia Pure Corn Oil, 1.5L | Almarai Uht Full Fat Milk with Vitamins, 4x1L",oil | milk,Oil | Dairy,2,3,11.53,Ramadan 2026
O202600818,2026-03-16,C0017,"Bounty Coconut Milk Chocolate Bar, 50g",Chocolate,Dairy,1,1,0.65,Ramadan 2026
O202600819,2026-03-16,C0080,"Alyoum Tang Taste Yoghurt Baladi, 1kg",Yoghurts,Dairy,1,1,1.75,Ramadan 2026
O202600820,2026-03-16,C0069,"Nestle Mineral Water, 6x1.5L",water,Water,1,4,8.8,Ramadan 2026
O202600821,2026-03-16,C0139,"KDD Milk Coffee Latte, 250ml",Specialty Drinks,Dairy,1,1,0.68,Ramadan 2026
O202600822,2026-03-16,C0034,"Almarai Mango Juice, 1L",Juices,Juices,1,1,1.25,Ramadan 2026
O202600823,2026-03-16,C0007,"Aroma Garden Chicken Spices, 100g | Golden Corn Oil, 2.9L",Cooking & Baking | oil,Spices & Seasonings | Oil,2,2,7.78,Ramadan 2026
O202600824,2026-03-16,C0083,"KDD Long Life Apple Juice, 1L",Juices,Juices,1,1,1.33,Ramadan 2026
O202600825,2026-03-16,C0007,"Aroma Garden Seven Spices, 100g",Cooking & Baking,Spices & Seasonings,1,1,2.09,Ramadan 2026
O202600826,2026-03-16,C0044,"Cool Gear Water Bottle - Pink, 650ml",back to school,Water,1,1,3.75,Ramadan 2026
O202600827,2026-03-16,C0095,"Almarai Mixed Berry Juice, 1.4L",Juices,Juices,1,3,6,Ramadan 2026
O202600828,2026-03-17,C0031,"Pascual Vive Soy High Calcium Oat Drink, 1L | Crystal Ice Cubes 2 kg",Milk Alternatives | water,Dairy | Water,2,5,7.46,Ramadan 2026
O202600829,2026-03-17,C0078,"Sama Mineral Water, 12x600ml",water,Water,1,1,1.43,Ramadan 2026
O202600830,2026-03-17,C0046,"KDD Thick Cream, 4x125ml | Crystal Ice Cubes 2 kg",cream | water,Dairy | Water,2,3,3.7,Ramadan 2026
O202600831,2026-03-17,C0079,"Almarai Greek Style Full Fat Strawberry Yoghurt, 150g | KDD Long Life Apple Juice, 1L",Yoghurts | Juices,Dairy | Juices,2,4,4.33,Ramadan 2026
O202600832,2026-03-17,C0030,"Red Bull Energy Drink Watermelon, 250ml",Sports & Energy Drinks,Water,1,1,1.6,Ramadan 2026
O202600833,2026-03-17,C0048,"Almarai Unsalted Natural Butter, 200g",butter,Dairy,1,1,2.05,Ramadan 2026
O202600834,2026-03-17,C0076,"Zwan Chicken Hotdogs Ã— 2 Special Offer | Almarai Natural Unsalted Butter, 100g | Kinza Soda Water Can, 250ml",Canned Meat | butter | water,Canned Food | Eggs | Water,3,4,6.21,Ramadan 2026
O202600835,2026-03-17,C0008,"Nestle Mineral Water, 6x1.5L | Morrisons Apricot Halves in Juice, 410g",water | Canned Fruit,Water | Juices,2,3,10.98,Ramadan 2026
O202600836,2026-03-17,C0028,Crystal Ice Cubes 2 kg,water,Water,1,4,3.96,Ramadan 2026
O202600837,2026-03-17,C0047,"Al Safi UHT Full Fat Milk, 4x1L",Long Life Milk,Dairy,1,2,7.7,Ramadan 2026
O202600838,2026-03-17,C0076,"Ard Jdadna Powder Garlic, 200g",Cooking & Baking,Spices & Seasonings,1,1,1.9,Ramadan 2026
O202600839,2026-03-17,C0048,Blue Mill Garlic Powder 200 g,Cooking & Baking,Spices & Seasonings,1,1,2.89,Ramadan 2026
O202600840,2026-03-17,C0106,"Blue Mill Garlic Powder 200 g | Tiger Rice 3.5 kg | Red Bull Energy Drink Watermelon, 250ml",Cooking & Baking | rice | Sports & Energy Drinks,Spices & Seasonings | Rice | Water,3,3,7.9,Ramadan 2026
O202600841,2026-03-18,C0044,Blue Mill Garlic Powder 200 g,Cooking & Baking,Spices & Seasonings,1,1,2.89,Ramadan 2026
O202600842,2026-03-18,C0062,"Al Sayad Tuna In Vegetable Oil, 160g",Canned Seafood,Oil,1,2,1.58,Ramadan 2026
O202600843,2026-03-18,C0097,Crystal Ice Cubes 2 kg,water,Water,1,2,1.98,Ramadan 2026
O202600844,2026-03-18,C0070,"Alpro Plant-Based Barista Soya Drink, 1L",Milk Alternatives,Dairy,1,1,2.8,Ramadan 2026
O202600845,2026-03-18,C0071,"Aroma Garden Chicken Spices, 100g",Cooking & Baking,Spices & Seasonings,1,1,2.03,Ramadan 2026
O202600846,2026-03-18,C0037,"Cool Gear Cactus Water Bottle with Freeze Stick, 650ml",back to school,Water,1,1,3.64,Ramadan 2026
O202600847,2026-03-18,C0037,"Aroma Garden Biryani Spices, 100g | Red Bull Energy Drink Watermelon, 250ml",Cooking & Baking | Sports & Energy Drinks,Spices & Seasonings | Water,2,2,3.69,Ramadan 2026
O202600848,2026-03-18,C0147,"Sama Mineral Water, 12x600ml | Americana Orange Pound Cake, 300g",water | Cakes and Rolls,Water | Juices,2,4,6.66,Ramadan 2026
O202600849,2026-03-18,C0060,"Al Sayad Tuna In Vegetable Oil, 160g | NewLand Chicken Hot Dog 400 g | Nadec Banana Flavor Milk, 6x125ml",Canned Seafood | Canned Meat | Long Life Milk,Oil | Canned Food | Eggs,3,5,6.44,Ramadan 2026
O202600850,2026-03-19,C0116,"Almarai Greek Style Full Fat Strawberry Yoghurt, 150g",Yoghurts,Dairy,1,1,0.87,Ramadan 2026
O202600851,2026-03-19,C0077,"Sama Mineral Water, 12x600ml | Morrisons Apricot Halves in Juice, 410g",water | Canned Fruit,Water | Juices,2,5,16.03,Ramadan 2026
O202600852,2026-03-19,C0027,"Ozmo Fun Shape Milk Chocolate Lollipop, 23g",Chocolate,Dairy,1,3,1.8,Ramadan 2026
O202600853,2026-03-19,C0074,Tiger Rice 3.5 kg,rice,Rice,1,1,3.65,Ramadan 2026
O202600854,2026-03-19,C0026,"KDD Milk Coffee Latte, 250ml",Specialty Drinks,Dairy,1,1,0.68,Ramadan 2026
O202600855,2026-03-19,C0121,"Kasih Vegetable Oil Cooking Spray, 141g",oil,Oil,1,2,4.5,Ramadan 2026
O202600856,2026-03-19,C0012,Ramadan Decorative Tissue Box â€“ Boy & Girl Design | Al Youm 3% Milk Full Fat 1 L,ramadan | milk,Dates/Ramadan | Dairy,2,2,2.43,Ramadan 2026
O202600857,2026-03-20,C0049,"Pringles Sour Cream & Onion Chips Can, 165g | Kinder Joy Chocolate Egg for Boys Assorted, 20g | Galaxy Jewels Assorted Chocolate Box, 650g",Chips | Chocolate | Chocolate,Chips | Soft Drinks | Chocolate,3,5,20.04,Eid al-Fitr 2026
O202600858,2026-03-20,C0050,"Alyoum Burger Buns, 6 Pieces",Burger Buns,Bakery,1,1,0.52,Eid al-Fitr 2026
O202600859,2026-03-20,C0085,"Mr.Chips Waves Honey Mustard Chips, 50g | Mythic Sensation Mini Milk Chocolate 30 g",Chips | Chocolate,Chips | Soft Drinks,2,4,2.12,Eid al-Fitr 2026
O202600860,2026-03-20,C0026,"Mr.Chips Pizza Flavor Corn Chips, 58g | Galaxy Dark Truffle Dark Chocolate Bar, 33g",Chips | Chocolate,Chips | Soft Drinks,2,4,2.3,Eid al-Fitr 2026
O202600861,2026-03-20,C0064,"Cheetos Crunchy Flaming Hot Chips, 115g",Chips,Chips,1,1,0.95,Eid al-Fitr 2026
O202600862,2026-03-20,C0123,"Doritos Sweet Chili Pepper Tortilla Chips, 120g | Galaxy Caramel Chocolate Bar, 34g | Milka Choco Wafer, (5 Pieces), 150g",Chips | Chocolate | Chocolate,Chips | Chocolate | Soft Drinks,3,5,7.83,Eid al-Fitr 2026
O202600863,2026-03-20,C0062,"Kinder Bueno Milk Chocolate Bar in Wafer with Hazelnut Cream, 43g | Mr.Chips Paprika Snack Mix, 78g",Chocolate | Chips,Chocolate | Chips,2,2,1.21,Eid al-Fitr 2026
O202600864,2026-03-20,C0129,"Galaxy Crispy Chocolate Bar,Â 30g | Smart Chips Ketchup Flavor Stix, 75g | Teeba Yoghurt, 700g | Raffaello Premium Coconut & Almond Pralines, 30g",Chocolate | Chips | youghurt | Chocolate,Chocolate | Chips | Dairy | Soft Drinks,4,7,6.67,Eid al-Fitr 2026
O202600865,2026-03-20,C0079,"L'usine Cupcakes Filled with Chocolate Cream, 18x30g",Cakes and Rolls,Bakery,1,1,1.62,Eid al-Fitr 2026
O202600866,2026-03-20,C0058,"Ozmo Fun Shape Milk Chocolate Lollipop, 23g",Chocolate,Chocolate,1,1,0.54,Eid al-Fitr 2026
O202600867,2026-03-20,C0086,"Molto XL Croissant Chocolate With Hazelnut, 42.5g | Smart Chips Ketchup Flavor Stix, 75g | Nutella B-Ready Chocolate Wafer Bar (6 Bars), 132g",Cakes and Rolls | Chips | Chocolate,Chocolate | Chips | Soft Drinks,3,4,4.66,Eid al-Fitr 2026
O202600868,2026-03-20,C0012,"Kinder Chocolate Milk Chocolate Bars With Milky Filling (4 Bars), 50g",Chocolate,Chocolate,1,1,0.54,Eid al-Fitr 2026
O202600869,2026-03-20,C0126,"Alyoum Burger Buns, 6 Pieces",Burger Buns,Bakery,1,2,0.99,Eid al-Fitr 2026
O202600870,2026-03-20,C0053,"Smart Chips Crunchy Rings Pizza Flavor, 80g | Morrisons Apricot Halves in Juice, 410g",Chips | Canned Fruit,Chips | Juices,2,3,8.8,Eid al-Fitr 2026
O202600871,2026-03-20,C0076,"Snickers Chocolate Bar Filled with Caramel & Peanuts, 40g | Smart Chips Crunchy Rings Pizza Flavor, 80g | Americana Chocolate Pound Cake, 300g",Chocolate | Chips | Cakes and Rolls,Chocolate | Chips | Soft Drinks,3,6,8.74,Eid al-Fitr 2026
O202600872,2026-03-20,C0085,"Mr.Chips Paprika Potato Chips, 68g | Molto XL Croissant Chocolate With Hazelnut, 42.5g | Kinder Bueno Milk Chocolate Bar in Wafer with Hazelnut Cream, 43g",Chips | Cakes and Rolls | Chocolate,Chips | Soft Drinks | Chocolate,3,3,1.47,Eid al-Fitr 2026
O202600873,2026-03-20,C0135,"Galaxy Caramel Chocolate Bar, 34g",Chocolate,Soft Drinks,1,2,1.39,Eid al-Fitr 2026
O202600874,2026-03-21,C0005,"Mythic Sensation Mini Milk Chocolate 30 g | Hala Cheezers Twist Chips, 30g | Choco Lake Diamond Twist Kunafa with Peanut Butter Filling, 450g",Chocolate | Chips | Chocolate,Chocolate | Chips | Soft Drinks,3,7,19.67,Eid al-Fitr 2026
O202600875,2026-03-21,C0084,"Mr.Chips Bugles Cheese Flavor Corn Snacks, 33g | Eti Aditco Chocolate Cake, 36g | Galaxy Hazelnut Chocolate Bar, 30g",Chips | Cakes and Rolls | Chocolate,Chips | Soft Drinks | Chocolate,3,6,2.86,Eid al-Fitr 2026
O202600876,2026-03-21,C0126,"G Cherry Pop Sugar Free Flavored Soda, 300ml",Soft Drinks,Soft Drinks,1,1,0.52,Eid al-Fitr 2026
O202600877,2026-03-21,C0010,"Galaxy Minstrels Chocolate, 42g | Almarai Greek Style Full Fat Strawberry Yoghurt, 150g | G Mixed Berry Fusion Flavored Soda, 300ml | Americana Chocolate Pound Cake, 300g",Chocolate | Yoghurts | Soft Drinks | Cakes and Rolls,Chocolate | Eggs | Soft Drinks | Bakery,4,6,5.42,Eid al-Fitr 2026
O202600878,2026-03-21,C0009,"SWYOUN 48PCS Eid Al Adha Cupcake Topper Party Decorations | Al Rabie Orange Juice, 1L",Eid al-Adha | Juices,Bakery | Juices,2,6,6.55,Eid al-Fitr 2026
O202600879,2026-03-21,C0066,"Eti Aditco Chocolate Cake, 36g | Mr.Chips Cheese Pop Corn, 58g | L'usine Vanilla Cupcakes, 18x30g",Cakes and Rolls | Chips | Cakes and Rolls,Chocolate | Chips | Bakery,3,4,3.32,Eid al-Fitr 2026
O202600880,2026-03-21,C0147,"Spuds Prime Ribs Craft Cooked Chips, 65g | Galaxy Minstrels Chocolate, 42g | Koita Organic Chocolate Milk Uht 200 ml",Chips | Chocolate | Long Life Milk,Chips | Soft Drinks | Chocolate,3,5,5.1,Eid al-Fitr 2026
O202600881,2026-03-21,C0051,Said Junior Cup 50 g,Chocolate,Soft Drinks,1,2,1.42,Eid al-Fitr 2026
O202600882,2026-03-21,C0137,"Pringles Salt & Vinegar Chips Can, 165g | Nestle Kitkat Hazelnut 4 Fingers Chocolate, 41.5g",Chips | Chocolate,Chips | Chocolate,2,2,2.3,Eid al-Fitr 2026
O202600883,2026-03-21,C0097,"Lay's French Cheese Potato Chips, 110g | SWYOUN 48PCS Eid Al Adha Cupcake Topper Party Decorations",Chips | Eid al-Adha,Chips | Bakery,2,2,1.66,Eid al-Fitr 2026
O202600884,2026-03-21,C0147,"Hala Cheezers Twist Chips, 30g | Ozmo Milk Chocolate Egg Shapes, 20g | Eti Pop Kek Mini Cake with Dark Chocolate, 144g",Chips | Chocolate | Cakes and Rolls,Chips | Soft Drinks | Chocolate,3,6,4.46,Eid al-Fitr 2026
O202600885,2026-03-21,C0051,"Galaxy Caramel Chocolate Bar, 34g",Chocolate,Soft Drinks,1,2,1.39,Eid al-Fitr 2026
O202600886,2026-03-21,C0079,"Coloring Prayer Mat for Kids â€“ Ramadan Edition, Blue, Washable, Portable Gift Set | Orasi Soy Milk Sugar Free, 1L | Cool Gear Cactus Water Bottle with Freeze Stick, 650ml",ramadan | Milk Alternatives | back to school,Dates/Ramadan | Dairy | Water,3,5,15.41,Eid al-Fitr 2026
O202600887,2026-03-21,C0139,"Galaxy Minstrels Chocolate, 42g | Mr.Chips Cheese Pop Corn, 58g | Milka Choco Wafer, (5 Pieces), 150g",Chocolate | Chips | Chocolate,Chocolate | Chips | Soft Drinks,3,3,3.85,Eid al-Fitr 2026
O202600888,2026-03-21,C0026,Ramadan Decorative Tissue Box â€“ Boy & Girl Design,ramadan,Dates/Ramadan,1,1,0.92,Eid al-Fitr 2026
O202600889,2026-03-21,C0006,"Spuds Prime Ribs Craft Cooked Chips, 65g | Choco Lake Choco Biscuits 650G | Ozmo Hoppo Biscuit Filled with Chocolate Cream, 40g",Chips | Chocolate | Chocolate,Chips | Soft Drinks | Chocolate,3,5,5.56,Eid al-Fitr 2026
O202600890,2026-03-21,C0033,"Galaxy Hazelnut Chocolate Bar, 30g | Galaxy Minstrels Chocolate, 42g | Americana Chocolate Pound Cake, 300g | Americana Orange Pound Cake, 300g",Chocolate | Chocolate | Cakes and Rolls | Cakes and Rolls,Chocolate | Soft Drinks | Bakery | Juices,4,7,9.25,Eid al-Fitr 2026
O202600891,2026-03-21,C0130,"Morrisons Apricot Halves in Juice, 410g",Canned Fruit,Juices,1,2,8.34,Eid al-Fitr 2026
O202600892,2026-03-21,C0001,"Americana Orange Pound Cake, 300g",Cakes and Rolls,Juices,1,1,1.8,Eid al-Fitr 2026
O202600893,2026-03-21,C0002,"Lay's Tomato Ketchup Potato Chips, 110g",Chips,Chips,1,1,0.95,Eid al-Fitr 2026
O202600894,2026-03-21,C0092,"Pringles Salt & Vinegar Chips Can, 165g",Chips,Chips,1,2,3.23,Eid al-Fitr 2026
O202600895,2026-03-21,C0016,"Mr.Chips Salt & Vinegar Potato Chips, 68g | Molto XL Croissant Chocolate With Hazelnut, 42.5g | L'usine Cupcakes Filled with Chocolate Cream, 18x30g",Chips | Cakes and Rolls | Cakes and Rolls,Chips | Soft Drinks | Bakery,3,3,2.52,Eid al-Fitr 2026
O202600896,2026-03-21,C0134,"Eti PopkekÂ Cocoa Cake, 35g",Cakes and Rolls,Bakery,1,1,0.28,Eid al-Fitr 2026
O202600897,2026-03-22,C0060,"Americana Orange Pound Cake, 300g",Cakes and Rolls,Juices,1,4,6.84,Eid al-Fitr 2026
O202600898,2026-03-22,C0019,"Nestle Kitkat Hazelnut 4 Fingers Chocolate, 41.5g",Chocolate,Soft Drinks,1,4,3.04,Eid al-Fitr 2026
O202600899,2026-03-22,C0056,"Eti Aditco Chocolate Cake, 36g",Cakes and Rolls,Chocolate,1,1,0.37,Eid al-Fitr 2026
O202600900,2026-03-22,C0033,"Barni Chocolate Cake, 30g | Americana Orange Pound Cake, 300g | Almarai Mixed Berry Juice, 1.4L | Doritos Nacho Cheese Tortilla Chips, 120g | TT Peach ice Tea, 330ml",Cakes and Rolls | Cakes and Rolls | Juices | Chips | Soft Drinks,Chocolate | Bakery | Juices | Chips | Soft Drinks,5,7,7.18,Eid al-Fitr 2026
O202600901,2026-03-22,C0131,"Eti PopkekÂ Cocoa Cake, 35g",Cakes and Rolls,Bakery,1,1,0.28,Eid al-Fitr 2026
O202600902,2026-03-22,C0032,"Mythic Sensation Mini Milk Chocolate 30 g | Spuds Sweet & Chilli Salsa Craft Cooked Chips, 65g | Kinder Bueno Milk Chocolate Bar in Wafer with Hazelnut Cream, 43g | KDD Long Life Apple Juice, 1L",Chocolate | Chips | Chocolate | Juices,Chocolate | Chips | Soft Drinks | Juices,4,8,7.16,Eid al-Fitr 2026
O202600903,2026-03-22,C0046,"Al Rabie Orange Juice, 1L",Juices,Juices,1,3,4.28,Eid al-Fitr 2026
O202600904,2026-03-22,C0091,"Mr.Chips Cheese Pop Corn, 58g | Kinder Happy Hippo Biscuits with Double Cream Filling, 103.5g | Kinder Bueno Milk Chocolate Bar in Wafer with Hazelnut Cream, 43g",Chips | Chocolate | Chocolate,Chips | Soft Drinks | Chocolate,3,5,6.89,Eid al-Fitr 2026
O202600905,2026-03-22,C0020,"Eti PopkekÂ Cocoa Cake, 35g | Morrisons Apricot Halves in Juice, 410g",Cakes and Rolls | Canned Fruit,Bakery | Juices,2,3,4.49,Eid al-Fitr 2026
O202600906,2026-03-22,C0074,"Americana Orange Pound Cake, 300g",Cakes and Rolls,Juices,1,1,1.8,Eid al-Fitr 2026
O202600907,2026-03-22,C0001,"Al Rabie Orange Juice, 1L",Juices,Juices,1,1,1.47,Eid al-Fitr 2026
O202600908,2026-03-22,C0029,"Mr.Chips Paprika Potato Chips, 68g",Chips,Chips,1,1,0.54,Eid al-Fitr 2026
O202600909,2026-03-22,C0093,"Hala Cheezers Twist Chips, 30g",Chips,Chips,1,1,0.09,Eid al-Fitr 2026
O202600910,2026-03-22,C0075,"Morrisons Apricot Halves in Juice, 410g",Canned Fruit,Juices,1,2,8.34,Eid al-Fitr 2026
O202600911,2026-03-22,C0081,"Molto XL Croissant Chocolate With Hazelnut, 42.5g",Cakes and Rolls,Bakery,1,1,0.24,Eid al-Fitr 2026
O202600912,2026-03-22,C0098,"Galaxy Hazelnut Chocolate Bar, 30g | Smart Chips Ketchup Flavor Stix, 75g | Eti Adicto Gold Mini Chocolate Brown Cake, 180g | Al Rabie Orange Juice, 1L",Chocolate | Chips | Cakes and Rolls | Juices,Chocolate | Chips | Bakery | Juices,4,4,4.88,Eid al-Fitr 2026
O202600913,2026-03-22,C0075,"Spuds Sweet & Chilli Salsa Craft Cooked Chips, 65g",Chips,Chips,1,1,0.71,Eid al-Fitr 2026
O202600914,2026-03-22,C0058,"Al Rabie Orange Juice, 1L",Juices,Juices,1,3,4.28,Eid al-Fitr 2026
O202600915,2026-03-22,C0116,"Galaxy Smooth Milk Chocolate Bar,Â 30g",Chocolate,Chocolate,1,3,2.13,Eid al-Fitr 2026
O202600916,2026-03-22,C0052,"Nestle Kitkat Hazelnut 4 Fingers Chocolate, 41.5g | Lay's Chili Potato Chips, 110g | Galaxy Jewels Assorted Chocolate Box, 650g",Chocolate | Chips | Chocolate,Chocolate | Chips | Soft Drinks,3,6,49.05,Eid al-Fitr 2026
O202600917,2026-03-22,C0145,"Kinder Happy Hippo Biscuits with Double Cream Filling, 103.5g | Mr.Chips Paprika Potato Chips, 68g",Chocolate | Chips,Chocolate | Chips,2,2,2.42,Eid al-Fitr 2026
O202600918,2026-03-22,C0034,"Kinder Joy Chocolate Egg for Boys Assorted, 20g",Chocolate,Soft Drinks,1,2,1.26,Eid al-Fitr 2026
O202600919,2026-03-22,C0125,"Teeba Labneh, 180g | L'usine Cupcakes Filled with Chocolate Cream, 18x30g",labneh | Cakes and Rolls,Eggs | Bakery,2,5,6.07,Eid al-Fitr 2026
O202600920,2026-03-22,C0053,"Lay's French Cheese Potato Chips, 110g | Jordina Joy Orange, 1L | Galaxy Crispy Chocolate Bar,Â 30g",Chips | Soft Drinks | Chocolate,Chips | Soft Drinks | Chocolate,3,4,3.2,Eid al-Fitr 2026
O202600921,2026-03-22,C0027,"Mr.Chips Crocodile Cheese & Pizza Flavor Snack, 58g | Galaxy Caramel Chocolate Bar, 34g | Barni Chocolate Cake, 30g",Chips | Chocolate | Cakes and Rolls,Chips | Soft Drinks | Chocolate,3,6,2.69,Eid al-Fitr 2026
O202600922,2026-03-23,C0036,SWYOUN 48PCS Eid Al Adha Cupcake Topper Party Decorations,Eid al-Adha,Bakery,1,1,0.71,Eid al-Fitr 2026
O202600923,2026-03-23,C0039,"Lay's Salt & Vinegar Chips, 110g | Eti Pop Kek Mini Cake with Dark Chocolate, 144g | Milka Choco Wafer, (5 Pieces), 150g | Jordina Joy Orange, 1L",Chips | Cakes and Rolls | Chocolate | Soft Drinks,Chips | Soft Drinks | Chocolate | Juices,4,4,5.23,Eid al-Fitr 2026
O202600924,2026-03-23,C0083,"Spuds Sour Cream & Onion Craft Cooked Chips, 65g | Galaxy Smooth Milk Chocolate Bar,Â 30g | L'usine Soft Cupcakes Filled with Strawberry Cream, 18x30g",Chips | Chocolate | Cakes and Rolls,Chips | Soft Drinks | Bakery,3,5,4.62,Eid al-Fitr 2026
O202600925,2026-03-23,C0064,"Ramadan Advent Calendar 30 Days Countdown Calendars | Galaxy Smooth Milk Chocolate Bar,Â 30g | Kinza Soda Water Can, 250ml",Eid al-Fitr | Chocolate | water,Dates/Ramadan | Dairy | Water,3,5,4.46,Eid al-Fitr 2026
O202600926,2026-03-23,C0032,"KDD Mango Nectar, 1L",Juices,Juices,1,1,1.26,Eid al-Fitr 2026
O202600927,2026-03-23,C0116,"Kinder Joy Chocolate Egg for Boys Assorted, 20g",Chocolate,Chocolate,1,1,0.63,Eid al-Fitr 2026
O202600928,2026-03-23,C0042,"Eti Pop Kek Cocoa Cake, 200g",Cakes and Rolls,Bakery,1,1,1.85,Eid al-Fitr 2026
O202600929,2026-03-23,C0003,"Ozmo Hoppo Biscuit Filled with Chocolate Cream, 40g | Mr.Chips Paprika Snack Mix, 78g",Chocolate | Chips,Chocolate | Chips,2,2,1.14,Eid al-Fitr 2026
O202600930,2026-03-23,C0108,"L'usine Cupcakes Filled with Chocolate Cream, 18x30g",Cakes and Rolls,Soft Drinks,1,3,4.97,Eid al-Fitr 2026
O202600931,2026-03-23,C0115,"Doritos Sweet Chili Pepper Tortilla Chips, 120g | Koita Low Fat Lactose Free Non Harmone Milk, 1L | Galaxy Caramel Chocolate Bar, 34g | Said Junior Cup 50 g",Chips | Long Life Milk | Chocolate | Chocolate,Chips | Eggs | Soft Drinks | Chocolate,4,9,14.86,Eid al-Fitr 2026
O202600932,2026-03-23,C0097,"Alyoum Burger Buns, 6 Pieces | Al Rabie Orange Juice, 1L",Burger Buns | Juices,Bakery | Juices,2,3,3.47,Eid al-Fitr 2026
O202600933,2026-03-23,C0130,"Mr.Chips Salt & Vinegar Potato Chips, 68g",Chips,Chips,1,1,0.55,Eid al-Fitr 2026
O202600934,2026-03-23,C0040,"Lay's French Cheese Potato Chips, 110g | TT Peach ice Tea, 330ml",Chips | Soft Drinks,Chips | Soft Drinks,2,3,1.42,Eid al-Fitr 2026
O202600935,2026-03-23,C0146,"Ozmo Fun Shape Milk Chocolate Lollipop, 23g | Pringles Sour Cream & Onion Chips Can, 165g | 3 Pcs Eid Mubarak Decorations Ramadan Wooden Table Centerpieces",Chocolate | Chips | Eid al-Adha,Chocolate | Chips | Dates/Ramadan,3,3,3.5,Eid al-Fitr 2026
O202600936,2026-03-24,C0024,"Mr.Chips Disco Cheddar Cheese Flavor Snack, 58g | Kinza Soda Water Can, 250ml | Eti Pop Kek Mini Cake with Dark Chocolate, 144g",Chips | water | Cakes and Rolls,Chips | Soft Drinks | Chocolate,3,3,2.14,Normal
O202600937,2026-03-24,C0029,Choco Lake Choco Biscuits 650G,Chocolate,Soft Drinks,1,4,12,Normal
O202600938,2026-03-24,C0134,"Matrix Fruit Carbonated Drink, 250ml",Soft Drinks,Fruit And Veg,1,1,0.25,Normal
O202600939,2026-03-24,C0131,"Mr.Chips Crocodile Cheese & Pizza Flavor Snack, 58g | G Cherry Pop Sugar Free Flavored Soda, 300ml | Kinder Happy Hippo Biscuits with Double Cream Filling, 103.5g",Chips | Soft Drinks | Chocolate,Chips | Soft Drinks | Chocolate,3,6,4.1,Normal
O202600940,2026-03-24,C0138,"Koita Lactose Free Skim Milk, 1L",Long Life Milk,Dairy,1,1,3.1,Normal
O202600941,2026-03-24,C0109,"Smart Chips Ketchup Flavor Stix, 75g | Cheetos Crunchy Flaming Hot Chips, 115g | Mr.Chips Crocodile Cheese & Pizza Flavor Snack, 58g",Chips | Chips | Chips,Sauce | Chips | Frozen pizza,3,3,2.45,Normal
O202600942,2026-03-24,C0037,"Mr.Chips Pizza Flavor Corn Chips, 58g",Chips,Frozen pizza,1,1,0.25,Normal
O202600943,2026-03-25,C0134,"Mr.Chips Paprika Snack Mix, 78g",Chips,Chips,1,1,0.58,Normal
O202600944,2026-03-25,C0097,"Bounty Coconut Milk Chocolate Bar, 50g",Chocolate,Soft Drinks,1,1,0.65,Normal
O202600945,2026-03-25,C0042,"NewLand Special Sauce For Burgers & Fries, 300g | Frozen fries | Frozen pizza | Ferrero Rocher Fine Crunchy Hazelnuts Dipped in Smooth Milk Chocolate, (3 Pieces), 37.5g",Cooking & Baking | frozen food | frozen food | Chocolate,Sauce | Frozen fries | Frozen pizza | Soft Drinks,4,6,10.44,Normal
O202600946,2026-03-25,C0122,"Americana Chocolate Pound Cake, 300g | Alyoum Burger Buns, 6 Pieces | Mr.Chips Bugles Cheese Flavor Corn Snacks, 33g | Nadec Burger Cheese (10 Slices), 200g | Cool Gear Cactus Water Bottle with Freeze Stick, 650ml | Lay's Tomato Ketchup Potato Chips, 110g | Pringles Salt & Vinegar Chips Can, 165g | Eti Adicto Gold Mini Chocolate Brown Cake, 180g",Cakes and Rolls | Burger Buns | Chips | Cheese | back to school | Chips | Chips | Cakes and Rolls,Chocolate | Burger Buns | Cheese | Burger | Water | Sauce | Chips | Soft Drinks,8,13,25.19,Normal
O202600947,2026-03-25,C0035,"Frozen fries | Frozen pizza | Al Rabie Orange Juice, 1L | NewLand Special Sauce For Burgers & Fries, 300g | G Cherry Pop Sugar Free Flavored Soda, 300ml",frozen food | frozen food | Juices | Cooking & Baking | Soft Drinks,Frozen fries | Frozen pizza | Juices | Sauce | Soft Drinks,5,12,21.03,Normal
O202600948,2026-03-25,C0115,"Pasta Zara Conchiglie No.54, 500g",pasta,Pasta,1,1,1.31,Normal
O202600949,2026-03-25,C0138,"KDD Milk Coffee Latte, 250ml | Soccer 50 FT Smart Outdoor String Lights Waterproof",Specialty Drinks | World Cup,Dairy | Water,2,2,2.6,Normal
O202600950,2026-03-25,C0109,"Kinder Bueno Milk Chocolate Bar in Wafer with Hazelnut Cream, 43g | Mr.Chips Cheese Pop Corn, 58g | Nadec Milk Chocolate Milk, 6x125ml | Bifa Keks Cocoa Oval Banana Sauce Cake, 45g",Chocolate | Chips | Long Life Milk | Cakes and Rolls,Chocolate | Chips | Soft Drinks | Bakery,4,6,3.5,Normal
O202600951,2026-03-26,C0114,"Lay's Chili Potato Chips, 110g",Chips,Chips,1,1,1,Normal
O202600952,2026-03-26,C0001,"KDD Milk Coffee Latte, 250ml",Specialty Drinks,Dairy,1,3,2.1,Normal
O202600953,2026-03-26,C0103,"Lay's Tomato Ketchup Potato Chips, 110g | Nestle Mineral Water, 6x1.5L",Chips | water,Chips | Water,2,5,9.51,Normal
O202600954,2026-03-26,C0015,"Bounty Coconut Milk Chocolate Bar, 50g | Lay's Tomato Ketchup Potato Chips, 110g | Nadec Milk Chocolate Milk, 6x125ml | Kinza Soda Water Can, 250ml",Chocolate | Chips | Long Life Milk | water,Chocolate | Chips | Dairy | Soft Drinks,4,6,5.07,Normal
O202600955,2026-03-26,C0045,"Foster Clark's Bicarbonate of Soda, 150g",Cooking & Baking,Soft Drinks,1,1,0.9,Normal
O202600956,2026-03-27,C0124,"Mr.Chips Salt & Vinegar Potato Chips, 68g | Alyoum Burger Buns, 6 Pieces",Chips | Burger Buns,Chips | Burger,2,4,2.35,Normal
O202600957,2026-03-27,C0024,"Eti Pop Kek Mini Cake with Dark Chocolate, 144g",Cakes and Rolls,Chocolate,1,1,1.6,Normal
O202600958,2026-03-27,C0052,Frozen fries,frozen food,Frozen fries,1,2,3.8,Normal
O202600959,2026-03-27,C0108,"Mr.Chips Bugles Cheese Flavor Corn Snacks, 33g | Alpro Plant-Based Barista Soya Drink, 1L",Chips | Milk Alternatives,Chips | Dairy,2,2,3.1,Normal
O202600960,2026-03-27,C0071,"Kinza Zero Sugar Lemon Soft Drink Can, 250ml",Soft Drinks,Soft Drinks,1,4,1,Normal
O202600961,2026-03-27,C0070,"Ard Jdadna Powder Garlic, 200g | Smart Chips Crunchy Rings Pizza Flavor, 80g | Crush Cola Soft Drink Pet Bottle, 1L | Almarai Mixed Fruit Juice, 1.4L",Cooking & Baking | Chips | Soft Drinks | Juices,Sauce | Frozen pizza | Soft Drinks | Juices,4,6,8.23,Normal
O202600962,2026-03-27,C0034,"Mr.Chips Bugles Cheese Flavor Corn Snacks, 33g | Raffaello Premium Coconut & Almond Pralines, 30g | Eti Adicto Gold Mini Chocolate Brown Cake, 180g",Chips | Chocolate | Cakes and Rolls,Chips | Soft Drinks | Chocolate,3,6,5.6,Normal
O202600963,2026-03-27,C0099,"Alyoum Tang Taste Yoghurt Baladi, 1kg | Kinza Lemon Carbonated Drink, 1L",Yoghurts | Soft Drinks,Dairy | Soft Drinks,2,5,3.35,Normal
O202600964,2026-03-27,C0057,"Mr.Chips Salt & Vinegar Potato Chips, 68g | Kraft Original Cheddar Cheese Slices, 200g | Choco Lake Choco Biscuits 650G | Burger",Chips | Cheese | Chocolate | frozen food,Chips | Cheese | Soft Drinks | Burger,4,6,14.45,Normal
O202600965,2026-03-27,C0056,"Galaxy Minstrels Chocolate, 42g | Frozen pizza | Crush Orange Soft Drink Pet Bottle, 1L | NewLand Mayonnaise, 300ml | Mr.Chips Salt & Vinegar Potato Chips, 68g | Snickers Chocolate Bar Filled with Caramel & Peanuts, 40g",Chocolate | frozen food | Soft Drinks | Cooking & Baking | Chips | Chocolate,Chocolate | Frozen pizza | Juices | Sauce | Chips | Soft Drinks,6,12,12.97,Normal
O202600966,2026-03-28,C0139,"Storck Toffifee Hazelnut In Caramel Candy, 125g | Lay's Salt & Vinegar Chips, 110g | Crush Cola Soft Drink Pet Bottle, 1L",Chocolate | Chips | Soft Drinks,Chocolate | Chips | Soft Drinks,3,4,3.81,Normal
O202600967,2026-03-28,C0011,"Mr.Chips Waves Honey Mustard Chips, 50g | Kinder Joy Chocolate Egg for Boys Assorted, 20g | Raffaello Premium Coconut & Almond Pralines, 30g | Bifa Keks Cocoa Oval Banana Sauce Cake, 45g",Chips | Chocolate | Chocolate | Cakes and Rolls,Chips | Soft Drinks | Chocolate | Bakery,4,6,4.3,Normal
O202600968,2026-03-28,C0128,"Nadec Long Life Full Fat UHT Milk, 4x1L | Pascual Vive Soy High Calcium Soy Drink, 1L",Long Life Milk | Milk Alternatives,Eggs | Dairy,2,4,13.55,Normal
O202600969,2026-03-28,C0150,"Almarai Natural Unsalted Butter, 100g | Nutella B-Ready Chocolate Wafer Bar (6 Bars), 132g",butter | Chocolate,Eggs | Soft Drinks,2,2,3.24,Normal
O202600970,2026-03-28,C0145,"Choco Lake Choco Biscuits 650G | Mr.Chips Crocodile Cheese & Pizza Flavor Snack, 58g | Mythic Sensation Mini Milk Chocolate 30 g | Americana Orange Pound Cake, 300g",Chocolate | Chips | Chocolate | Cakes and Rolls,Chocolate | Chips | Soft Drinks | Bakery,4,6,6.5,Normal
O202600971,2026-03-28,C0046,"Americana Orange Pound Cake, 300g",Cakes and Rolls,Bakery,1,1,1.9,Normal
O202600972,2026-03-28,C0095,"Nestle Kitkat Hazelnut 4 Fingers Chocolate, 41.5g | Choco Lake Diamond Twist Kunafa with Peanut Butter Filling, 450g | Snickers Chocolate Bar Filled with Caramel & Peanuts, 40g",Chocolate | Chocolate | Chocolate,Chocolate | Dairy | Soft Drinks,3,4,6.99,Normal
O202600973,2026-03-28,C0119,"Ozmo Fun Shape Milk Chocolate Lollipop, 23g | Mythic Sensation Mini Milk Chocolate 30 g",Chocolate | Chocolate,Chocolate | Soft Drinks,2,2,1.15,Normal
O202600974,2026-03-28,C0145,"Ozmo Fun Shape Milk Chocolate Lollipop, 23g",Chocolate,Dairy,1,1,0.6,Normal
O202600975,2026-03-28,C0036,"Lay's Salt & Vinegar Chips, 110g | Ozmo Milk Chocolate Egg Shapes, 20g | Ozmo Fun Shape Milk Chocolate Lollipop, 23g",Chips | Chocolate | Chocolate,Chips | Soft Drinks | Chocolate,3,4,3.1,Normal
O202600976,2026-03-28,C0042,"Mr.Chips Cheese Pop Corn, 58g",Chips,Chips,1,1,0.65,Normal
O202600977,2026-03-28,C0002,Al-Bayrouti Chick Peas 3x400g,Canned Fruit,Fruit And Veg,1,1,1.46,Normal
O202600978,2026-03-29,C0023,"Almarai Greek Style Full Fat Blueberry Yoghurt, 150g",Yoghurts,Dairy,1,1,0.9,Normal
O202600979,2026-03-29,C0132,"G Pink Lemonade Flavored Soda, 300ml",Soft Drinks,Soft Drinks,1,2,1.1,Normal
O202600980,2026-03-29,C0092,"Pringles Sour Cream & Onion Chips Can, 165g",Chips,Chips,1,1,1.7,Normal
O202600981,2026-03-29,C0005,"Pasta Zara Conchiglie No.54, 500g | Smart Chips Crunchy Rings Pizza Flavor, 80g | Almarai Mixed Berry Juice, 1.4L | Kikkoman Soy Sauce, 591ml | Hammoudeh Lactose Free Full Fat UHT Milk, 1L | G Cherry Pop Sugar Free Flavored Soda, 300ml",pasta | Chips | Juices | Cooking & Baking | milk | Soft Drinks,Pasta | Frozen pizza | Juices | Sauce | Dairy | Soft Drinks,6,11,17.01,Normal
O202600982,2026-03-29,C0049,"Doritos Nacho Cheese Tortilla Chips, 120g | Mr. Brown Chocolate Flavor Iced Coffee, 240ml",Chips | Specialty Drinks,Chips | Soft Drinks,2,3,2.9,Normal
O202600983,2026-03-29,C0084,"Alyoum Burger Buns, 6 Pieces",Burger Buns,Bakery,1,2,1.1,Normal
O202600984,2026-03-29,C0134,"Freez Blue Hawaii Tropical Fruits Flavored Carbonated Drink, 275ml",Specialty Drinks,Fruit And Veg,1,1,1,Normal
O202600985,2026-03-29,C0044,"Ard Jdadna Powder Garlic, 200g | Frozen pizza | Al-Ghazal Pasta Bucatini 1, 300g | Jordina Joy Orange, 1L",Cooking & Baking | frozen food | pasta | Soft Drinks,Sauce | Frozen pizza | Pasta | Juices,4,4,5.48,Normal
O202600986,2026-03-30,C0056,"Nadec Full Fat Fresh Milk, 6x125ml",Long Life Milk,Dairy,1,2,2.26,Normal
O202600987,2026-03-30,C0071,"Almarai Cooking Cream, 500ml | Kinder Bueno Milk Chocolate Bar in Wafer with Hazelnut Cream, 43g",cream | Chocolate,Dairy | Soft Drinks,2,4,4.75,Normal
O202600988,2026-03-30,C0123,"California Garden Whole Kernal Sweet Corn, 400g | Eti Aditco Chocolate Cake, 36g",Canned Vegetables | Cakes and Rolls,Fruit And Veg | Bakery,2,2,1.44,Normal
O202600989,2026-03-30,C0041,"Spuds Sweet & Chilli Salsa Craft Cooked Chips, 65g | Jordina Joy Cola, 1L | Koita Organic Chocolate Milk Uht 200 ml",Chips | Soft Drinks | Long Life Milk,Chips | Soft Drinks | Chocolate,3,6,4.8,Normal
O202600990,2026-03-30,C0011,"Americana Chocolate Pound Cake, 300g",Cakes and Rolls,Bakery,1,1,1.9,Normal
O202600991,2026-03-30,C0011,"Choco Lake Choco Biscuits 650G | Frozen pizza | KDD Mango Nectar, 1L",Chocolate | frozen food | Juices,Chocolate | Frozen pizza | Juices,3,4,8.15,Normal
O202600992,2026-03-30,C0122,"Mr.Chips Salt & Vinegar Potato Chips, 68g",Chips,Chips,1,3,1.8,Normal
O202600993,2026-03-31,C0014,"Fruit And Veg | Bifa Keks Roll Black and White Cake, 50g",frozen food | Cakes and Rolls,Fruit And Veg | Bakery,2,2,1.1,Normal
O202600994,2026-03-31,C0111,"Benina Garlic Chili Sauce, 280g | Smart Chips Crunchy Rings Pizza Flavor, 80g | Almarai Mango Juice, 1L",Cooking & Baking | Chips | Juices,Sauce | Frozen pizza | Juices,3,4,4.99,Normal
O202600995,2026-03-31,C0064,"Mr.Chips Waves Smoky Bbq Chips, 50g | Koita UHT Coconut Milk - No Added Sugar, 1L | Galaxy Jewels Assorted Chocolate Box, 650g | Galaxy Caramel Chocolate Bar, 34g",Chips | Milk Alternatives | Chocolate | Chocolate,Chips | Dairy | Soft Drinks | Chocolate,4,4,22.42,Normal
O202600996,2026-03-31,C0028,"American Garden Strawberry Topping & Filling, No Artificial Flavors, 595g",Canned Fruit,Fruit And Veg,1,1,4.75,Normal
O202600997,2026-03-31,C0086,"Benina Garlic Chili Sauce, 280g | Frozen fries | TT Peach ice Tea, 330ml",Cooking & Baking | frozen food | Soft Drinks,Sauce | Frozen fries | Soft Drinks,3,7,9.74,Normal
O202600998,2026-03-31,C0115,"Milka Choco Wafer, (5 Pieces), 150g | Spuds Sour Cream & Onion Craft Cooked Chips, 65g | Barni Chocolate Cake, 30g",Chocolate | Chips | Cakes and Rolls,Chocolate | Chips | Soft Drinks,3,4,3.86,Normal
O202600999,2026-03-31,C0086,"Doritos Nacho Cheese Tortilla Chips, 120g",Chips,Chips,1,1,1,Normal
O202601000,2026-03-31,C0008,"Molto XL Croissant Chocolate With Hazelnut, 42.5g",Cakes and Rolls,Soft Drinks,1,2,0.5,Normal
O202601001,2026-03-31,C0067,"Almarai Greek Style Full Fat Blueberry Yoghurt, 150g",Yoghurts,Dairy,1,1,0.87,Normal
O202601002,2026-03-31,C0054,"Mr.Chips Pizza Flavor Corn Chips, 58g | L'usine Cupcakes Filled with Chocolate Cream, 18x30g | Ozmo Hoppo Biscuit Filled with Chocolate Cream, 40g",Chips | Cakes and Rolls | Chocolate,Chips | Soft Drinks | Chocolate,3,6,7.81,Normal
O202601003,2026-04-01,C0141,"Frozen fries | Five Cows Thick Cream, 4x125ml | SWYOUN 48PCS Eid Al Adha Cupcake Topper Party Decorations",frozen food | cream | Eid al-Adha,Frozen fries | Eggs | Bakery,3,3,4.35,Normal
O202601004,2026-04-01,C0117,"Said Junior Cup 50 g | Almarai Mixed Fruit Juice, 200ml | Nadec Long Life Full Fat UHT Milk, 4x1L | Mr.Chips Salt & Vinegar Potato Chips, 68g | TT Peach ice Tea, 330ml",Chocolate | Juices | Long Life Milk | Chips | Soft Drinks,Chocolate | Fruit And Veg | Eggs | Chips | Soft Drinks,5,6,8.6,Normal
O202601005,2026-04-01,C0002,"Eti Adicto Gold Mini Chocolate Brown Cake, 180g | Foster Clark's Bicarbonate of Soda, 150g",Cakes and Rolls | Cooking & Baking,Chocolate | Soft Drinks,2,2,2.6,Normal
O202601006,2026-04-01,C0006,"Ozmo Hoppo Biscuit Filled with Chocolate Cream, 40g",Chocolate,Soft Drinks,1,1,0.6,Normal
O202601007,2026-04-01,C0029,Frozen fries,frozen food,Frozen fries,1,1,2.5,Normal
O202601008,2026-04-01,C0127,"Eti Adicto Gold Mini Chocolate Brown Cake, 180g | Bounty Coconut Milk Chocolate Bar, 50g | Eti PopkekÂ Cocoa Cake, 35g",Cakes and Rolls | Chocolate | Cakes and Rolls,Chocolate | Soft Drinks | Bakery,3,5,3.83,Normal
O202601009,2026-04-01,C0099,"Smart Chips Ketchup Flavor Stix, 75g",Chips,Chips,1,1,1.28,Normal
O202601010,2026-04-01,C0066,"California Garden Whole Kernal Sweet Corn, 400g",Canned Vegetables,Fruit And Veg,1,1,1.05,Normal
O202601011,2026-04-01,C0051,"Mr.Chips Disco Cheddar Cheese Flavor Snack, 58g | Kinder Bueno Milk Chocolate Bar in Wafer with Hazelnut Cream, 43g | Kinder Happy Hippo Biscuits with Double Cream Filling, 103.5g",Chips | Chocolate | Chocolate,Chips | Soft Drinks | Chocolate,3,4,3.7,Normal
O202601012,2026-04-01,C0113,"Molto XL Croissant Chocolate With Hazelnut, 42.5g",Cakes and Rolls,Chocolate,1,1,0.25,Normal
O202601013,2026-04-02,C0033,"Eti Adicto Gold Mini Chocolate Brown Cake, 180g",Cakes and Rolls,Bakery,1,1,1.7,Normal
O202601014,2026-04-02,C0079,"Mr.Chips Bugles Cheese Flavor Corn Snacks, 33g | Barakah Al Sanabel Chiffari Lisci, 450g",Chips | pasta,Canned Vegetables | Pasta,2,2,0.65,Normal
O202601015,2026-04-02,C0081,"Mr.Chips Chilli Potato Chips, 68g | Kinza Blackcurrant Carbonated Drink Can, 250ml | Galaxy Crispy Chocolate Bar,Â 30g",Chips | Soft Drinks | Chocolate,Chips | Soft Drinks | Chocolate,3,7,3.84,Normal
O202601016,2026-04-02,C0097,"Eti Pop Kek Mini Cake with Dark Chocolate, 144g | Barni Chocolate Cake, 30g",Cakes and Rolls | Cakes and Rolls,Soft Drinks | Bakery,2,2,2,Normal
O202601017,2026-04-02,C0118,"Cheetos Crunchy Flaming Hot Chips, 115g | Galaxy Caramel Chocolate Bar, 34g | Kinza Soda Water Can, 250ml",Chips | Chocolate | water,Chips | Chocolate | Soft Drinks,3,4,2.49,Normal
O202601018,2026-04-02,C0057,"Ozmo Hoppo Biscuit Filled with Chocolate Cream, 40g",Chocolate,Soft Drinks,1,4,2.4,Normal
O202601019,2026-04-02,C0027,"Eti Pop Kek Mini Cake with Dark Chocolate, 144g | Spuds Prime Ribs Craft Cooked Chips, 65g",Cakes and Rolls | Chips,Chocolate | Chips,2,2,2.28,Normal
O202601020,2026-04-02,C0131,"Kinder Chocolate Milk Chocolate Bars With Milky Filling (4 Bars), 50g",Chocolate,Dairy,1,2,1.2,Normal
O202601021,2026-04-03,C0025,"Ferrero Rocher Fine Crunchy Hazelnuts Dipped in Smooth Milk Chocolate, (3 Pieces), 37.5g",Chocolate,Chocolate,1,1,1,Normal
O202601022,2026-04-03,C0042,"Afia Pure Corn Oil, 1.5L | California Garden Whole Kernal Sweet Corn, 400g | Mandi Basmati Rice 4 kg | Aroma Garden Organic Meat Spices, 120g",oil | Canned Vegetables | rice | Cooking & Baking,Oil | Fruit And Veg | Rice | Spices & Seasonings,4,4,12.1,Normal
O202601023,2026-04-03,C0006,"Ferrero Rocher Fine Crunchy Hazelnuts Dipped in Smooth Milk Chocolate, (3 Pieces), 37.5g | Mr.Chips Salt & Vinegar Potato Chips, 68g",Chocolate | Chips,Chocolate | Chips,2,2,1.55,Normal
O202601024,2026-04-03,C0032,"American Garden Strawberry Topping & Filling, No Artificial Flavors, 595g | Mr.Chips Crocodile Cheese & Pizza Flavor Snack, 58g",Canned Fruit | Chips,Fruit And Veg | Chips,2,2,5,Normal
O202601025,2026-04-03,C0046,"Alyoum Burger Buns, 6 Pieces | Nadec Burger Cheese (10 Slices), 200g | Almarai Full Fat Processed Cheddar Burger Cheese (10 Slices), 200g | NewLand Tomato Ketchup 567 g | Barni Chocolate Cake, 30g",Burger Buns | Cheese | Cheese | Cooking & Baking | Cakes and Rolls,Burger Buns | Cheese | Burger | Sauce | Soft Drinks,5,7,6.96,Normal
O202601026,2026-04-04,C0139,"NewLand Dynamite Sauce, 300ml | Frozen fries | Nutella B-Ready Chocolate Wafer Bar (6 Bars), 132g",Cooking & Baking | frozen food | Chocolate,Sauce | Frozen fries | Soft Drinks,3,6,12.58,Normal
O202601027,2026-04-04,C0108,"Kinza Soda Water Can, 250ml",water,Soft Drinks,1,4,1.44,Normal
O202601028,2026-04-04,C0110,"Mr.Chips Bugles Cheese Flavor Corn Snacks, 33g | Alyoum Burger Buns with Sesame Seeds, 6 Pieces | Kinder Happy Hippo Biscuits with Double Cream Filling, 103.5g | Nadec Burger Cheese (10 Slices), 200g",Chips | Burger Buns | Chocolate | Cheese,Cheese | Burger Buns | Soft Drinks | Burger,4,6,5.47,Normal
O202601029,2026-04-04,C0066,Koita Organic Chocolate Milk Uht 200 ml,Long Life Milk,Chocolate,1,1,1.65,Normal
O202601030,2026-04-04,C0003,"NewLand Mayonnaise, 300ml | Frozen fries | Jordina Joy Orange, 1L",Cooking & Baking | frozen food | Soft Drinks,Sauce | Frozen fries | Soft Drinks,3,5,7.47,Normal
O202601031,2026-04-04,C0143,"Kinza Soda Water Can, 250ml",water,Soft Drinks,1,3,1.08,Normal
O202601032,2026-04-04,C0066,"Said Junior Cup 50 g | Milka Choco Wafer, (5 Pieces), 150g",Chocolate | Chocolate,Chocolate | Soft Drinks,2,4,7.45,Normal
O202601033,2026-04-04,C0084,"Mr.Chips Bugles Cheese Flavor Corn Snacks, 33g | L'usine Cupcakes Filled with Chocolate Cream, 18x30g",Chips | Cakes and Rolls,Chips | Soft Drinks,2,2,2.1,Normal
O202601034,2026-04-04,C0068,"Eti Pop Kek Mini Cake with Dark Chocolate, 144g",Cakes and Rolls,Bakery,1,1,1.6,Normal
O202601035,2026-04-04,C0056,"Mr.Chips Bugles Cheese Flavor Corn Snacks, 33g | Alyoum Burger Buns with Sesame Seeds, 6 Pieces | Bounty Coconut Milk Chocolate Bar, 50g",Chips | Burger Buns | Chocolate,Cheese | Burger Buns | Soft Drinks,3,7,4,Normal
O202601036,2026-04-04,C0078,"Barilla Rigatoni 500 g | Alyoum Burger Buns with Sesame Seeds, 6 Pieces | California Garden Whole Kernal Sweet Corn, 400g | Mr.Chips Cheese Potato Chips, 68g | NewLand Special Sauce For Burgers & Fries, 300g | NewLand Dynamite Sauce, 300ml | Jordina Joy Cola, 1L",pasta | Burger Buns | Canned Vegetables | Chips | Cooking & Baking | Cooking & Baking | Soft Drinks,Pasta | Burger Buns | Canned Vegetables | Cheese | Burger | Sauce | Soft Drinks,7,10,10.31,Normal
O202601037,2026-04-04,C0104,"Galaxy Hazelnut Chocolate Bar, 30g | Frozen fries",Chocolate | frozen food,Chocolate | Frozen fries,2,2,3.27,Normal
O202601038,2026-04-04,C0028,"Snickers Chocolate Bar Filled with Caramel & Peanuts, 40g",Chocolate,Soft Drinks,1,2,1.2,Normal
O202601039,2026-04-05,C0024,"Galaxy Caramel Chocolate Bar, 34g",Chocolate,Soft Drinks,1,3,2.31,Normal
O202601040,2026-04-05,C0068,Frozen fries | Barilla Rigatoni 500 g,frozen food | pasta,Frozen fries | Pasta,2,2,4.68,Normal
O202601041,2026-04-05,C0086,"Benina Soy Sauce Mild, 150g | NewLand Special Sauce For Burgers & Fries, 300g | Milka Choco Wafer, (5 Pieces), 150g",Cooking & Baking | Cooking & Baking | Chocolate,Sauce | Frozen fries | Soft Drinks,3,4,7.67,Normal
O202601042,2026-04-05,C0107,"Nutella B-Ready Chocolate Wafer Bar (6 Bars), 132g | Mr.Chips Salt & Vinegar Potato Chips, 68g | Jordina Joy Orange, 1L | SWYOUN 48PCS Eid Al Adha Cupcake Topper Party Decorations",Chocolate | Chips | Soft Drinks | Eid al-Adha,Chocolate | Chips | Soft Drinks | Bakery,4,5,4.8,Normal
O202601043,2026-04-05,C0086,"Galaxy Dark Truffle Dark Chocolate Bar, 33g | Ozmo Milk Chocolate Egg Shapes, 20g | Mr.Chips Waves Honey Mustard Chips, 50g",Chocolate | Chocolate | Chips,Chocolate | Eggs | Chips,3,6,4.42,Normal
O202601044,2026-04-05,C0093,"NewLand Hickory Smoked Barbecue Sauce 510 g | NewLand Special Sauce For Burgers & Fries, 300g | Kinder Happy Hippo Biscuits with Double Cream Filling, 103.5g | Crystal Ice Cubes 2 kg",Cooking & Baking | Cooking & Baking | Chocolate | water,Sauce | Frozen fries | Soft Drinks | Water,4,10,20.13,Normal
O202601045,2026-04-05,C0057,"L'usine Cupcakes Filled with Chocolate Cream, 18x30g | Galaxy Crispy Chocolate Bar,Â 30g",Cakes and Rolls | Chocolate,Chocolate | Soft Drinks,2,3,3.24,Normal
O202601046,2026-04-05,C0143,Said Junior Cup 50 g,Chocolate,Soft Drinks,1,2,1.5,Normal
O202601047,2026-04-05,C0138,"Ard Jdadna Powder Garlic, 200g | Smart Chips Crunchy Rings Pizza Flavor, 80g",Cooking & Baking | Chips,Sauce | Frozen pizza,2,4,7.6,Normal
O202601048,2026-04-05,C0102,"Pringles Sour Cream & Onion Chips Can, 165g | Super Sour Green Apple Carbonated Drink, 250ml",Chips | Soft Drinks,Dairy | Soft Drinks,2,4,2.75,Normal
O202601049,2026-04-05,C0030,"Mr.Chips Bugles Cheese Flavor Corn Snacks, 33g | NewLand Special Sauce For Burgers & Fries, 300g | Milka Choco Wafer, (5 Pieces), 150g | Nutella B-Ready Chocolate Wafer Bar (6 Bars), 132g",Chips | Cooking & Baking | Chocolate | Chocolate,Chips | Frozen fries | Soft Drinks | Chocolate,4,4,6.86,Normal
O202601050,2026-04-05,C0122,"Mr.Chips Pizza Flavor Corn Chips, 58g | Kinder Bueno Milk Chocolate Bar in Wafer with Hazelnut Cream, 43g",Chips | Chocolate,Chips | Dairy,2,3,1.75,Normal
O202601051,2026-04-05,C0069,"Abu Kass Basmati Rice, 4kg | Almarai Mixed Fruit Juice, 1.4L | Smart Chips Crunchy Rings Pizza Flavor, 80g | Aroma Garden Chicken Spices, 100g | Blue Mill Garlic Powder 200 g",rice | Juices | Chips | Cooking & Baking | Cooking & Baking,Rice | Fruit And Veg | Frozen pizza | Spices & Seasonings | Sauce,5,7,17.12,Normal
O202601052,2026-04-06,C0043,"Smart Chips Crunchy Rings Pizza Flavor, 80g | Nestle Kitkat Hazelnut 4 Fingers Chocolate, 41.5g | Americana Chocolate Pound Cake, 300g",Chips | Chocolate | Cakes and Rolls,Chips | Soft Drinks | Chocolate,3,3,3.7,Normal
O202601053,2026-04-06,C0121,"Mr.Chips Chilli Potato Chips, 68g",Chips,Chips,1,1,0.6,Normal
O202601054,2026-04-06,C0087,"Galaxy Jewels Assorted Chocolate Box, 650g | Pringles Salt & Vinegar Chips Can, 165g",Chocolate | Chips,Chocolate | Chips,2,2,19,Normal
O202601055,2026-04-06,C0091,"Al Safi UHT Full Fat Milk, 4x1L | TT Peach ice Tea, 330ml | Americana Orange Pound Cake, 300g",Long Life Milk | Soft Drinks | Cakes and Rolls,Eggs | Soft Drinks | Bakery,3,6,13.95,Normal
O202601056,2026-04-06,C0085,Frozen pizza,frozen food,Frozen pizza,1,1,2.42,Normal
O202601057,2026-04-06,C0071,"Galaxy Minstrels Chocolate, 42g | AL Safi Greek Yogurt Lemon Pie, 150g",Chocolate | Yoghurts,Chocolate | Dairy,2,3,2.69,Normal
O202601058,2026-04-07,C0122,"Choco Lake Diamond Twist Kunafa with Peanut Butter Filling, 450g | Orasi Soy Milk Sugar Free, 1L | Mr. Brown Chocolate Flavor Iced Coffee, 240ml",Chocolate | Milk Alternatives | Specialty Drinks,Chocolate | Dairy | Soft Drinks,3,6,11.29,Normal
O202601059,2026-04-07,C0033,"L'usine Cupcakes Filled with Chocolate Cream, 18x30g | Reef Diet Flax Seeds Bread, 250g",Cakes and Rolls | Flatbread,Dairy | Bakery,2,2,2.8,Normal
O202601060,2026-04-07,C0093,"Maxim's Sliced Tuna With Garlic And Black Pepper 120 g | Mr.Chips Pizza Flavor Corn Chips, 58g",Canned Seafood | Chips,Sauce | Frozen pizza,2,2,2.54,Normal
O202601061,2026-04-07,C0140,"L'usine Cupcakes Filled with Chocolate Cream, 18x30g | Spuds Sour Cream & Onion Craft Cooked Chips, 65g",Cakes and Rolls | Chips,Chocolate | Chips,2,2,2.47,Normal
O202601062,2026-04-07,C0071,"Kinza Soda Water Can, 250ml",water,Soft Drinks,1,3,1.05,Normal
O202601063,2026-04-07,C0013,"Matrix Fruit Carbonated Drink, 250ml | KDD Thick Cream, 4x125ml",Soft Drinks | cream,Fruit And Veg | Eggs,2,3,3.69,Normal
O202601064,2026-04-07,C0090,"Maxims Sweet Corn, 340g | Mr.Chips Waves Honey Mustard Chips, 50g",Canned Vegetables | Chips,Fruit And Veg | Chips,2,2,2.15,Normal
O202601065,2026-04-07,C0086,"NewLand Dynamite Sauce, 300ml | Frozen pizza | Al Rabie Orange Juice, 1L",Cooking & Baking | frozen food | Juices,Sauce | Frozen pizza | Juices,3,3,7.27,Normal
O202601066,2026-04-08,C0096,"NewLand Pineapple Slices In Light Syrup 565 g | Kinder Happy Hippo Biscuits with Double Cream Filling, 103.5g | Blue Mill Paprika 200 g",Canned Fruit | Chocolate | Cooking & Baking,Fruit And Veg | Dairy | Spices & Seasonings,3,3,7.69,Normal
O202601067,2026-04-08,C0085,"Sama Mineral Water, 12x600ml | Burger",water | frozen food,Water | Burger,2,5,18.31,Normal
O202601068,2026-04-08,C0047,"Nadec Burger Cheese (10 Slices), 200g",Cheese,Burger,1,1,1.57,Normal
O202601069,2026-04-08,C0083,"Mandi Basmati Rice 4 kg | Pasta Zara Conchiglie No.54, 500g | California Garden Whole Kernal Sweet Corn, 400g | Filippo Berio Basil Flavoured Olive Oil, 250ml | Benina Garlic Chili Sauce, 280g | Mr.Chips Paprika Potato Chips, 68g | L'usine Soft Cupcakes Filled with Strawberry Cream, 18x30g",rice | pasta | Canned Vegetables | oil | Cooking & Baking | Chips | Cakes and Rolls,Rice | Pasta | Fruit And Veg | Oil | Spices & Seasonings | Chips | Dairy,7,8,28.79,Normal
O202601070,2026-04-08,C0097,"Kinder Happy Hippo Biscuits with Double Cream Filling, 103.5g | Frozen fries | Sunwhite Calrose Rice, 4kg | Albayrouty Mushroom Slices 400 g | Aroma Garden Chicken Spices, 100g | Eti Aditco Chocolate Cake, 36g",Chocolate | frozen food | rice | Canned Vegetables | Cooking & Baking | Cakes and Rolls,Chocolate | Frozen fries | Rice | Fruit And Veg | Spices & Seasonings | Bakery,6,6,12.37,Normal
O202601071,2026-04-08,C0119,"Barni Chocolate Cake, 30g",Cakes and Rolls,Bakery,1,1,0.4,Normal
O202601072,2026-04-08,C0145,"Mr. Brown Chocolate Flavor Iced Coffee, 240ml | Alyoum Burger Buns, 6 Pieces | Mr.Chips Disco Cheddar Cheese Flavor Snack, 58g | Burger | NewLand Special Sauce For Burgers & Fries, 300g | Spuds Prime Ribs Craft Cooked Chips, 65g | Eti Pop Kek Mini Cake with Dark Chocolate, 144g",Specialty Drinks | Burger Buns | Chips | frozen food | Cooking & Baking | Chips | Cakes and Rolls,Chocolate | Burger Buns | Cheese | Burger | Sauce | Chips | Soft Drinks,7,9,14.25,Normal
O202601073,2026-04-09,C0001,"Al-Ghazal Pasta Bucatini 1, 300g",pasta,Pasta,1,1,0.49,Normal
O202601074,2026-04-09,C0133,"Doritos Sweet Chili Pepper Tortilla Chips, 120g",Chips,Chips,1,1,1,Normal
O202601075,2026-04-09,C0005,"Mr. Brown Chocolate Flavor Iced Coffee, 240ml | Super Triple Berry Carbonated Drink, 250ml",Specialty Drinks | Soft Drinks,Chocolate | Soft Drinks,2,3,1.65,Normal
O202601076,2026-04-09,C0113,"NewLand Special Sauce For Burgers & Fries, 300g | Frozen fries | Mythic Sensation Mini Milk Chocolate 30 g",Cooking & Baking | frozen food | Chocolate,Sauce | Frozen fries | Soft Drinks,3,6,10.6,Normal
O202601077,2026-04-09,C0043,"Galaxy Minstrels Chocolate, 42g | Frozen pizza | Al Rabie Orange Juice, 1L",Chocolate | frozen food | Juices,Chocolate | Frozen pizza | Juices,3,4,6.68,Normal
O202601078,2026-04-09,C0046,Choco Lake Choco Biscuits 650G,Chocolate,Soft Drinks,1,2,6,Normal
O202601079,2026-04-10,C0059,Burger,frozen food,Burger,1,1,4.09,Normal
O202601080,2026-04-10,C0038,"Ard Jdadna Powder Garlic, 200g | Frozen pizza | Americana Orange Pound Cake, 300g",Cooking & Baking | frozen food | Cakes and Rolls,Sauce | Frozen pizza | Juices,3,3,6.59,Normal
O202601081,2026-04-10,C0026,"Molto XL Croissant Chocolate With Hazelnut, 42.5g",Cakes and Rolls,Soft Drinks,1,4,0.97,Normal
O202601082,2026-04-10,C0015,"Bifa Keks Cocoa Oval Banana Sauce Cake, 45g",Cakes and Rolls,Bakery,1,1,0.25,Normal
O202601083,2026-04-10,C0119,"Koita Organic Chocolate Milk Uht 200 ml | Mr.Chips Crocodile Cheese & Pizza Flavor Snack, 58g | Said Junior Cup 50 g",Long Life Milk | Chips | Chocolate,Chocolate | Chips | Soft Drinks,3,6,5.8,Normal
O202601084,2026-04-10,C0097,"Nestle Kitkat Hazelnut 4 Fingers Chocolate, 41.5g | Bifa Keks Roll Cake with Cocoa Cream, 50g | Spuds Sweet & Chilli Salsa Craft Cooked Chips, 65g | Almarai Vanilla Fat Free Protein Milk No Added Sugar, 400ml | Super Sour Green Apple Carbonated Drink, 250ml",Chocolate | Cakes and Rolls | Chips | Sports & Energy Drinks | Soft Drinks,Chocolate | Bakery | Chips | Dairy | Soft Drinks,5,7,5.32,Normal
O202601085,2026-04-10,C0067,"Ozmo Milk Chocolate Egg Shapes, 20g",Chocolate,Chocolate,1,1,0.75,Normal
O202601086,2026-04-10,C0037,"Free Field Farms White Eggs, 15 Pieces | Barilla Rigatoni 500 g",eggs | pasta,Eggs | Pasta,2,5,18.68,Normal
O202601087,2026-04-10,C0148,Said Junior Cup 50 g,Chocolate,Chocolate,1,2,1.5,Normal
O202601088,2026-04-11,C0113,"L'usine Soft Cupcakes Filled with Strawberry Cream, 18x30g",Cakes and Rolls,Dairy,1,2,3.49,Normal
O202601089,2026-04-11,C0032,"Ard Jdadna Powder Garlic, 200g | NewLand Special Sauce For Burgers & Fries, 300g | Ozmo Fun Shape Milk Chocolate Lollipop, 23g",Cooking & Baking | Cooking & Baking | Chocolate,Sauce | Frozen fries | Soft Drinks,3,3,4.36,Normal
O202601090,2026-04-11,C0140,"Mr.Chips Chilli Potato Chips, 68g",Chips,Chips,1,2,1.2,Normal
O202601091,2026-04-11,C0014,"Al-Ghazal Pasta Bucatini 1, 300g | Kinza Blackcurrant Carbonated Drink Can, 250ml",pasta | Soft Drinks,Pasta | Soft Drinks,2,4,1.24,Normal
O202601092,2026-04-11,C0150,"Barakah Al Sanabel Chiffari Lisci, 450g",pasta,Pasta,1,1,0.35,Normal
O202601093,2026-04-11,C0133,"Bounty Coconut Milk Chocolate Bar, 50g | Frozen fries | Doritos Nacho Cheese Tortilla Chips, 120g | Eti Adicto Gold Mini Chocolate Brown Cake, 180g",Chocolate | frozen food | Chips | Cakes and Rolls,Chocolate | Frozen fries | Chips | Soft Drinks,4,4,6.35,Normal
O202601094,2026-04-11,C0065,"Blue Mill Garlic Powder 200 g | Frozen fries | Bounty Coconut Milk Chocolate Bar, 50g",Cooking & Baking | frozen food | Chocolate,Sauce | Frozen fries | Soft Drinks,3,5,6.49,Normal
O202601095,2026-04-11,C0079,"Lay's Tomato Ketchup Potato Chips, 110g | Mr.Chips Paprika Potato Chips, 68g | Frozen fries | Kinza Blackcurrant Carbonated Drink Can, 250ml",Chips | Chips | frozen food | Soft Drinks,Sauce | Chips | Frozen fries | Soft Drinks,4,8,5.45,Normal
O202601096,2026-04-11,C0050,"NewLand Mayonnaise Garlic Flavor 300ml | Frozen pizza | KDD Mango Nectar, 1L",Cooking & Baking | frozen food | Juices,Sauce | Frozen pizza | Juices,3,4,6.76,Normal
O202601097,2026-04-11,C0088,"Bifa Keks Cocoa Oval Banana Sauce Cake, 45g | Smart Chips Crunchy Rings Pizza Flavor, 80g",Cakes and Rolls | Chips,Sauce | Frozen pizza,2,3,2.25,Normal
O202601098,2026-04-11,C0017,"Eti Adicto Gold Mini Chocolate Brown Cake, 180g | Mr.Chips Cheese Potato Chips, 68g | Lurpak Unsalted Butter, 100g | Mythic Sensation Mini Milk Chocolate 30 g",Cakes and Rolls | Chips | butter | Chocolate,Chocolate | Chips | Dairy | Soft Drinks,4,8,7.12,Normal
O202601099,2026-04-12,C0014,"NewLand Dynamite Sauce, 300ml | Frozen pizza | Almarai Mixed Fruit Juice, 200ml",Cooking & Baking | frozen food | Juices,Sauce | Frozen pizza | Juices,3,4,7.05,Normal
O202601100,2026-04-12,C0037,"Bounty Coconut Milk Chocolate Bar, 50g | Alyoum Tang Taste Yoghurt Baladi, 1kg",Chocolate | Yoghurts,Chocolate | Dairy,2,2,2.4,Normal
O202601101,2026-04-12,C0094,"Americana Chocolate Pound Cake, 300g",Cakes and Rolls,Bakery,1,1,1.9,Normal
O202601102,2026-04-12,C0140,"Mandi Basmati Rice 4 kg | Maxims Sweet Corn 180 g 3 pcs get 1 pc Free | Rio Mare Tuna In Olive Oil, 2x160g | Mr.Chips Crocodile Cheese & Pizza Flavor Snack, 58g | Alyoum Burger Buns, 6 Pieces | Mr.Chips Paprika Snack Mix, 78g",rice | Canned Fruit | Canned Seafood | Chips | Burger Buns | Chips,Rice | Fruit And Veg | Oil | Frozen pizza | Burger | Spices & Seasonings,6,10,26.1,Normal
O202601103,2026-04-12,C0049,"Spuds Sour Cream & Onion Craft Cooked Chips, 65g",Chips,Dairy,1,3,2.25,Normal
O202601104,2026-04-12,C0129,"Mr.Chips Cheese Potato Chips, 68g",Chips,Chips,1,1,0.6,Normal
O202601105,2026-04-12,C0076,"Freez Blue Hawaii Tropical Fruits Flavored Carbonated Drink, 275ml | Kinder Joy Chocolate Egg for Boys Assorted, 20g | Mr.Chips Paprika Snack Mix, 78g | G Mixed Berry Fusion Flavored Soda, 300ml",Specialty Drinks | Chocolate | Chips | Soft Drinks,Fruit And Veg | Chocolate | Chips | Soft Drinks,4,6,4,Normal
O202601106,2026-04-12,C0027,"NewLand Hickory Smoked Barbecue Sauce 510 g | Mr.Chips Crocodile Cheese & Pizza Flavor Snack, 58g | Eti PopkekÂ Cocoa Cake, 35g | Jordina Joy Orange, 1L",Cooking & Baking | Chips | Cakes and Rolls | Soft Drinks,Sauce | Frozen pizza | Bakery | Juices,4,6,4.8,Normal
O202601107,2026-04-12,C0060,"NewLand Sliced Black Olives 345 g | Abu Kass Basmati Rice, 4kg | Milka Choco Wafer, (5 Pieces), 150g | Aroma Garden Magloubeh Spices, 100g",Canned Vegetables | rice | Chocolate | Cooking & Baking,Fruit And Veg | Rice | Soft Drinks | Spices & Seasonings,4,4,11.09,Normal
O202601108,2026-04-12,C0020,"Ozmo Fun Shape Milk Chocolate Lollipop, 23g",Chocolate,Soft Drinks,1,4,2.4,Normal
O202601109,2026-04-12,C0002,"Alyoum Yoghurt, 1kg | Galaxy Hazelnut Chocolate Bar, 30g",youghurt | Chocolate,Dairy | Soft Drinks,2,2,2.04,Normal
O202601110,2026-04-12,C0044,"Koita Organic Chocolate Milk Uht 200 ml | Mr.Chips Salt & Vinegar Potato Chips, 68g",Long Life Milk | Chips,Chocolate | Chips,2,2,2.25,Normal
O202601111,2026-04-13,C0091,"Bifa Keks Cocoa Oval Banana Sauce Cake, 45g | Mr.Chips Crocodile Cheese & Pizza Flavor Snack, 58g | Almarai Mango Juice, 1L",Cakes and Rolls | Chips | Juices,Sauce | Frozen pizza | Juices,3,5,2.25,Normal
O202601112,2026-04-13,C0110,"Kinder Chocolate Milk Chocolate Bars With Milky Filling (4 Bars), 50g",Chocolate,Chocolate,1,1,0.6,Normal
O202601113,2026-04-13,C0025,"L'usine Cupcakes Filled with Chocolate Cream, 18x30g",Cakes and Rolls,Dairy,1,1,1.8,Normal
O202601114,2026-04-13,C0084,"Pomi Whole Peeled Tomatoes, 400g",Canned Fruit,Fruit And Veg,1,1,1.75,Normal
O202601115,2026-04-13,C0113,"Barilla Rigatoni 500 g | Eti Pop Kek Mini Cake with Dark Chocolate, 144g",pasta | Cakes and Rolls,Pasta | Bakery,2,2,3.28,Normal
O202601116,2026-04-13,C0136,"Benina Garlic Chili Sauce, 280g | Frozen fries | Matrix Fruit Carbonated Drink, 250ml",Cooking & Baking | frozen food | Soft Drinks,Sauce | Frozen fries | Soft Drinks,3,3,4.74,Normal
O202601117,2026-04-13,C0057,"Frozen fries | Kinza Zero Sugar Lemon Soft Drink Can, 250ml",frozen food | Soft Drinks,Frozen fries | Soft Drinks,2,3,3.83,Normal
O202601118,2026-04-14,C0113,Blue Mill Garlic Powder 200 g | Frozen fries,Cooking & Baking | frozen food,Sauce | Frozen fries,2,2,5.89,Normal
O202601119,2026-04-14,C0148,"Sunwhite Calrose Rice, 4kg | Rio Mare Light Tuna in Olive Oil, 160g | Albayrouty Sweet Corn 340 g | Aroma Garden Organic Meat Spices, 120g | Kinza Soda Water Can, 250ml",rice | Canned Seafood | Canned Vegetables | Cooking & Baking | water,Rice | Oil | Fruit And Veg | Spices & Seasonings | Water,5,10,22.98,Normal
O202601120,2026-04-14,C0036,"Kikkoman Soy Sauce, 591ml | Frozen pizza",Cooking & Baking | frozen food,Sauce | Frozen pizza,2,2,7.14,Normal
O202601121,2026-04-14,C0118,"Almarai Full Fat Fresh Yoghurt, 700g | Pringles Sour Cream & Onion Chips Can, 165g",youghurt | Chips,Eggs | Dairy,2,2,2.7,Normal
O202601122,2026-04-14,C0035,"Eti Pop Kek Cocoa Cake, 200g",Cakes and Rolls,Bakery,1,1,1.95,Normal
O202601123,2026-04-14,C0018,"Teeba 9% Fat Labneh, 500g | G Pink Lemonade Flavored Soda, 300ml | Americana Marble Pound Cake, 300g",labneh | Soft Drinks | Cakes and Rolls,Dairy | Soft Drinks | Bakery,3,5,5.8,Normal
O202601124,2026-04-14,C0111,"Alyoum Burger Buns with Sesame Seeds, 6 Pieces | burger",Burger Buns | frozen food,Burger Buns | Burger,2,2,4.8,Normal
O202601125,2026-04-14,C0102,Frozen fries,frozen food,Frozen fries,1,1,1.85,Normal
O202601126,2026-04-14,C0037,"NewLand Special Sauce For Burgers & Fries, 300g | Mr.Chips Crocodile Cheese & Pizza Flavor Snack, 58g | Al Rabie Orange Juice, 1L",Cooking & Baking | Chips | Juices,Sauce | Frozen pizza | Juices,3,5,7.35,Normal
O202601127,2026-04-14,C0147,"Mr.Chips Waves Smoky Bbq Chips, 50g | Galaxy Hazelnut Chocolate Bar, 30g",Chips | Chocolate,Chips | Chocolate,2,2,1.42,Normal
O202601128,2026-04-15,C0123,"Lay's Chili Potato Chips, 110g | Mr.Chips Pizza Flavor Corn Chips, 58g | Al Rabie Orange Juice, 1L",Chips | Chips | Juices,Chips | Frozen pizza | Juices,3,7,5.3,Normal
O202601129,2026-04-15,C0053,"Blue Mill Garlic Powder 200 g | Almarai Cream Cheese, 6 Portion, 108g | Alyoum Burger Buns, 6 Pieces | Almarai Full Fat Processed Cheddar Burger Cheese (10 Slices), 200g",Cooking & Baking | cheese | Burger Buns | Cheese,Sauce | Cheese | Burger Buns | Burger,4,4,5.86,Normal
O202601130,2026-04-15,C0002,"Frozen fries | Frozen pizza | KDD Long Life Apple Juice, 1L | NewLand Mayonnaise Garlic Flavor 300ml | Nadec Milk Chocolate Milk, 6x125ml",frozen food | frozen food | Juices | Cooking & Baking | Long Life Milk,Frozen fries | Frozen pizza | Juices | Sauce | Soft Drinks,5,11,21.62,Normal
O202601131,2026-04-15,C0140,"NewLand Mayonnaise Garlic Flavor 300ml | Frozen pizza | Almarai Mixed Berry Juice, 1.4L",Cooking & Baking | frozen food | Juices,Sauce | Frozen pizza | Juices,3,4,9.2,Normal
O202601132,2026-04-16,C0043,"Galaxy Dark Truffle Dark Chocolate Bar, 33g | Eti Pop Kek Mini Cake with Dark Chocolate, 144g",Chocolate | Cakes and Rolls,Soft Drinks | Bakery,2,5,4.68,Normal
O202601133,2026-04-16,C0142,"Nestle Kitkat Hazelnut 4 Fingers Chocolate, 41.5g | Mr.Chips Pizza Flavor Corn Chips, 58g | Al Rabie Orange Juice, 1L | Smart Chips Ketchup Flavor Stix, 75g | Lay's Salt & Vinegar Chips, 110g | Eti Adicto Gold Mini Chocolate Brown Cake, 180g",Chocolate | Chips | Juices | Chips | Chips | Cakes and Rolls,Chocolate | Frozen pizza | Juices | Sauce | Chips | Soft Drinks,6,10,11.01,Normal
O202601134,2026-04-16,C0097,"Bifa Keks Cocoa Oval Banana Sauce Cake, 45g | Said Junior Cup 50 g | Mr.Chips Pizza Flavor Corn Chips, 58g | Crush Orange Soft Drink Pet Bottle, 1L",Cakes and Rolls | Chocolate | Chips | Soft Drinks,Sauce | Chocolate | Frozen pizza | Juices,4,6,2.17,Normal
O202601135,2026-04-16,C0131,"Alyoum Burger Buns, 6 Pieces | Kraft Original Cheddar Cheese Slices, 200g | Burger | NewLand Mayonnaise Garlic Flavor 300ml | Raffaello Premium Coconut & Almond Pralines, 30g",Burger Buns | Cheese | frozen food | Cooking & Baking | Chocolate,Burger Buns | Cheese | Burger | Sauce | Soft Drinks,5,6,12.99,Normal
O202601136,2026-04-16,C0024,"Mr.Chips Waves Smoky Bbq Chips, 50g | Eti Pop Kek Mini Cake with Dark Chocolate, 144g | Kinder Happy Hippo Biscuits with Double Cream Filling, 103.5g",Chips | Cakes and Rolls | Chocolate,Chips | Soft Drinks | Chocolate,3,6,9.35,Normal
O202601137,2026-04-16,C0113,"NewLand Mayonnaise, 300ml | Frozen fries | Eti Pop Kek Mini Cake with Dark Chocolate, 144g",Cooking & Baking | frozen food | Cakes and Rolls,Sauce | Frozen fries | Soft Drinks,3,6,10.25,Normal
O202601138,2026-04-16,C0010,"Al-Bayrouti Chick Peas 3x400g | Mr.Chips Paprika Potato Chips, 68g",Canned Fruit | Chips,Fruit And Veg | Spices & Seasonings,2,3,2.7,Normal
O202601139,2026-04-17,C0092,"Nadec Long Life Full Fat UHT Milk, 4x1L",Long Life Milk,Dairy,1,1,3.35,Normal
O202601140,2026-04-17,C0086,"NewLand Special Sauce For Burgers & Fries, 300g | Durra Hummus Grains 400 g | Bifa Keks Cocoa Oval Banana Sauce Cake, 45g | Spuds Sweet & Chilli Salsa Craft Cooked Chips, 65g | The Bridge Bio Organic Pure Coconut Drink, 1L",Cooking & Baking | Canned Vegetables | Cakes and Rolls | Chips | Milk Alternatives,Frozen fries | Fruit And Veg | Sauce | Chips | Dairy,5,6,8.13,Normal
O202601141,2026-04-17,C0147,"Smart Chips Crunchy Rings Pizza Flavor, 80g",Chips,Chips,1,1,1,Normal
O202601142,2026-04-17,C0032,"Lay's Tomato Ketchup Potato Chips, 110g | Almarai Cheddar Cheese Slices, 200g | Mythic Sensation Mini Milk Chocolate 30 g | Alyoum Burger Buns, 6 Pieces",Chips | Cheese | Chocolate | Burger Buns,Sauce | Cheese | Soft Drinks | Burger,4,4,3.5,Normal
O202601143,2026-04-17,C0077,"Galaxy Minstrels Chocolate, 42g | Nadec Milk Chocolate Milk, 6x125ml | Eti Aditco Chocolate Cake, 36g",Chocolate | Long Life Milk | Cakes and Rolls,Chocolate | Soft Drinks | Bakery,3,3,2.83,Normal
O202601144,2026-04-17,C0143,Burger,frozen food,Burger,1,1,3.1,Normal
O202601145,2026-04-17,C0132,"Nadec Full Fat Fresh Milk, 6x125ml",Long Life Milk,Dairy,1,1,1.13,Normal
O202601146,2026-04-18,C0146,"NewLand Tomato Ketchup 567 g | Frozen fries | Almarai Greek Style Full Fat Blueberry Yoghurt, 150g | Jordina Joy Cola, 1L",Cooking & Baking | frozen food | Yoghurts | Soft Drinks,Sauce | Frozen fries | Eggs | Soft Drinks,4,6,7.24,Normal
O202601147,2026-04-18,C0044,"Maxims Sweet Corn, 340g",Canned Vegetables,Fruit And Veg,1,1,1.5,Normal
O202601148,2026-04-18,C0120,"Alyoum Burger Buns, 6 Pieces | Almarai Full Fat Processed Cheddar Burger Cheese (10 Slices), 200g | Burger | Bifa Keks Cocoa Oval Banana Sauce Cake, 45g | Jordina Joy Orange, 1L",Burger Buns | Cheese | frozen food | Cakes and Rolls | Soft Drinks,Burger Buns | Cheese | Burger | Sauce | Soft Drinks,5,9,8.6,Normal
O202601149,2026-04-18,C0036,"NewLand Special Sauce For Burgers & Fries, 300g | Frozen fries | Galaxy Hazelnut Chocolate Bar, 30g",Cooking & Baking | frozen food | Chocolate,Sauce | Frozen fries | Soft Drinks,3,4,5.44,Normal
O202601150,2026-04-18,C0129,"Mythic Sensation Mini Milk Chocolate 30 g | Spuds Sour Cream & Onion Craft Cooked Chips, 65g | G Mixed Berry Fusion Flavored Soda, 300ml",Chocolate | Chips | Soft Drinks,Chocolate | Chips | Soft Drinks,3,5,2.95,Normal
O202601151,2026-04-18,C0080,"Ozmo Fun Shape Milk Chocolate Lollipop, 23g | Lay's Salt & Vinegar Chips, 110g | Galaxy Hazelnut Chocolate Bar, 30g",Chocolate | Chips | Chocolate,Chocolate | Chips | Soft Drinks,3,3,2.37,Normal
O202601152,2026-04-18,C0001,"American Garden Red Kidney Beans (Easy Open Lids), 400g | Mr.Chips Salt & Vinegar Potato Chips, 68g",Canned Vegetables | Chips,Fruit And Veg | Chips,2,2,1.35,Normal
O202601153,2026-04-18,C0122,"Doritos Nacho Cheese Tortilla Chips, 120g | Super Sour Green Apple Carbonated Drink, 250ml | Eti Aditco Chocolate Cake, 36g",Chips | Soft Drinks | Cakes and Rolls,Chips | Soft Drinks | Chocolate,3,6,2.71,Normal
O202601154,2026-04-18,C0063,"Barni Chocolate Cake, 30g | Spuds Prime Ribs Craft Cooked Chips, 65g",Cakes and Rolls | Chips,Chocolate | Chips,2,4,1.95,Normal
O202601155,2026-04-18,C0147,"Mythic Sensation Mini Milk Chocolate 30 g | Pringles Salt & Vinegar Chips Can, 165g",Chocolate | Chips,Chocolate | Chips,2,2,2.25,Normal
O202601156,2026-04-18,C0017,"Maxims Sweet Corn, 340g | Al-Ghazal Pasta Bucatini 1, 300g",Canned Vegetables | pasta,Canned Vegetables | Pasta,2,2,1.99,Normal
O202601157,2026-04-18,C0064,"Choco Lake Diamond Twist Kunafa with Peanut Butter Filling, 450g | Molto XL Croissant Chocolate With Hazelnut, 42.5g",Chocolate | Cakes and Rolls,Chocolate | Bakery,2,2,5.24,Normal
O202601158,2026-04-19,C0093,"Mr. Brown Chocolate Flavor Iced Coffee, 240ml | Pringles BBQ Chips Can, 165g | Eti Pop Kek Mini Cake with Dark Chocolate, 144g",Specialty Drinks | Chips | Cakes and Rolls,Chocolate | Chips | Soft Drinks,3,6,9.25,Normal
O202601159,2026-04-19,C0107,"Mr.Chips Salt & Vinegar Potato Chips, 68g",Chips,Chips,1,1,0.6,Normal
O202601160,2026-04-19,C0100,NewLand Pineapple Slices In Light Syrup 565 g,Canned Fruit,Fruit And Veg,1,1,1.89,Normal
O202601161,2026-04-19,C0083,"Alyoum Burger Buns with Sesame Seeds, 6 Pieces | Doritos Nacho Cheese Tortilla Chips, 120g | Burger | Eti Pop Kek Cocoa Cake, 200g | Kikkoman Soy Sauce, 591ml | Eti Adicto Gold Mini Chocolate Brown Cake, 180g",Burger Buns | Chips | frozen food | Cakes and Rolls | Cooking & Baking | Cakes and Rolls,Burger Buns | Cheese | Burger | Bakery | Sauce | Soft Drinks,6,6,12.55,Normal
O202601162,2026-04-19,C0130,"California Garden Whole Kernal Sweet Corn, 400g | Pasta Zara Conchiglie No.54, 500g",Canned Vegetables | pasta,Canned Vegetables | Pasta,2,2,2.36,Normal
O202601163,2026-04-19,C0134,"NewLand Mayonnaise Garlic Flavor 300ml | NewLand Special Sauce For Burgers & Fries, 300g | Storck Toffifee Hazelnut In Caramel Candy, 125g",Cooking & Baking | Cooking & Baking | Chocolate,Sauce | Frozen fries | Soft Drinks,3,3,5.59,Normal
O202601164,2026-04-19,C0094,"Eti Pop Kek Cocoa Cake, 200g",Cakes and Rolls,Bakery,1,1,1.95,Normal
O202601165,2026-04-19,C0037,"Barakah Al Sanabel Chiffari Lisci, 450g | Galaxy Dark Truffle Dark Chocolate Bar, 33g",pasta | Chocolate,Pasta | Soft Drinks,2,2,1.09,Normal
O202601166,2026-04-19,C0056,"Galaxy Jewels Assorted Chocolate Box, 650g",Chocolate,Soft Drinks,1,1,17.3,Normal
O202601167,2026-04-19,C0076,"Ozmo Hoppo Biscuit Filled with Chocolate Cream, 40g | Spuds Sour Cream & Onion Craft Cooked Chips, 65g | Kinza Blackcurrant Carbonated Drink Can, 250ml",Chocolate | Chips | Soft Drinks,Chocolate | Chips | Soft Drinks,3,3,1.6,Normal
O202601168,2026-04-19,C0088,"Alpro Plant-Based Barista Soya Drink, 1L",Milk Alternatives,Dairy,1,2,5.6,Normal
O202601169,2026-04-20,C0085,"Ferrero Rocher Fine Crunchy Hazelnuts Dipped in Smooth Milk Chocolate, (3 Pieces), 37.5g | Bifa Keks Roll Cake with Cocoa Cream, 50g",Chocolate | Cakes and Rolls,Chocolate | Dairy,2,2,1.25,Normal
O202601170,2026-04-20,C0013,"Nadec Milk Chocolate Milk, 6x125ml | Frozen fries | Lay's Tomato Ketchup Potato Chips, 110g | Eti Adicto Gold Mini Chocolate Brown Cake, 180g",Long Life Milk | frozen food | Chips | Cakes and Rolls,Chocolate | Frozen fries | Sauce | Soft Drinks,4,7,11.3,Normal
O202601171,2026-04-20,C0023,"Said Junior Cup 50 g | Doritos Nacho Cheese Tortilla Chips, 120g | L'usine Cupcakes Filled with Chocolate Cream, 18x30g | Cool Gear Water Bottle - Pink, 650ml",Chocolate | Chips | Cakes and Rolls | back to school,Chocolate | Chips | Soft Drinks | Water,4,7,13.6,Normal
O202601172,2026-04-20,C0073,"Mr.Chips Disco Cheddar Cheese Flavor Snack, 58g | Alyoum Burger Buns, 6 Pieces | Burger",Chips | Burger Buns | frozen food,Cheese | Burger Buns | Burger,3,5,6.84,Normal
O202601173,2026-04-20,C0104,"Mr.Chips Bugles Cheese Flavor Corn Snacks, 33g | Kinza Soda Water Can, 250ml",Chips | water,Chips | Water,2,2,0.66,Normal
O202601174,2026-04-20,C0065,SWYOUN 48PCS Eid Al Adha Cupcake Topper Party Decorations,Eid al-Adha,Bakery,1,1,0.75,Normal
O202601175,2026-04-20,C0090,"Almarai Unsalted Natural Butter, 200g",butter,Dairy,1,1,2.05,Normal
O202601176,2026-04-21,C0005,Frozen pizza,frozen food,Frozen pizza,1,1,3.59,Normal
O202601177,2026-04-21,C0037,"Lurpak Unsalted Butter, 6x50g",butter,Dairy,1,1,4.23,Normal
O202601178,2026-04-21,C0056,"Raffaello Premium Coconut & Almond Pralines, 30g | Mr.Chips Waves Smoky Bbq Chips, 50g | Ferrero Rocher Fine Crunchy Hazelnuts Dipped in Smooth Milk Chocolate, (3 Pieces), 37.5g",Chocolate | Chips | Chocolate,Chocolate | Chips | Soft Drinks,3,6,5.55,Normal
O202601179,2026-04-21,C0045,"Hala Cheezers Twist Chips, 30g | Galaxy Jewels Assorted Chocolate Box, 650g | Galaxy Minstrels Chocolate, 42g",Chips | Chocolate | Chocolate,Chips | Soft Drinks | Chocolate,3,3,18.49,Normal
O202601180,2026-04-21,C0147,"NewLand Mayonnaise Garlic Flavor 300ml | Frozen fries | Eti Adicto Gold Mini Chocolate Brown Cake, 180g",Cooking & Baking | frozen food | Cakes and Rolls,Sauce | Frozen fries | Soft Drinks,3,5,9.21,Normal
O202601181,2026-04-22,C0002,"Spuds Sour Cream & Onion Craft Cooked Chips, 65g | Frozen pizza",Chips | frozen food,Chips | Frozen pizza,2,4,4.74,Normal
O202601182,2026-04-22,C0141,"Almarai Vanilla Fat Free Protein Milk No Added Sugar, 400ml",Sports & Energy Drinks,Dairy,1,2,3.24,Normal
O202601183,2026-04-22,C0106,"Barakah Al Sanabel Chiffari Lisci, 450g",pasta,Pasta,1,1,0.35,Normal
O202601184,2026-04-22,C0025,"Ard Jdadna Powder Garlic, 200g | Alyoum Burger Buns, 6 Pieces | Jordina Joy Orange, 1L | Almarai Full Fat Processed Cheddar Burger Cheese (10 Slices), 200g",Cooking & Baking | Burger Buns | Soft Drinks | Cheese,Sauce | Burger Buns | Soft Drinks | Burger,4,5,5.3,Normal
O202601185,2026-04-22,C0045,"Mr.Chips Waves Grilled Burger Chips, 50g",Chips,Burger,1,1,0.65,Normal
O202601186,2026-04-22,C0033,"Luna Red Kidney Beans, 380g | Barilla Rigatoni 500 g",Canned Vegetables | pasta,Canned Vegetables | Pasta,2,5,5.64,Normal
O202601187,2026-04-22,C0052,"Pasta Zara Conchiglie No.54, 500g",pasta,Pasta,1,1,1.27,Normal
O202601188,2026-04-22,C0144,"Lay's Salt & Vinegar Chips, 110g | Frozen fries | Eti Pop Kek Mini Cake with Dark Chocolate, 144g",Chips | frozen food | Cakes and Rolls,Chips | Frozen fries | Bakery,3,3,4.5,Normal
O202601189,2026-04-22,C0051,"Benina Soy Sauce Mild, 150g | NewLand Special Sauce For Burgers & Fries, 300g | KDD Thick Cream, 4x125ml | Galaxy Minstrels Chocolate, 42g",Cooking & Baking | Cooking & Baking | cream | Chocolate,Sauce | Frozen fries | Dairy | Soft Drinks,4,4,5.86,Normal
O202601190,2026-04-23,C0133,"NewLand Sliced Black Olives 345 g | Barakah Al Sanabel Chiffari Lisci, 450g",Canned Vegetables | pasta,Canned Vegetables | Pasta,2,2,1.55,Normal
O202601191,2026-04-23,C0040,"NewLand Mayonnaise Garlic Flavor 300ml | Mr.Chips Pizza Flavor Corn Chips, 58g | Super Sour Green Apple Carbonated Drink, 250ml | Americana Orange Pound Cake, 300g",Cooking & Baking | Chips | Soft Drinks | Cakes and Rolls,Sauce | Frozen pizza | Soft Drinks | Juices,4,5,6.01,Normal
O202601192,2026-04-23,C0057,"Alyoum Burger Buns with Sesame Seeds, 6 Pieces | Mr.Chips Cheese Pop Corn, 58g | Burger | Kikkoman Soy Sauce, 591ml | Barni Chocolate Cake, 30g",Burger Buns | Chips | frozen food | Cooking & Baking | Cakes and Rolls,Burger Buns | Cheese | Burger | Sauce | Soft Drinks,5,8,14.65,Normal
O202601193,2026-04-23,C0044,"Five Cows Thick Cream, 4x125ml",cream,Dairy,1,1,1.75,Normal
O202601194,2026-04-23,C0002,"Kinder Chocolate Milk Chocolate Bars With Milky Filling (4 Bars), 50g | Mr.Chips Waves Honey Mustard Chips, 50g",Chocolate | Chips,Chocolate | Chips,2,2,1.25,Normal
O202601195,2026-04-23,C0140,"Galaxy Caramel Chocolate Bar, 34g | Galaxy Crispy Chocolate Bar,Â 30g",Chocolate | Chocolate,Chocolate | Soft Drinks,2,4,3.08,Normal
O202601196,2026-04-23,C0024,"Kinder Bueno Milk Chocolate Bar in Wafer with Hazelnut Cream, 43g | Pringles Salt & Vinegar Chips Can, 165g | G Cherry Pop Sugar Free Flavored Soda, 300ml | Eti Pop Kek Mini Cake with Dark Chocolate, 144g",Chocolate | Chips | Soft Drinks | Cakes and Rolls,Chocolate | Chips | Soft Drinks | Bakery,4,7,7.3,Normal
O202601197,2026-04-23,C0092,"NewLand Mayonnaise Garlic Flavor 300ml | Frozen fries | Nestle Kitkat Hazelnut 4 Fingers Chocolate, 41.5g",Cooking & Baking | frozen food | Chocolate,Sauce | Frozen fries | Soft Drinks,3,4,6.21,Normal
O202601198,2026-04-23,C0063,"Barni Chocolate Cake, 30g | Lay's French Cheese Potato Chips, 110g | Galaxy Minstrels Chocolate, 42g",Cakes and Rolls | Chips | Chocolate,Chocolate | Chips | Soft Drinks,3,6,5.59,Normal
O202601199,2026-04-23,C0011,"Frozen pizza | Nestle Mineral Water, 6x1.5L",frozen food | water,Frozen pizza | Water,2,2,5.79,Normal
O202601200,2026-04-24,C0041,"NewLand Special Sauce For Burgers & Fries, 300g | Nadec Milk Chocolate Milk, 6x125ml | Bifa Keks Cocoa Oval Banana Sauce Cake, 45g",Cooking & Baking | Long Life Milk | Cakes and Rolls,Sauce | Soft Drinks | Bakery,3,5,6.3,Normal
O202601201,2026-04-24,C0073,"Kinder Happy Hippo Biscuits with Double Cream Filling, 103.5g",Chocolate,Soft Drinks,1,2,3.9,Normal
O202601202,2026-04-24,C0144,"Lay's Salt & Vinegar Chips, 110g | Frozen fries | Barni Chocolate Cake, 30g | Raffaello Premium Coconut & Almond Pralines, 30g",Chips | frozen food | Cakes and Rolls | Chocolate,Chips | Frozen fries | Soft Drinks | Chocolate,4,4,4.2,Normal
O202601203,2026-04-24,C0100,"Almarai Greek Style Mango Yoghurt, 150g",Yoghurts,Dairy,1,1,0.87,Normal
O202601204,2026-04-24,C0144,"Mr.Chips Disco Cheddar Cheese Flavor Snack, 58g | Eti Aditco Chocolate Cake, 36g | Galaxy Dark Truffle Dark Chocolate Bar, 33g",Chips | Cakes and Rolls | Chocolate,Chips | Soft Drinks | Chocolate,3,5,1.91,Normal
O202601205,2026-04-24,C0077,"Mr.Chips Waves Honey Mustard Chips, 50g | Nadec Milk Chocolate Milk, 6x125ml | Storck Toffifee Hazelnut In Caramel Candy, 125g | Mythic Sensation Mini Milk Chocolate 30 g",Chips | Long Life Milk | Chocolate | Chocolate,Chips | Dairy | Soft Drinks | Chocolate,4,7,9.55,Normal
O202601206,2026-04-24,C0128,"Maxim's Sliced Tuna With Garlic And Black Pepper 120 g | Frozen pizza | Almarai Mango Juice, 1L",Canned Seafood | frozen food | Juices,Sauce | Frozen pizza | Juices,3,3,5.85,Normal
O202601207,2026-04-24,C0143,"Mr.Chips Chilli Potato Chips, 68g | Al-Ghazal Pasta Bucatini 1, 300g | SWYOUN 48PCS Eid Al Adha Cupcake Topper Party Decorations",Chips | pasta | Eid al-Adha,Chips | Pasta | Bakery,3,5,2.82,Normal
O202601208,2026-04-24,C0022,Durra Hummus Grains 400 g,Canned Vegetables,Fruit And Veg,1,1,0.66,Normal
O202601209,2026-04-25,C0086,"Al-Ghazal Pasta Bucatini 1, 300g",pasta,Pasta,1,1,0.49,Normal
O202601210,2026-04-25,C0040,"Alyoum Burger Buns, 6 Pieces | Mr.Chips Bugles Cheese Flavor Corn Snacks, 33g | Burger | Ard Jdadna Powder Garlic, 200g | L'usine Cupcakes Filled with Chocolate Cream, 18x30g",Burger Buns | Chips | frozen food | Cooking & Baking | Cakes and Rolls,Burger Buns | Cheese | Burger | Sauce | Soft Drinks,5,7,10.8,Normal
O202601211,2026-04-25,C0012,"Smart Chips Crunchy Rings Pizza Flavor, 80g | Said Junior Cup 50 g | L'usine Cupcakes Filled with Chocolate Cream, 18x30g",Chips | Chocolate | Cakes and Rolls,Chips | Soft Drinks | Chocolate,3,4,4.3,Normal
O202601212,2026-04-25,C0014,"Cheetos Crunchy Flaming Hot Chips, 115g | Mr.Chips Pizza Flavor Corn Chips, 58g",Chips | Chips,Chips | Frozen pizza,2,4,3.25,Normal
O202601213,2026-04-25,C0010,"Lay's Chili Potato Chips, 110g | Storck Toffifee Hazelnut In Caramel Candy, 125g | Eti Pop Kek Mini Cake with Dark Chocolate, 144g",Chips | Chocolate | Cakes and Rolls,Chips | Soft Drinks | Chocolate,3,4,6.9,Normal
O202601214,2026-04-25,C0058,"Mr. Brown Chocolate Flavor Iced Coffee, 240ml | Nadec Long Life Full Fat UHT Milk, 4x1L | Molto XL Croissant Chocolate With Hazelnut, 42.5g",Specialty Drinks | Long Life Milk | Cakes and Rolls,Chocolate | Dairy | Bakery,3,4,5.5,Normal
O202601215,2026-04-25,C0075,"NewLand Tomato Ketchup 567 g | Mr.Chips Pizza Flavor Corn Chips, 58g | Crush Orange Soft Drink Pet Bottle, 1L",Cooking & Baking | Chips | Soft Drinks,Sauce | Frozen pizza | Juices,3,4,3,Normal
O202601216,2026-04-25,C0141,"Al-Ghazal Pasta Bucatini 1, 300g",pasta,Pasta,1,1,0.49,Normal
O202601217,2026-04-25,C0005,"Kikkoman Soy Sauce, 591ml | Frozen fries | Nadec Milk Chocolate Milk, 6x125ml",Cooking & Baking | frozen food | Long Life Milk,Sauce | Frozen fries | Soft Drinks,3,6,10.8,Normal
O202601218,2026-04-25,C0073,"Kinder Bueno Milk Chocolate Bar in Wafer with Hazelnut Cream, 43g",Chocolate,Dairy,1,3,2.25,Normal
O202601219,2026-04-25,C0034,Frozen fries,frozen food,Frozen fries,1,1,3,Normal
O202601220,2026-04-25,C0020,"Galaxy Minstrels Chocolate, 42g | Maxims Sweet Corn, 340g | Al-Ghazal Pasta Bucatini 1, 300g",Chocolate | Canned Vegetables | pasta,Chocolate | Canned Vegetables | Pasta,3,6,5.75,Normal
O202601221,2026-04-26,C0092,Fruit And Veg | Blue Mill Paprika 200 g,frozen food | Cooking & Baking,Fruit And Veg | Spices & Seasonings,2,2,4.7,Normal
O202601222,2026-04-26,C0131,"Almarai Unsalted Natural Butter, 200g",butter,Dairy,1,1,2.05,Normal
O202601223,2026-04-26,C0005,"Golden Corn Oil, 2.9L | Barakah Al Sanabel Chiffari Lisci, 450g | Cool Gear Water Bottle - Pink, 650ml",oil | pasta | back to school,Canned Vegetables | Pasta | Water,3,3,9.79,Normal
O202601224,2026-04-26,C0134,"Mr.Chips Bugles Cheese Flavor Corn Snacks, 33g | Mr. Brown Chocolate Flavor Iced Coffee, 240ml | Kinder Joy Chocolate Egg for Boys Assorted, 20g",Chips | Specialty Drinks | Chocolate,Chips | Soft Drinks | Chocolate,3,5,3.73,Normal
O202601225,2026-04-26,C0083,"Bifa Keks Roll Cake with Cocoa Cream, 50g",Cakes and Rolls,Bakery,1,1,0.25,Normal
O202601226,2026-04-26,C0113,"Pasta Zara Conchiglie No.54, 500g",pasta,Pasta,1,1,1.27,Normal
O202601227,2026-04-26,C0108,"Galaxy Jewels Assorted Chocolate Box, 650g | Mr.Chips Bugles Cheese Flavor Corn Snacks, 33g | Galaxy Minstrels Chocolate, 42g",Chocolate | Chips | Chocolate,Chocolate | Chips | Soft Drinks,3,6,19.77,Normal
O202601228,2026-04-26,C0118,"Alyoum Burger Buns with Sesame Seeds, 6 Pieces | Almarai Cheddar Cheese Slices, 200g | Burger | Maxim's Sliced Tuna With Garlic And Black Pepper 120 g | Ferrero Rocher Fine Crunchy Hazelnuts Dipped in Smooth Milk Chocolate, (3 Pieces), 37.5g",Burger Buns | Cheese | frozen food | Canned Seafood | Chocolate,Burger Buns | Cheese | Burger | Sauce | Soft Drinks,5,7,9.44,Normal
O202601229,2026-04-26,C0077,"Maxims Sweet Corn, 340g | Aroma Garden Biryani Spices, 100g",Canned Vegetables | Cooking & Baking,Fruit And Veg | Spices & Seasonings,2,4,6.59,Normal
O202601230,2026-04-26,C0123,"NewLand American Black Beans 432 g | Al-Ghazal Pasta Bucatini 1, 300g",Canned Vegetables | pasta,Canned Vegetables | Pasta,2,2,1.94,Normal
O202601231,2026-04-26,C0059,"Pascual Vive Soy High Calcium Oat Drink, 1L | Americana Marble Pound Cake, 300g",Milk Alternatives | Cakes and Rolls,Dairy | Bakery,2,2,5.24,Normal
O202601232,2026-04-26,C0130,SWYOUN 48PCS Eid Al Adha Cupcake Topper Party Decorations,Eid al-Adha,Bakery,1,1,0.75,Normal
O202601233,2026-04-27,C0009,"Frozen fries | Pasta Zara Conchiglie No.54, 500g | Exeter Canned Corned Beef, 340g | L'usine Cupcakes Filled with Chocolate Cream, 18x30g | Kikkoman Soy Sauce, 591ml",frozen food | pasta | Canned Meat | Cakes and Rolls | Cooking & Baking,Frozen fries | Pasta | Canned Vegetables | Bakery | Sauce,5,5,12.01,Normal
O202601234,2026-04-27,C0060,Frozen pizza,frozen food,Frozen pizza,1,2,6.96,Normal
O202601235,2026-04-27,C0049,Frozen pizza,frozen food,Frozen pizza,1,2,4.98,Normal
O202601236,2026-04-27,C0030,"Barilla Rigatoni 500 g | Alyoum Burger Buns with Sesame Seeds, 6 Pieces | Albayrouty Mushroom Slices 400 g | Almarai Cream Cheese, 6 Portion, 108g | NewLand Mayonnaise Garlic Flavor 300ml | Kinza Lemon Carbonated Drink, 1L",pasta | Burger Buns | Canned Vegetables | cheese | Cooking & Baking | Soft Drinks,Pasta | Burger Buns | Canned Vegetables | Cheese | Sauce | Soft Drinks,6,13,13.42,Normal
O202601237,2026-04-27,C0010,"Doritos Sweet Chili Pepper Tortilla Chips, 120g",Chips,Chips,1,1,0.97,Normal
O202601238,2026-04-27,C0119,"Ozmo Hoppo Biscuit Filled with Chocolate Cream, 40g | Mr.Chips Chilli Potato Chips, 68g | Crush Orange Soft Drink Pet Bottle, 1L",Chocolate | Chips | Soft Drinks,Chocolate | Chips | Soft Drinks,3,4,1.86,Normal
O202601239,2026-04-27,C0082,"Maxim's Smoked Tuna Oil 185 g | Kasih Vegetable Oil Cooking Spray, 141g | Tiger Rice 3.5 kg | Blue Mill Paprika 200 g",Canned Seafood | oil | rice | Cooking & Baking,Oil | Fruit And Veg | Rice | Spices & Seasonings,4,4,12.75,Normal
O202601240,2026-04-27,C0027,"Bifa Keks Cocoa Oval Banana Sauce Cake, 45g | Frozen fries | Kinder Chocolate Milk Chocolate Bars With Milky Filling (4 Bars), 50g",Cakes and Rolls | frozen food | Chocolate,Sauce | Frozen fries | Soft Drinks,3,4,3.95,Normal
O202601241,2026-04-27,C0048,"Al Sayad Tuna In Vegetable Oil, 160g | Frozen pizza | Benina Garlic Chili Sauce, 280g | KDD Long Life Apple Juice, 1L | Lay's Tomato Ketchup Potato Chips, 110g",Canned Seafood | frozen food | Cooking & Baking | Juices | Chips,Fruit And Veg | Frozen pizza | Spices & Seasonings | Juices | Sauce,5,6,8.43,Normal
O202601242,2026-04-27,C0040,"Kinder Joy Chocolate Egg for Boys Assorted, 20g | Frozen fries | Mr.Chips Paprika Potato Chips, 68g | G Cherry Pop Sugar Free Flavored Soda, 300ml",Chocolate | frozen food | Chips | Soft Drinks,Chocolate | Frozen fries | Chips | Soft Drinks,4,4,3.7,Normal
O202601243,2026-04-27,C0007,"Eti Aditco Chocolate Cake, 36g | Alyoum Burger Buns, 6 Pieces | Mr.Chips Cheese Potato Chips, 68g | Burger | Ard Jdadna Powder Garlic, 200g | Spuds Tomato Bruschetta Craft Cooked Chips, 65g | G Mixed Berry Fusion Flavored Soda, 300ml",Cakes and Rolls | Burger Buns | Chips | frozen food | Cooking & Baking | Chips | Soft Drinks,Chocolate | Burger Buns | Cheese | Burger | Sauce | Chips | Soft Drinks,7,11,11.04,Normal
O202601244,2026-04-27,C0045,"Benina Garlic Chili Sauce, 280g | Mr.Chips Disco Cheddar Cheese Flavor Snack, 58g | Choco Lake Choco Biscuits 650G | Alyoum Burger Buns, 6 Pieces",Cooking & Baking | Chips | Chocolate | Burger Buns,Sauce | Cheese | Soft Drinks | Burger,4,4,5.29,Normal
O202601245,2026-04-28,C0026,"Barni Chocolate Cake, 30g | Americana Orange Pound Cake, 300g",Cakes and Rolls | Cakes and Rolls,Chocolate | Bakery,2,4,5.92,Normal
O202601246,2026-04-28,C0017,"Kinder Chocolate Milk Chocolate Bars With Milky Filling (4 Bars), 50g",Chocolate,Dairy,1,1,0.58,Normal
O202601247,2026-04-28,C0136,"Galaxy Crispy Chocolate Bar,Â 30g | Mr.Chips Crocodile Cheese & Pizza Flavor Snack, 58g | Al Rabie Orange Juice, 1L | Mr.Chips Disco Cheddar Cheese Flavor Snack, 58g | Molto XL Croissant Chocolate With Hazelnut, 42.5g",Chocolate | Chips | Juices | Chips | Cakes and Rolls,Chocolate | Frozen pizza | Juices | Chips | Soft Drinks,5,7,4.87,Normal
O202601248,2026-04-28,C0075,"Ozmo Fun Shape Milk Chocolate Lollipop, 23g | Pringles Sour Cream & Onion Chips Can, 165g",Chocolate | Chips,Chocolate | Chips,2,4,5.7,Normal
O202601249,2026-04-28,C0119,"Almarai Greek Style Full Fat Blueberry Yoghurt, 150g",Yoghurts,Dairy,1,1,0.9,Normal
O202601250,2026-04-28,C0007,"Benina Garlic Chili Sauce, 280g | NewLand Special Sauce For Burgers & Fries, 300g | Pascual Vive Soy High Calcium Soy Drink, 1L | Ozmo Milk Chocolate Egg Shapes, 20g",Cooking & Baking | Cooking & Baking | Milk Alternatives | Chocolate,Sauce | Frozen fries | Eggs | Soft Drinks,4,5,11.24,Normal
O202601251,2026-04-28,C0020,"Bifa Keks Cocoa Oval Banana Sauce Cake, 45g | Doritos Nacho Cheese Tortilla Chips, 120g | Alyoum Burger Buns, 6 Pieces",Cakes and Rolls | Chips | Burger Buns,Sauce | Cheese | Burger Buns,3,4,2.35,Normal
O202601252,2026-04-29,C0001,"Ozmo Hoppo Biscuit Filled with Chocolate Cream, 40g",Chocolate,Soft Drinks,1,2,1.2,Normal
O202601253,2026-04-29,C0099,"Almarai Greek Style Full Fat Strawberry Yoghurt, 150g",Yoghurts,Dairy,1,1,0.9,Normal
O202601254,2026-04-29,C0104,"Kinder Chocolate Milk Chocolate Bars With Milky Filling (4 Bars), 50g | Kinder Happy Hippo Biscuits with Double Cream Filling, 103.5g",Chocolate | Chocolate,Chocolate | Dairy,2,2,2.55,Normal
O202601255,2026-04-29,C0032,"Pringles Sour Cream & Onion Chips Can, 165g | Galaxy Minstrels Chocolate, 42g | Choco Lake Diamond Twist Kunafa with Peanut Butter Filling, 450g",Chips | Chocolate | Chocolate,Chips | Soft Drinks | Chocolate,3,6,14.95,Normal
O202601256,2026-04-29,C0027,"Spuds Sweet & Chilli Salsa Craft Cooked Chips, 65g | Eti Aditco Chocolate Cake, 36g",Chips | Cakes and Rolls,Chips | Bakery,2,3,1.53,Normal
O202601257,2026-04-29,C0038,"NewLand Special Sauce For Burgers & Fries, 300g",Cooking & Baking,Frozen fries,1,1,2,Normal
O202601258,2026-04-29,C0015,"Galaxy Minstrels Chocolate, 42g | Alyoum Burger Buns, 6 Pieces | Mr.Chips Crocodile Cheese & Pizza Flavor Snack, 58g | NewLand Special Sauce For Burgers & Fries, 300g | NewLand Mayonnaise Garlic Flavor 300ml | Smart Chips Crunchy Rings Pizza Flavor, 80g | Galaxy Jewels Assorted Chocolate Box, 650g",Chocolate | Burger Buns | Chips | Cooking & Baking | Cooking & Baking | Chips | Chocolate,Chocolate | Burger Buns | Cheese | Burger | Sauce | Chips | Soft Drinks,7,10,43.26,Normal
O202601259,2026-04-29,C0135,"KDD Thick Cream, 4x125ml | Pasta Zara Conchiglie No.54, 500g",cream | pasta,Dairy | Pasta,2,2,3.03,Normal
O202601260,2026-04-29,C0056,"Barakah Al Sanabel Chiffari Lisci, 450g",pasta,Pasta,1,1,0.35,Normal
O202601261,2026-04-30,C0085,"Nadec Milk Chocolate Milk, 6x125ml | Bifa Keks Roll Cake with Cocoa Cream, 50g",Long Life Milk | Cakes and Rolls,Dairy | Bakery,2,4,4.3,Normal
O202601262,2026-04-30,C0046,"Mr.Chips Salt & Vinegar Potato Chips, 68g | Nadec Milk Chocolate Milk, 6x125ml | Eti Pop Kek Mini Cake with Dark Chocolate, 144g",Chips | Long Life Milk | Cakes and Rolls,Chips | Soft Drinks | Chocolate,3,5,4.75,Normal
O202601263,2026-04-30,C0016,"Kinder Happy Hippo Biscuits with Double Cream Filling, 103.5g | Mr.Chips Paprika Snack Mix, 78g | Nestle Kitkat Hazelnut 4 Fingers Chocolate, 41.5g",Chocolate | Chips | Chocolate,Chocolate | Chips | Soft Drinks,3,3,3.35,Normal
O202601264,2026-04-30,C0045,"NewLand Mayonnaise Garlic Flavor 300ml | Mr.Chips Waves Smoky Bbq Chips, 50g | Smart Chips Crunchy Rings Pizza Flavor, 80g",Cooking & Baking | Chips | Chips,Sauce | Chips | Frozen pizza,3,4,4.87,Normal
O202601265,2026-04-30,C0135,"Barni Chocolate Cake, 30g | Spuds Sweet & Chilli Salsa Craft Cooked Chips, 65g | Foster Clark's Bicarbonate of Soda, 150g",Cakes and Rolls | Chips | Cooking & Baking,Chocolate | Chips | Soft Drinks,3,6,4.75,Normal
O202601266,2026-04-30,C0064,"Almarai Greek Style Full Fat Blueberry Yoghurt, 150g",Yoghurts,Dairy,1,1,0.9,Normal
O202601267,2026-04-30,C0049,"Americana Chocolate Pound Cake, 300g | Choco Lake Choco Biscuits 650G",Cakes and Rolls | Chocolate,Chocolate | Soft Drinks,2,2,4.9,Normal
O202601268,2026-04-30,C0094,"Free Field Farms White Eggs, 15 Pieces | Lay's French Cheese Potato Chips, 110g | Galaxy Hazelnut Chocolate Bar, 30g | Alyoum Burger Buns, 6 Pieces",eggs | Chips | Chocolate | Burger Buns,Eggs | Cheese | Soft Drinks | Burger,4,7,19.32,Normal
O202601269,2026-04-30,C0041,"Mr.Chips Cheese Potato Chips, 68g",Chips,Chips,1,2,1.2,Normal
O202601270,2026-04-30,C0003,"Kraft Original Cheddar Cheese Slices, 200g | Alyoum Burger Buns, 6 Pieces | TT Peach ice Tea, 330ml | Burger",Cheese | Burger Buns | Soft Drinks | frozen food,Cheese | Burger Buns | Soft Drinks | Burger,4,7,11.25,Normal
O202601271,2026-05-01,C0013,"California Garden Whole Kernal Sweet Corn, 400g",Canned Vegetables,Fruit And Veg,1,2,2.1,Normal
O202601272,2026-05-01,C0060,"Spuds Sweet & Chilli Salsa Craft Cooked Chips, 65g | Baladna Coffee with Milk Low Fat Cow Milk, 250ml | Jordina Joy Orange, 1L",Chips | Specialty Drinks | Soft Drinks,Chips | Dairy | Soft Drinks,3,5,3.25,Normal
O202601273,2026-05-01,C0112,"Molto XL Croissant Chocolate With Hazelnut, 42.5g | SWYOUN 48PCS Eid Al Adha Cupcake Topper Party Decorations",Cakes and Rolls | Eid al-Adha,Chocolate | Bakery,2,2,1,Normal
O202601274,2026-05-01,C0023,"Galaxy Jewels Assorted Chocolate Box, 650g | Almarai Unsalted Natural Butter, 200g",Chocolate | butter,Chocolate | Dairy,2,2,19.35,Normal
O202601275,2026-05-01,C0135,"Barni Chocolate Cake, 30g",Cakes and Rolls,Soft Drinks,1,1,0.4,Normal
O202601276,2026-05-01,C0041,"NewLand Crushed Italian Tomatoes, 400g | Pasta Zara Conchiglie No.54, 500g | Reef Diet Flax Seeds Bread, 250g",Canned Vegetables | pasta | Flatbread,Canned Vegetables | Pasta | Bakery,3,3,3.48,Normal
O202601277,2026-05-01,C0076,"Alyoum Burger Buns with Sesame Seeds, 6 Pieces | Smart Chips Crunchy Rings Pizza Flavor, 80g | Mr.Chips Cheese Pop Corn, 58g | NewLand Special Sauce For Burgers & Fries, 300g | NewLand Tomato Ketchup 567 g",Burger Buns | Chips | Chips | Cooking & Baking | Cooking & Baking,Burger Buns | Frozen pizza | Cheese | Burger | Sauce,5,8,12.01,Normal
O202601278,2026-05-01,C0127,"American Garden Blueberry Topping & Filling, No Artificial Colors or Flavors, 595g",Canned Fruit,Fruit And Veg,1,1,4.9,Normal
O202601279,2026-05-02,C0123,"Eti Adicto Gold Mini Chocolate Brown Cake, 180g | Mr.Chips Bugles Cheese Flavor Corn Snacks, 33g",Cakes and Rolls | Chips,Chocolate | Chips,2,2,2,Normal
O202601280,2026-05-02,C0073,"Galaxy Caramel Chocolate Bar, 34g",Chocolate,Chocolate,1,2,1.54,Normal
O202601281,2026-05-02,C0092,"Almarai Greek Style Mango Yoghurt, 150g",Yoghurts,Dairy,1,1,0.9,Normal
O202601282,2026-05-02,C0090,"Pringles Salt & Vinegar Chips Can, 165g | Al Safi UHT Full Fat Milk, 4x1L | Nestle Kitkat Hazelnut 4 Fingers Chocolate, 41.5g",Chips | Long Life Milk | Chocolate,Chips | Dairy | Soft Drinks,3,3,6.35,Normal
O202601283,2026-05-02,C0010,"Jordina Joy Orange, 1L",Soft Drinks,Soft Drinks,1,2,1.2,Normal
O202601284,2026-05-02,C0119,"Hala Cheezers Twist Chips, 30g | Galaxy Minstrels Chocolate, 42g",Chips | Chocolate,Chips | Chocolate,2,3,2.28,Normal
O202601285,2026-05-02,C0058,"Al-Ghazal Pasta Bucatini 1, 300g",pasta,Pasta,1,1,0.49,Normal
O202601286,2026-05-02,C0050,"Lay's French Cheese Potato Chips, 110g | Ozmo Milk Chocolate Egg Shapes, 20g | Kinder Happy Hippo Biscuits with Double Cream Filling, 103.5g | Barni Chocolate Cake, 30g",Chips | Chocolate | Chocolate | Cakes and Rolls,Chips | Soft Drinks | Chocolate | Bakery,4,6,5.43,Normal
O202601287,2026-05-02,C0120,"Mythic Sensation Mini Milk Chocolate 30 g | Mr.Chips Waves Smoky Bbq Chips, 50g | Nutella B-Ready Chocolate Wafer Bar (6 Bars), 132g",Chocolate | Chips | Chocolate,Chocolate | Chips | Soft Drinks,3,4,5.7,Normal
O202601288,2026-05-02,C0072,"Pascual Vive Soy High Calcium Soy Drink, 1L",Milk Alternatives,Dairy,1,1,3.5,Normal
O202601289,2026-05-02,C0073,"Benina Garlic Chili Sauce, 280g | Frozen pizza | Frozen fries | KDD Long Life Apple Juice, 1L",Cooking & Baking | frozen food | frozen food | Juices,Sauce | Frozen pizza | Frozen fries | Juices,4,6,10.97,Normal
O202601290,2026-05-02,C0037,"NewLand Tomato Ketchup 567 g | Barni Chocolate Cake, 30g | Frozen fries | Crush Orange Soft Drink Pet Bottle, 1L",Cooking & Baking | Cakes and Rolls | frozen food | Soft Drinks,Sauce | Chocolate | Frozen fries | Soft Drinks,4,6,10.91,Normal
O202601291,2026-05-02,C0025,"Barakah Al Sanabel Chiffari Lisci, 450g | Afia Pure Corn Oil, 1.5L | Frozen pizza | Jordina Joy Orange, 1L | NewLand Dynamite Sauce, 300ml | Alyoum Yoghurt, 1kg",pasta | oil | frozen food | Soft Drinks | Cooking & Baking | youghurt,Pasta | Canned Vegetables | Frozen pizza | Juices | Sauce | Dairy,6,11,15.17,Normal
O202601292,2026-05-03,C0116,"Mr.Chips Cheese Potato Chips, 68g | Alyoum Burger Buns, 6 Pieces | Kinza Zero Sugar Lemon Soft Drink Can, 250ml | Burger",Chips | Burger Buns | Soft Drinks | frozen food,Cheese | Burger Buns | Soft Drinks | Burger,4,6,12.25,Normal
O202601293,2026-05-03,C0051,"Ard Jdadna Powder Garlic, 200g | Frozen fries | Mr. Brown Chocolate Flavor Iced Coffee, 240ml",Cooking & Baking | frozen food | Specialty Drinks,Sauce | Frozen fries | Soft Drinks,3,3,5.65,Normal
O202601294,2026-05-03,C0136,"Kinder Joy Chocolate Egg for Boys Assorted, 20g | Mr.Chips Chilli Potato Chips, 68g | Galaxy Minstrels Chocolate, 42g",Chocolate | Chips | Chocolate,Chocolate | Chips | Soft Drinks,3,4,3.48,Normal
O202601295,2026-05-03,C0037,"Blue Mill Garlic Powder 200 g | Alyoum Burger Buns with Sesame Seeds, 6 Pieces | Mr.Chips Waves Grilled Burger Chips, 50g",Cooking & Baking | Burger Buns | Chips,Sauce | Burger Buns | Burger,3,4,4.64,Normal
O202601296,2026-05-03,C0117,"Kinder Happy Hippo Biscuits with Double Cream Filling, 103.5g | Barilla Rigatoni 500 g | Maxims Sweet Corn 180 g 3 pcs get 1 pc Free | Mr.Chips Waves Grilled Burger Chips, 50g | Choco Lake Diamond Twist Kunafa with Peanut Butter Filling, 450g",Chocolate | pasta | Canned Fruit | Chips | Chocolate,Chocolate | Pasta | Canned Vegetables | Chips | Soft Drinks,5,5,13.06,Normal
O202601297,2026-05-03,C0020,Frozen fries,frozen food,Frozen fries,1,1,1.85,Normal
O202601298,2026-05-03,C0042,"Spuds Prime Ribs Craft Cooked Chips, 65g | Galaxy Hazelnut Chocolate Bar, 30g | Galaxy Crispy Chocolate Bar,Â 30g",Chips | Chocolate | Chocolate,Chips | Chocolate | Soft Drinks,3,6,4.6,Normal
O202601299,2026-05-03,C0057,"Kikkoman Soy Sauce, 591ml | Frozen pizza | Al Rabie Orange Juice, 1L",Cooking & Baking | frozen food | Juices,Sauce | Frozen pizza | Juices,3,4,10.24,Normal
O202601300,2026-05-03,C0131,"Al Sayad Tuna In Vegetable Oil, 160g | Maxims Sweet Corn, 340g | Abu Kass Basmati Rice, 4kg | Blue Mill Paprika 200 g",Canned Seafood | Canned Vegetables | rice | Cooking & Baking,Oil | Fruit And Veg | Rice | Spices & Seasonings,4,4,11.63,Normal
O202601301,2026-05-03,C0042,"Almarai Mixed Fruit Juice, 1.4L | Blue Mill Garlic Powder 200 g",Juices | Cooking & Baking,Fruit And Veg | Spices & Seasonings,2,2,4.89,Normal
O202601302,2026-05-03,C0117,"Galaxy Minstrels Chocolate, 42g | Mr.Chips Cheese Potato Chips, 68g | Ferrero Rocher Fine Crunchy Hazelnuts Dipped in Smooth Milk Chocolate, (3 Pieces), 37.5g",Chocolate | Chips | Chocolate,Chocolate | Chips | Soft Drinks,3,3,2.69,Normal
O202601303,2026-05-03,C0109,"Albayrouty Mushroom Slices 400 g | Abu Kass Basmati Rice, 4kg | Blue Mill Garlic Powder 200 g",Canned Vegetables | rice | Cooking & Baking,Fruit And Veg | Rice | Spices & Seasonings,3,5,20.41,Normal
O202601304,2026-05-04,C0043,"Alyoum Burger Buns with Sesame Seeds, 6 Pieces",Burger Buns,Bakery,1,2,1.1,Normal
O202601305,2026-05-04,C0107,"Milka Choco Wafer, (5 Pieces), 150g | NewLand Special Sauce For Burgers & Fries, 300g | Galaxy Crispy Chocolate Bar,Â 30g",Chocolate | Cooking & Baking | Chocolate,Chocolate | Frozen fries | Soft Drinks,3,4,5.85,Normal
O202601306,2026-05-04,C0011,"Ozmo Fun Shape Milk Chocolate Lollipop, 23g | Eti Pop Kek Cocoa Cake, 200g",Chocolate | Cakes and Rolls,Soft Drinks | Bakery,2,3,4.5,Normal
O202601307,2026-05-04,C0146,"NewLand American Black Beans 432 g | Mr.Chips Crocodile Cheese & Pizza Flavor Snack, 58g | Cool Gear Water Bottle - Pink, 650ml",Canned Vegetables | Chips | back to school,Fruit And Veg | Frozen pizza | Water,3,5,12.95,Normal
O202601308,2026-05-04,C0001,"Ferrero Rocher Fine Crunchy Hazelnuts Dipped in Smooth Milk Chocolate, (3 Pieces), 37.5g | Mr.Chips Paprika Potato Chips, 68g | G Mixed Berry Fusion Flavored Soda, 300ml",Chocolate | Chips | Soft Drinks,Chocolate | Chips | Soft Drinks,3,3,2.15,Normal
O202601309,2026-05-04,C0050,"Al-Ghazal Pasta Bucatini 1, 300g | Frozen pizza | Pascual Vive Soy High Calcium Oat Drink, 1L | KDD Long Life Apple Juice, 1L | Lay's Tomato Ketchup Potato Chips, 110g",pasta | frozen food | Milk Alternatives | Juices | Chips,Pasta | Frozen pizza | Eggs | Juices | Sauce,5,6,11.24,Normal
O202601310,2026-05-04,C0002,"Pringles Sour Cream & Onion Chips Can, 165g | Galaxy Crispy Chocolate Bar,Â 30g | Galaxy Hazelnut Chocolate Bar, 30g",Chips | Chocolate | Chocolate,Chips | Soft Drinks | Chocolate,3,5,4.78,Normal
O202601311,2026-05-04,C0095,NewLand Tomato Ketchup 567 g | Frozen fries | Koita Organic Chocolate Milk Uht 200 ml,Cooking & Baking | frozen food | Long Life Milk,Sauce | Frozen fries | Soft Drinks,3,6,10.59,Normal
O202601312,2026-05-05,C0124,"Smart Chips Ketchup Flavor Stix, 75g | Frozen fries | Galaxy Caramel Chocolate Bar, 34g",Chips | frozen food | Chocolate,Sauce | Frozen fries | Soft Drinks,3,4,4.67,Normal
O202601313,2026-05-05,C0131,"Albayrouty Sweet Corn 340 g | Cool Gear Water Bottle - Pink, 650ml",Canned Vegetables | back to school,Fruit And Veg | Water,2,2,4.8,Normal
O202601314,2026-05-05,C0087,"Lay's French Cheese Potato Chips, 110g | Almarai Uht Full Fat Milk with Vitamins, 4x1L",Chips | milk,Chips | Eggs,2,3,8.54,Normal
O202601315,2026-05-05,C0046,"Alinor Organic Plant Based Almond Barista Drink, 1L",Milk Alternatives,Dairy,1,2,7,Normal
O202601316,2026-05-05,C0140,"NewLand Mayonnaise Garlic Flavor 300ml | Snickers Chocolate Bar Filled with Caramel & Peanuts, 40g | Frozen fries",Cooking & Baking | Chocolate | frozen food,Sauce | Chocolate | Frozen fries,3,3,4.11,Normal
O202601317,2026-05-05,C0144,"Eti Pop Kek Cocoa Cake, 200g",Cakes and Rolls,Bakery,1,1,1.95,Normal
O202601318,2026-05-06,C0061,"Five Cows Thick Cream, 4x125ml",cream,Dairy,1,1,1.75,Normal
O202601319,2026-05-06,C0029,Albayrouty Sweet Corn 340 g,Canned Vegetables,Fruit And Veg,1,1,1.05,Normal
O202601320,2026-05-06,C0083,"Kinder Joy Chocolate Egg for Boys Assorted, 20g | L'usine Soft Cupcakes Filled with Strawberry Cream, 18x30g",Chocolate | Cakes and Rolls,Eggs | Bakery,2,4,3.9,Normal
O202601321,2026-05-06,C0090,"Galaxy Caramel Chocolate Bar, 34g | Mr.Chips Chilli Potato Chips, 68g | Crush Cola Soft Drink Pet Bottle, 1L",Chocolate | Chips | Soft Drinks,Chocolate | Chips | Soft Drinks,3,5,2.9,Normal
O202601322,2026-05-06,C0038,Mythic Sensation Mini Milk Chocolate 30 g,Chocolate,Dairy,1,1,0.55,Normal
O202601323,2026-05-06,C0117,"Maxims Sweet Corn, 340g",Canned Vegetables,Fruit And Veg,1,1,1.5,Normal
O202601324,2026-05-06,C0011,"Molto XL Croissant Chocolate With Hazelnut, 42.5g",Cakes and Rolls,Bakery,1,1,0.25,Normal
O202601325,2026-05-06,C0005,"Frozen fries | Alyoum Burger Buns with Sesame Seeds, 6 Pieces | Nadec Burger Cheese (10 Slices), 200g | Alyoum Burger Buns, 6 Pieces | Pascual Vive Soy High Calcium Soy Drink, 1L | NewLand Dynamite Sauce, 300ml | Ozmo Milk Chocolate Egg Shapes, 20g",frozen food | Burger Buns | Cheese | Burger Buns | Milk Alternatives | Cooking & Baking | Chocolate,Frozen fries | Burger Buns | Cheese | Burger | Eggs | Sauce | Soft Drinks,7,11,16.9,Normal
O202601326,2026-05-06,C0044,"Mr. Brown Chocolate Flavor Iced Coffee, 240ml",Specialty Drinks,Soft Drinks,1,4,3.8,Normal
O202601327,2026-05-06,C0125,"Koita Organic Chocolate Milk Uht 200 ml | Mr.Chips Disco Cheddar Cheese Flavor Snack, 58g | Spuds Sour Cream & Onion Craft Cooked Chips, 65g | Super Sour Green Apple Carbonated Drink, 250ml",Long Life Milk | Chips | Chips | Soft Drinks,Chocolate | Chips | Dairy | Soft Drinks,4,7,4.05,Normal
O202601328,2026-05-06,C0044,"Alyoum Yoghurt, 1kg | Frozen pizza | Almarai Mixed Berry Juice, 1.4L",youghurt | frozen food | Juices,Eggs | Frozen pizza | Juices,3,8,16.26,Normal
O202601329,2026-05-06,C0099,"Koita UHT Coconut Milk - No Added Sugar, 1L",Milk Alternatives,Dairy,1,1,3.7,Normal
O202601330,2026-05-07,C0027,"Mr.Chips Chilli Potato Chips, 68g | Pascual Vive Soy High Calcium Oat Drink, 1L",Chips | Milk Alternatives,Chips | Dairy,2,2,3.98,Normal
O202601331,2026-05-07,C0124,"NewLand Special Sauce For Burgers & Fries, 300g | Mr.Chips Cheese Pop Corn, 58g | Kinder Chocolate Milk Chocolate Bars With Milky Filling (4 Bars), 50g | Burger",Cooking & Baking | Chips | Chocolate | frozen food,Sauce | Cheese | Soft Drinks | Burger,4,9,12.85,Normal
O202601332,2026-05-07,C0104,"Milka Choco Wafer, (5 Pieces), 150g",Chocolate,Chocolate,1,1,2.31,Normal
O202601333,2026-05-07,C0043,"Mr.Chips Paprika Potato Chips, 68g | TT Peach ice Tea, 330ml",Chips | Soft Drinks,Chips | Soft Drinks,2,2,0.85,Normal
O202601334,2026-05-07,C0065,"NewLand Special Sauce For Burgers & Fries, 300g | Nadec Burger Cheese (10 Slices), 200g | Raffaello Premium Coconut & Almond Pralines, 30g | Burger",Cooking & Baking | Cheese | Chocolate | frozen food,Sauce | Cheese | Soft Drinks | Burger,4,7,11.64,Normal
O202601335,2026-05-07,C0060,"NewLand Pineapple Slices In Light Syrup 565 g | Almarai Labneh, 500g",Canned Fruit | labneh,Fruit And Veg | Dairy,2,2,4.1,Normal
O202601336,2026-05-07,C0028,"Lay's French Cheese Potato Chips, 110g | Kinder Chocolate Milk Chocolate Bars With Milky Filling (4 Bars), 50g | Pasta Zara Conchiglie No.54, 500g | Storck Toffifee Hazelnut In Caramel Candy, 125g",Chips | Chocolate | pasta | Chocolate,Chips | Soft Drinks | Pasta | Chocolate,4,6,9.36,Normal
O202601337,2026-05-07,C0071,"Pringles Sour Cream & Onion Chips Can, 165g",Chips,Dairy,1,1,1.7,Normal
O202601338,2026-05-07,C0060,"Reef Diet Flax Seeds Bread, 250g",Flatbread,Bakery,1,1,1,Normal
O202601339,2026-05-08,C0132,"Ozmo Fun Shape Milk Chocolate Lollipop, 23g | Mr.Chips Waves Smoky Bbq Chips, 50g | Americana Chocolate Pound Cake, 300g",Chocolate | Chips | Cakes and Rolls,Chocolate | Chips | Soft Drinks,3,5,4.35,Normal
O202601340,2026-05-08,C0061,"Lay's Tomato Ketchup Potato Chips, 110g | Galaxy Jewels Assorted Chocolate Box, 650g | Mr.Chips Pizza Flavor Corn Chips, 58g | Jordina Joy Orange, 1L",Chips | Chocolate | Chips | Soft Drinks,Sauce | Chocolate | Frozen pizza | Juices,4,9,20.81,Normal
O202601341,2026-05-08,C0021,"NewLand Mayonnaise, 300ml | NewLand Special Sauce For Burgers & Fries, 300g | Jordina Joy Orange, 1L",Cooking & Baking | Cooking & Baking | Soft Drinks,Sauce | Frozen fries | Soft Drinks,3,4,6.6,Normal
O202601342,2026-05-08,C0018,"NewLand Special Sauce For Burgers & Fries, 300g | Frozen fries | The Bridge Bio Organic Almond Sugar Free Drink, 1L | Eti Aditco Chocolate Cake, 36g",Cooking & Baking | frozen food | Milk Alternatives | Cakes and Rolls,Sauce | Frozen fries | Dairy | Soft Drinks,4,7,10.76,Normal
O202601343,2026-05-08,C0080,"Almarai Unsalted Natural Butter, 200g",butter,Dairy,1,1,2.05,Normal
O202601344,2026-05-08,C0082,"Durra Hummus Grains 400 g | Koita UHT Coconut Milk - No Added Sugar, 1L",Canned Vegetables | Milk Alternatives,Fruit And Veg | Eggs,2,3,7.84,Normal
O202601345,2026-05-08,C0141,"Nestle Kitkat Hazelnut 4 Fingers Chocolate, 41.5g",Chocolate,Soft Drinks,1,3,2.4,Normal
O202601346,2026-05-08,C0083,"Frozen fries | Mandi Basmati Rice 4 kg | Maxim's Mushrooms 425 g 3+1 | Frozen pizza | Blue Mill Paprika 200 g | KDD Mango Nectar, 1L | Benina Soy Sauce Mild, 150g",frozen food | rice | Canned Fruit | frozen food | Cooking & Baking | Juices | Cooking & Baking,Frozen fries | Rice | Fruit And Veg | Frozen pizza | Spices & Seasonings | Juices | Sauce,7,12,36.22,Normal
O202601347,2026-05-08,C0087,"Ozmo Fun Shape Milk Chocolate Lollipop, 23g",Chocolate,Soft Drinks,1,4,2.4,Normal
O202601348,2026-05-08,C0014,"Barakah Al Sanabel Chiffari Lisci, 450g",pasta,Pasta,1,2,0.7,Normal
O202601349,2026-05-09,C0137,"Kinder Joy Chocolate Egg for Boys Assorted, 20g | Cheetos Crunchy Flaming Hot Chips, 115g | Nutella B-Ready Chocolate Wafer Bar (6 Bars), 132g",Chocolate | Chips | Chocolate,Chocolate | Chips | Soft Drinks,3,3,3.95,Normal
O202601350,2026-05-09,C0083,"Mythic Sensation Mini Milk Chocolate 30 g | Spuds Tomato Bruschetta Craft Cooked Chips, 65g | Koita Organic Chocolate Milk Uht 200 ml",Chocolate | Chips | Long Life Milk,Chocolate | Chips | Soft Drinks,3,3,2.95,Normal
O202601351,2026-05-09,C0041,"Galaxy Dark Truffle Dark Chocolate Bar, 33g",Chocolate,Soft Drinks,1,4,3.08,Normal
O202601352,2026-05-09,C0106,Maxims Sweet Corn 180 g 3 pcs get 1 pc Free | Barilla Rigatoni 500 g,Canned Fruit | pasta,Canned Vegetables | Pasta,2,5,14.29,Normal
O202601353,2026-05-09,C0054,"NewLand Special Sauce For Burgers & Fries, 300g | Mr.Chips Crocodile Cheese & Pizza Flavor Snack, 58g | Morrisons Apricot Halves in Juice, 410g",Cooking & Baking | Chips | Canned Fruit,Sauce | Frozen pizza | Juices,3,7,19.42,Normal
O202601354,2026-05-09,C0085,"Eti Adicto Gold Mini Chocolate Brown Cake, 180g | Bifa Keks Roll Cake with Cocoa Cream, 50g",Cakes and Rolls | Cakes and Rolls,Chocolate | Bakery,2,3,3.65,Normal
O202601355,2026-05-09,C0135,"Alyoum Burger Buns with Sesame Seeds, 6 Pieces | Mr.Chips Bugles Cheese Flavor Corn Snacks, 33g | Almarai Full Fat Processed Cheddar Burger Cheese (10 Slices), 200g | Eti Pop Kek Mini Cake with Dark Chocolate, 144g | Maxim's Sliced Tuna With Garlic And Black Pepper 120 g | Canary Tutti Frutti Sugar Free Sparkling Drink, 330ml",Burger Buns | Chips | Cheese | Cakes and Rolls | Canned Seafood | Soft Drinks,Burger Buns | Cheese | Burger | Bakery | Sauce | Soft Drinks,6,11,8.43,Normal
O202601356,2026-05-10,C0006,"Mr.Chips Pizza Flavor Corn Chips, 58g | Ozmo Fun Shape Milk Chocolate Lollipop, 23g | Kinder Happy Hippo Biscuits with Double Cream Filling, 103.5g",Chips | Chocolate | Chocolate,Chips | Soft Drinks | Chocolate,3,3,2.72,Normal
O202601357,2026-05-10,C0127,"Ozmo Milk Chocolate Egg Shapes, 20g",Chocolate,Dairy,1,1,0.75,Normal
O202601358,2026-05-10,C0124,"Smart Chips Ketchup Flavor Stix, 75g | Spuds Sour Cream & Onion Craft Cooked Chips, 65g",Chips | Chips,Chips | Dairy,2,4,4.59,Normal
O202601359,2026-05-10,C0140,"NewLand Dynamite Sauce, 300ml | Frozen fries | Storck Toffifee Hazelnut In Caramel Candy, 125g",Cooking & Baking | frozen food | Chocolate,Sauce | Frozen fries | Soft Drinks,3,3,6.78,Normal
O202601360,2026-05-10,C0022,"Barbican Passion Fruit Flavour Non-Alcoholic Malt Beverage in Bottle, 330ml | Spuds Tomato Bruschetta Craft Cooked Chips, 65g | Crush Cola Soft Drink Pet Bottle, 1L | Kinder Chocolate Milk Chocolate Bars With Milky Filling (4 Bars), 50g",Specialty Drinks | Chips | Soft Drinks | Chocolate,Fruit And Veg | Chips | Soft Drinks | Chocolate,4,4,2.16,Normal
O202601361,2026-05-10,C0073,"Exeter Canned Corned Beef, 340g | Barilla Rigatoni 500 g",Canned Meat | pasta,Canned Vegetables | Pasta,2,2,4.03,Normal
O202601362,2026-05-10,C0067,"Bifa Keks Roll Black and White Cake, 50g",Cakes and Rolls,Bakery,1,1,0.24,Normal
O202601363,2026-05-10,C0110,"Bifa Keks Roll Cake with Cocoa Cream, 50g",Cakes and Rolls,Bakery,1,2,0.5,Normal
O202601364,2026-05-10,C0123,"Blue Mill Garlic Powder 200 g | Frozen fries | Molto XL Croissant Chocolate With Hazelnut, 42.5g",Cooking & Baking | frozen food | Cakes and Rolls,Sauce | Frozen fries | Soft Drinks,3,4,5.29,Normal
O202601365,2026-05-10,C0006,Al-Bayrouti Chick Peas 3x400g,Canned Fruit,Fruit And Veg,1,1,1.5,Normal
O202601366,2026-05-10,C0101,"Alyoum Burger Buns, 6 Pieces | Frozen pizza | Mr.Chips Disco Cheddar Cheese Flavor Snack, 58g | Mr.Chips Waves Grilled Burger Chips, 50g | Ard Jdadna Powder Garlic, 200g | Kinder Bueno Milk Chocolate Bar in Wafer with Hazelnut Cream, 43g",Burger Buns | frozen food | Chips | Chips | Cooking & Baking | Chocolate,Burger Buns | Frozen pizza | Cheese | Burger | Sauce | Soft Drinks,6,9,9.34,Normal
O202601367,2026-05-10,C0053,"Alyoum Burger Buns with Sesame Seeds, 6 Pieces | Mr.Chips Disco Cheddar Cheese Flavor Snack, 58g | Burger | NewLand Tomato Ketchup 567 g | Kinder Happy Hippo Biscuits with Double Cream Filling, 103.5g",Burger Buns | Chips | frozen food | Cooking & Baking | Chocolate,Burger Buns | Cheese | Burger | Sauce | Soft Drinks,5,7,11.48,Normal
O202601368,2026-05-11,C0016,"Americana Orange Pound Cake, 300g",Cakes and Rolls,Bakery,1,1,1.9,Normal
O202601369,2026-05-11,C0145,"Lay's Tomato Ketchup Potato Chips, 110g | Mr.Chips Crocodile Cheese & Pizza Flavor Snack, 58g | Almarai Mango Juice, 1L",Chips | Chips | Juices,Sauce | Frozen pizza | Juices,3,5,4.75,Normal
O202601370,2026-05-11,C0058,"Bounty Coconut Milk Chocolate Bar, 50g",Chocolate,Soft Drinks,1,1,0.65,Normal
O202601371,2026-05-11,C0031,"Koita Organic Chocolate Milk Uht 200 ml | Spuds Prime Ribs Craft Cooked Chips, 65g | Eti Adicto Gold Mini Chocolate Brown Cake, 180g",Long Life Milk | Chips | Cakes and Rolls,Chocolate | Chips | Soft Drinks,3,8,11.6,Normal
O202601372,2026-05-11,C0097,"Nestle Kitkat Hazelnut 4 Fingers Chocolate, 41.5g",Chocolate,Soft Drinks,1,2,1.6,Normal
O202601373,2026-05-12,C0014,"Choco Lake Diamond Twist Kunafa with Peanut Butter Filling, 450g",Chocolate,Chocolate,1,1,4.99,Normal
O202601374,2026-05-12,C0069,"Alyoum Fresh Jameed Liquid, 1kg",Yoghurts,Dairy,1,3,5.25,Normal
O202601375,2026-05-12,C0060,"Molto XL Croissant Chocolate With Hazelnut, 42.5g",Cakes and Rolls,Soft Drinks,1,2,0.49,Normal
O202601376,2026-05-12,C0063,"Kikkoman Soy Sauce, 591ml | Mr.Chips Pizza Flavor Corn Chips, 58g | Al Rabie Orange Juice, 1L",Cooking & Baking | Chips | Juices,Sauce | Frozen pizza | Juices,3,4,6.9,Normal
O202601377,2026-05-12,C0091,"Mr.Chips Cheese Potato Chips, 68g | Alyoum Burger Buns with Sesame Seeds, 6 Pieces | Kinder Bueno Milk Chocolate Bar in Wafer with Hazelnut Cream, 43g",Chips | Burger Buns | Chocolate,Cheese | Burger Buns | Soft Drinks,3,5,3.4,Normal
O202601378,2026-05-12,C0096,"Galaxy Minstrels Chocolate, 42g | Ozmo Milk Chocolate Egg Shapes, 20g",Chocolate | Chocolate,Chocolate | Soft Drinks,2,2,1.84,Normal
O202601379,2026-05-12,C0017,"Eti Adicto Gold Mini Chocolate Brown Cake, 180g | NewLand Special Sauce For Burgers & Fries, 300g | Smart Chips Ketchup Flavor Stix, 75g | Jordina Joy Cola, 1L",Cakes and Rolls | Cooking & Baking | Chips | Soft Drinks,Chocolate | Frozen fries | Sauce | Soft Drinks,4,4,5.58,Normal
O202601380,2026-05-12,C0082,"Benina Garlic Chili Sauce, 280g | Frozen fries | Crush Cola Soft Drink Pet Bottle, 1L | Eti Aditco Chocolate Cake, 36g",Cooking & Baking | frozen food | Soft Drinks | Cakes and Rolls,Sauce | Frozen fries | Soft Drinks | Bakery,4,4,4.71,Normal
O202601381,2026-05-12,C0121,"Kinder Bueno Milk Chocolate Bar in Wafer with Hazelnut Cream, 43g | Lay's French Cheese Potato Chips, 110g | Molto XL Croissant Chocolate With Hazelnut, 42.5g",Chocolate | Chips | Cakes and Rolls,Chocolate | Chips | Soft Drinks,3,5,2.5,Normal
O202601382,2026-05-12,C0118,"Blue Mill Garlic Powder 200 g | Smart Chips Crunchy Rings Pizza Flavor, 80g | Almarai Mixed Fruit Juice, 200ml",Cooking & Baking | Chips | Juices,Sauce | Frozen pizza | Juices,3,5,7.38,Normal
O202601383,2026-05-13,C0147,"Ard Jdadna Powder Garlic, 200g | Frozen fries | Galaxy Smooth Milk Chocolate Bar,Â 30g",Cooking & Baking | frozen food | Chocolate,Sauce | Frozen fries | Soft Drinks,3,7,12.01,Normal
O202601384,2026-05-13,C0004,"Lay's Tomato Ketchup Potato Chips, 110g | Freez Blue Hawaii Tropical Fruits Flavored Carbonated Drink, 275ml | Frozen fries | Crush Cola Soft Drink Pet Bottle, 1L",Chips | Specialty Drinks | frozen food | Soft Drinks,Sauce | Fruit And Veg | Frozen fries | Soft Drinks,4,4,5.33,Normal
O202601385,2026-05-13,C0085,"L'usine Cupcakes Filled with Chocolate Cream, 18x30g",Cakes and Rolls,Chocolate,1,2,3.6,Normal
O202601386,2026-05-13,C0132,"Eti Pop Kek Mini Cake with Dark Chocolate, 144g",Cakes and Rolls,Chocolate,1,1,1.6,Normal
O202601387,2026-05-13,C0077,"Luna Red Kidney Beans, 380g | Barilla Rigatoni 500 g",Canned Vegetables | pasta,Canned Vegetables | Pasta,2,4,5.8,Normal
O202601388,2026-05-13,C0056,"Benina Soy Sauce Mild, 150g | Frozen fries | Choco Lake Choco Biscuits 650G",Cooking & Baking | frozen food | Chocolate,Sauce | Frozen fries | Soft Drinks,3,5,13.05,Normal
O202601389,2026-05-13,C0093,"Galaxy Caramel Chocolate Bar, 34g | Alyoum Burger Buns, 6 Pieces | Almarai Cream Cheese, 6 Portion, 108g | Burger | Benina Soy Sauce Mild, 150g | Smart Chips Ketchup Flavor Stix, 75g | G Pink Lemonade Flavored Soda, 300ml",Chocolate | Burger Buns | cheese | frozen food | Cooking & Baking | Chips | Soft Drinks,Chocolate | Burger Buns | Cheese | Burger | Sauce | Chips | Soft Drinks,7,10,16.62,Normal
O202601390,2026-05-13,C0050,"Benina Soy Sauce Mild, 150g | Mr.Chips Pizza Flavor Corn Chips, 58g | Alyoum Burger Buns, 6 Pieces | Mr.Chips Waves Grilled Burger Chips, 50g",Cooking & Baking | Chips | Burger Buns | Chips,Sauce | Chips | Burger Buns | Burger,4,4,2.5,Normal
O202601391,2026-05-13,C0096,"Mr.Chips Cheese Potato Chips, 68g",Chips,Chips,1,1,0.6,Normal
O202601392,2026-05-13,C0021,"Raffaello Premium Coconut & Almond Pralines, 30g | Mr.Chips Paprika Potato Chips, 68g | Galaxy Dark Truffle Dark Chocolate Bar, 33g",Chocolate | Chips | Chocolate,Chocolate | Chips | Soft Drinks,3,4,3.04,Normal
O202601393,2026-05-13,C0067,"Albayrouty Mushroom Slices 400 g | Al-Ghazal Pasta Bucatini 1, 300g",Canned Vegetables | pasta,Canned Vegetables | Pasta,2,4,3.08,Normal
O202601394,2026-05-14,C0098,Frozen fries,frozen food,Frozen fries,1,1,1.84,Normal
O202601395,2026-05-14,C0004,"Pasta Zara Conchiglie No.54, 500g | Alyoum Burger Buns with Sesame Seeds, 6 Pieces | Albayrouty Sweet Corn 340 g | Mr.Chips Cheese Potato Chips, 68g | Almarai Full Fat Processed Cheddar Burger Cheese (10 Slices), 200g | Kikkoman Soy Sauce, 591ml | Bounty Coconut Milk Chocolate Bar, 50g",pasta | Burger Buns | Canned Vegetables | Chips | Cheese | Cooking & Baking | Chocolate,Pasta | Burger Buns | Canned Vegetables | Cheese | Burger | Sauce | Soft Drinks,7,10,10.96,Normal
O202601396,2026-05-14,C0110,"Cheetos Crunchy Flaming Hot Chips, 115g",Chips,Chips,1,1,1,Normal
O202601397,2026-05-14,C0142,"Alyoum Burger Buns with Sesame Seeds, 6 Pieces",Burger Buns,Bakery,1,1,0.55,Normal
O202601398,2026-05-14,C0141,"Kinder Bueno Milk Chocolate Bar in Wafer with Hazelnut Cream, 43g",Chocolate,Chocolate,1,1,0.75,Normal
O202601399,2026-05-14,C0034,"L'usine Vanilla Cupcakes, 18x30g",Cakes and Rolls,Bakery,1,3,5.4,Normal
O202601400,2026-05-14,C0083,"Almarai Greek Style Full Fat Blueberry Yoghurt, 150g",Yoghurts,Dairy,1,1,0.9,Normal
O202601401,2026-05-14,C0128,"NewLand Special Sauce For Burgers & Fries, 300g | Frozen fries | Barni Chocolate Cake, 30g",Cooking & Baking | frozen food | Cakes and Rolls,Sauce | Frozen fries | Soft Drinks,3,4,5.8,Normal
O202601402,2026-05-14,C0117,"TT Peach ice Tea, 330ml",Soft Drinks,Soft Drinks,1,1,0.24,Normal
O202601403,2026-05-14,C0075,"Frozen fries | Kinder Happy Hippo Biscuits with Double Cream Filling, 103.5g",frozen food | Chocolate,Frozen fries | Soft Drinks,2,5,9.65,Normal
O202601404,2026-05-14,C0138,"Milka Choco Wafer, (5 Pieces), 150g",Chocolate,Soft Drinks,1,3,6.93,Normal
O202601405,2026-05-14,C0099,"Mr.Chips Paprika Potato Chips, 68g | Koita Organic Chocolate Milk Uht 200 ml",Chips | Long Life Milk,Chips | Chocolate,2,2,2.25,Normal
O202601406,2026-05-15,C0048,"Galaxy Dark Truffle Dark Chocolate Bar, 33g",Chocolate,Soft Drinks,1,3,2.31,Normal
O202601407,2026-05-15,C0082,"Nadec Milk Chocolate Milk, 6x125ml",Long Life Milk,Soft Drinks,1,2,2.7,Normal
O202601408,2026-05-15,C0100,"NewLand Special Sauce For Burgers & Fries, 300g | Reef Diet Flax Seeds Bread, 250g",Cooking & Baking | Flatbread,Frozen fries | Bakery,2,2,3,Normal
O202601409,2026-05-15,C0090,"Mythic Sensation Mini Milk Chocolate 30 g | Spuds Prime Ribs Craft Cooked Chips, 65g",Chocolate | Chips,Chocolate | Chips,2,2,1.3,Normal
O202601410,2026-05-15,C0017,"Mr.Chips Paprika Potato Chips, 68g | Foster Clark's Bicarbonate of Soda, 150g | Ozmo Fun Shape Milk Chocolate Lollipop, 23g",Chips | Cooking & Baking | Chocolate,Chips | Soft Drinks | Chocolate,3,3,2.1,Normal
O202601411,2026-05-16,C0100,"Milka Choco Wafer, (5 Pieces), 150g",Chocolate,Dairy,1,1,2.31,Normal
O202601412,2026-05-16,C0118,"Crush Orange Soft Drink Pet Bottle, 1L",Soft Drinks,Soft Drinks,1,4,1.32,Normal
O202601413,2026-05-16,C0120,"Mr.Chips Crocodile Cheese & Pizza Flavor Snack, 58g",Chips,Frozen pizza,1,2,0.49,Normal
O202601414,2026-05-16,C0041,"G Mixed Berry Fusion Flavored Soda, 300ml",Soft Drinks,Soft Drinks,1,1,0.55,Normal
O202601415,2026-05-16,C0012,"Mr.Chips Paprika Snack Mix, 78g | Matrix Fruit Carbonated Drink, 250ml",Chips | Soft Drinks,Chips | Soft Drinks,2,3,1.1,Normal
O202601416,2026-05-16,C0020,"Ozmo Fun Shape Milk Chocolate Lollipop, 23g | Eti Adicto Gold Mini Chocolate Brown Cake, 180g",Chocolate | Cakes and Rolls,Chocolate | Bakery,2,2,2.3,Normal
O202601417,2026-05-16,C0049,"Al-Ghazal Pasta Bucatini 1, 300g | Americana Chocolate Pound Cake, 300g",pasta | Cakes and Rolls,Pasta | Bakery,2,2,2.39,Normal
O202601418,2026-05-16,C0040,"Nutella B-Ready Chocolate Wafer Bar (6 Bars), 132g | Pringles Salt & Vinegar Chips Can, 165g | Ozmo Milk Chocolate Egg Shapes, 20g",Chocolate | Chips | Chocolate,Chocolate | Chips | Soft Drinks,3,3,4.56,Normal
O202601419,2026-05-16,C0014,"Hammoudeh Lactose Free Full Fat UHT Milk, 1L | Snickers Chocolate Bar Filled with Caramel & Peanuts, 40g",milk | Chocolate,Eggs | Soft Drinks,2,3,3.6,Normal
O202601420,2026-05-16,C0007,"NewLand Tomato Ketchup 567 g | Mr.Chips Pizza Flavor Corn Chips, 58g | Morrisons Apricot Halves in Juice, 410g",Cooking & Baking | Chips | Canned Fruit,Sauce | Frozen pizza | Juices,3,3,6.53,Normal
O202601421,2026-05-16,C0145,"Alyoum Burger Buns, 6 Pieces | Mr.Chips Disco Cheddar Cheese Flavor Snack, 58g | NewLand Special Sauce For Burgers & Fries, 300g | Smart Chips Ketchup Flavor Stix, 75g | Kinza Blackcurrant Carbonated Drink Can, 250ml",Burger Buns | Chips | Cooking & Baking | Chips | Soft Drinks,Burger Buns | Cheese | Burger | Sauce | Soft Drinks,5,8,5.22,Normal
O202601422,2026-05-17,C0057,Barilla Rigatoni 500 g,pasta,Pasta,1,2,3.36,Normal
O202601423,2026-05-17,C0131,"Spuds Prime Ribs Craft Cooked Chips, 65g | Eti Pop Kek Mini Cake with Dark Chocolate, 144g | Galaxy Smooth Milk Chocolate Bar,Â 30g",Chips | Cakes and Rolls | Chocolate,Chips | Soft Drinks | Chocolate,3,5,6.32,Normal
O202601424,2026-05-17,C0080,"Kinder Happy Hippo Biscuits with Double Cream Filling, 103.5g | Spuds Sour Cream & Onion Craft Cooked Chips, 65g | Galaxy Caramel Chocolate Bar, 34g",Chocolate | Chips | Chocolate,Chocolate | Chips | Soft Drinks,3,4,4.24,Normal
O202601425,2026-05-17,C0085,"Alyoum Burger Buns with Sesame Seeds, 6 Pieces | Almarai Cream Cheese, 6 Portion, 108g | Burger | Kikkoman Soy Sauce, 591ml | Raffaello Premium Coconut & Almond Pralines, 30g",Burger Buns | cheese | frozen food | Cooking & Baking | Chocolate,Burger Buns | Cheese | Burger | Sauce | Soft Drinks,5,9,12.37,Normal
O202601426,2026-05-17,C0023,Frozen pizza,frozen food,Frozen pizza,1,1,3.59,Normal
O202601427,2026-05-17,C0062,"Raffaello Premium Coconut & Almond Pralines, 30g",Chocolate,Chocolate,1,1,0.9,Normal
O202601428,2026-05-17,C0107,"NewLand Hickory Smoked Barbecue Sauce 510 g | NewLand Special Sauce For Burgers & Fries, 300g | G Cherry Pop Sugar Free Flavored Soda, 300ml",Cooking & Baking | Cooking & Baking | Soft Drinks,Sauce | Frozen fries | Soft Drinks,3,5,7.85,Normal
O202601429,2026-05-17,C0035,"Almarai Mixed Fruit Juice, 200ml | Blue Mill Garlic Powder 200 g",Juices | Cooking & Baking,Fruit And Veg | Spices & Seasonings,2,2,3.19,Normal
O202601430,2026-05-17,C0036,"Kikkoman Soy Sauce, 591ml | Milka Choco Wafer, (5 Pieces), 150g | Mr.Chips Pizza Flavor Corn Chips, 58g | Al Rabie Orange Juice, 1L",Cooking & Baking | Chocolate | Chips | Juices,Sauce | Chocolate | Frozen pizza | Juices,4,5,9.21,Normal
O202601431,2026-05-17,C0133,"Mr.Chips Crocodile Cheese & Pizza Flavor Snack, 58g",Chips,Chips,1,1,0.25,Normal
O202601432,2026-05-17,C0011,"Smart Chips Crunchy Rings Pizza Flavor, 80g | Almarai Full Fat Fresh Yoghurt, 700g",Chips | youghurt,Chips | Dairy,2,3,3,Normal
O202601433,2026-05-17,C0081,"Frozen fries | Barilla Rigatoni 500 g | NewLand Crushed Italian Tomatoes, 400g | L'usine Vanilla Cupcakes, 18x30g | NewLand Special Sauce For Burgers & Fries, 300g | Canary Tutti Frutti Sugar Free Sparkling Drink, 330ml",frozen food | pasta | Canned Vegetables | Cakes and Rolls | Cooking & Baking | Soft Drinks,Frozen fries | Pasta | Canned Vegetables | Bakery | Sauce | Soft Drinks,6,7,11.75,Normal
O202601434,2026-05-17,C0136,"Lay's Chili Potato Chips, 110g | Said Junior Cup 50 g",Chips | Chocolate,Chips | Soft Drinks,2,3,2.75,Normal
O202601435,2026-05-17,C0053,"Benina Garlic Chili Sauce, 280g | Smart Chips Crunchy Rings Pizza Flavor, 80g | Jordina Joy Orange, 1L",Cooking & Baking | Chips | Soft Drinks,Sauce | Frozen pizza | Juices,3,6,4.89,Normal
O202601436,2026-05-17,C0108,"Morrisons Apricot Halves in Juice, 410g | Sunwhite Calrose Rice, 4kg | NewLand Mayonnaise Garlic Flavor 300ml",Canned Fruit | rice | Cooking & Baking,Fruit And Veg | Rice | Spices & Seasonings,3,3,10.99,Normal
O202601437,2026-05-18,C0095,"Mr.Chips Bugles Cheese Flavor Corn Snacks, 33g | Raffaello Premium Coconut & Almond Pralines, 30g | Ozmo Milk Chocolate Egg Shapes, 20g",Chips | Chocolate | Chocolate,Chips | Soft Drinks | Chocolate,3,6,4.65,Normal
O202601438,2026-05-18,C0068,"NewLand Dynamite Sauce, 300ml | Frozen fries | Nadec Banana Flavor Milk, 6x125ml | Crush Cola Soft Drink Pet Bottle, 1L",Cooking & Baking | frozen food | Long Life Milk | Soft Drinks,Sauce | Frozen fries | Dairy | Soft Drinks,4,5,6.64,Normal
O202601439,2026-05-18,C0057,"Alyoum Burger Buns, 6 Pieces | Mr.Chips Crocodile Cheese & Pizza Flavor Snack, 58g | Alyoum Burger Buns with Sesame Seeds, 6 Pieces | NewLand Mayonnaise, 300ml | Kinder Joy Chocolate Egg for Boys Assorted, 20g",Burger Buns | Chips | Burger Buns | Cooking & Baking | Chocolate,Burger Buns | Cheese | Burger | Sauce | Soft Drinks,5,9,6.21,Normal
O202601440,2026-05-18,C0015,"Molto XL Croissant Chocolate With Hazelnut, 42.5g | Cool Gear Water Bottle - Pink, 650ml",Cakes and Rolls | back to school,Soft Drinks | Water,2,4,8,Normal
O202601441,2026-05-18,C0057,"G Mixed Berry Fusion Flavored Soda, 300ml",Soft Drinks,Soft Drinks,1,4,2.2,Normal
O202601442,2026-05-19,C0039,"Mr.Chips Bugles Cheese Flavor Corn Snacks, 33g | Almarai Labneh, 500g | Eti Pop Kek Mini Cake with Dark Chocolate, 144g",Chips | labneh | Cakes and Rolls,Chips | Dairy | Soft Drinks,3,6,8.91,Normal
O202601443,2026-05-19,C0145,"Smart Chips Ketchup Flavor Stix, 75g | Ozmo Hoppo Biscuit Filled with Chocolate Cream, 40g | Nestle Kitkat Hazelnut 4 Fingers Chocolate, 41.5g",Chips | Chocolate | Chocolate,Chips | Soft Drinks | Chocolate,3,5,3.88,Normal
O202601444,2026-05-19,C0114,"Benina Soy Sauce Mild, 150g | Snickers Chocolate Bar Filled with Caramel & Peanuts, 40g | Frozen fries | Eti Adicto Gold Mini Chocolate Brown Cake, 180g",Cooking & Baking | Chocolate | frozen food | Cakes and Rolls,Sauce | Chocolate | Frozen fries | Soft Drinks,4,7,9.8,Normal
O202601445,2026-05-19,C0099,"Kasih Vegetable Oil Cooking Spray, 141g",oil,Fruit And Veg,1,1,2.18,Normal
O202601446,2026-05-19,C0029,"Bifa Keks Cocoa Oval Banana Sauce Cake, 45g | Frozen fries | Kinza Soda Water Can, 250ml",Cakes and Rolls | frozen food | water,Sauce | Frozen fries | Soft Drinks,3,6,3.54,Normal
O202601447,2026-05-19,C0145,"Barilla Rigatoni 500 g | Nestle Mineral Water, 6x1.5L",pasta | water,Pasta | Water,2,5,10.48,Normal
O202601448,2026-05-19,C0133,"Maxims Sweet Corn, 340g | Pasta Zara Conchiglie No.54, 500g | Americana Marble Pound Cake, 300g",Canned Vegetables | pasta | Cakes and Rolls,Canned Vegetables | Pasta | Bakery,3,3,4.71,Normal
O202601449,2026-05-19,C0068,"Barakah Al Sanabel Chiffari Lisci, 450g",pasta,Pasta,1,1,0.35,Normal
O202601450,2026-05-20,C0099,"Ozmo Milk Chocolate Egg Shapes, 20g | Matrix Fruit Carbonated Drink, 250ml",Chocolate | Soft Drinks,Dairy | Soft Drinks,2,4,1.5,Normal
O202601451,2026-05-20,C0051,"Ard Jdadna Powder Garlic, 200g | Mr.Chips Cheese Pop Corn, 58g | Frozen fries",Cooking & Baking | Chips | frozen food,Sauce | Chips | Frozen fries,3,4,6.25,Normal
O202601452,2026-05-20,C0139,"Lay's Tomato Ketchup Potato Chips, 110g | Kinza Zero Sugar Lemon Soft Drink Can, 250ml | Kinder Happy Hippo Biscuits with Double Cream Filling, 103.5g",Chips | Soft Drinks | Chocolate,Chips | Soft Drinks | Chocolate,3,3,3.2,Normal
O202601453,2026-05-20,C0107,"L'usine Cupcakes Filled with Chocolate Cream, 18x30g | Doritos Nacho Cheese Tortilla Chips, 120g | Galaxy Minstrels Chocolate, 42g",Cakes and Rolls | Chips | Chocolate,Chocolate | Chips | Soft Drinks,3,8,10.76,Normal
O202601454,2026-05-20,C0110,"Ferrero Rocher Fine Crunchy Hazelnuts Dipped in Smooth Milk Chocolate, (3 Pieces), 37.5g | Bifa Keks Roll Black and White Cake, 50g",Chocolate | Cakes and Rolls,Chocolate | Bakery,2,2,1.25,Normal
O202601455,2026-05-20,C0108,"NewLand American Black Beans 432 g | Sunwhite Calrose Rice, 4kg | Al Sayad Tuna In Vegetable Oil, 160g | Ard Jdadna Powder Garlic, 200g",Canned Vegetables | rice | Canned Seafood | Cooking & Baking,Fruit And Veg | Rice | Oil | Spices & Seasonings,4,4,9.43,Normal
O202601456,2026-05-20,C0076,"Al-Ghazal Pasta Bucatini 1, 300g | Nestle Mineral Water, 6x1.5L",pasta | water,Pasta | Water,2,3,4.89,Normal
O202601457,2026-05-20,C0111,"NewLand Special Sauce For Burgers & Fries, 300g | Frozen fries",Cooking & Baking | frozen food,Sauce | Frozen fries,2,2,5,Normal
O202601458,2026-05-20,C0123,"Mr.Chips Crocodile Cheese & Pizza Flavor Snack, 58g | Kinza Soda Water Can, 250ml",Chips | water,Frozen pizza | Soft Drinks,2,3,0.97,Normal
O202601459,2026-05-21,C0088,NewLand Mayonnaise Garlic Flavor 300ml | Frozen fries,Cooking & Baking | frozen food,Sauce | Frozen fries,2,3,6.61,Normal
O202601460,2026-05-21,C0121,"Mr.Chips Crocodile Cheese & Pizza Flavor Snack, 58g | Galaxy Jewels Assorted Chocolate Box, 650g | Choco Lake Diamond Twist Kunafa with Peanut Butter Filling, 450g",Chips | Chocolate | Chocolate,Chips | Soft Drinks | Chocolate,3,5,57.14,Normal
O202601461,2026-05-21,C0016,"Lay's Tomato Ketchup Potato Chips, 110g | Americana Chocolate Pound Cake, 300g | Nutella B-Ready Chocolate Wafer Bar (6 Bars), 132g",Chips | Cakes and Rolls | Chocolate,Chips | Soft Drinks | Chocolate,3,7,13.1,Normal
O202601462,2026-05-21,C0148,"Bounty Coconut Milk Chocolate Bar, 50g | Spuds Tomato Bruschetta Craft Cooked Chips, 65g | G Pink Lemonade Flavored Soda, 300ml",Chocolate | Chips | Soft Drinks,Chocolate | Chips | Soft Drinks,3,5,3.05,Normal
O202601463,2026-05-21,C0122,"Ozmo Hoppo Biscuit Filled with Chocolate Cream, 40g",Chocolate,Soft Drinks,1,3,1.8,Normal
O202601464,2026-05-21,C0134,"Lay's Salt & Vinegar Chips, 110g | Eti Adicto Gold Mini Chocolate Brown Cake, 180g | Eti Aditco Chocolate Cake, 36g",Chips | Cakes and Rolls | Cakes and Rolls,Chips | Soft Drinks | Chocolate,3,3,3.09,Normal
O202601465,2026-05-21,C0033,"Nestle Kitkat Hazelnut 4 Fingers Chocolate, 41.5g | Mr.Chips Cheese Potato Chips, 68g | Burger | Mr.Chips Waves Smoky Bbq Chips, 50g | TT Peach ice Tea, 330ml",Chocolate | Chips | frozen food | Chips | Soft Drinks,Chocolate | Cheese | Burger | Chips | Soft Drinks,5,5,7.45,Normal
O202601466,2026-05-21,C0138,NewLand Tomato Ketchup 567 g | Frozen fries | Said Junior Cup 50 g,Cooking & Baking | frozen food | Chocolate,Sauce | Frozen fries | Soft Drinks,3,4,5.44,Normal
O202601467,2026-05-22,C0121,"Choco Lake Diamond Twist Kunafa with Peanut Butter Filling, 450g",Chocolate,Soft Drinks,1,1,4.84,Normal
O202601468,2026-05-22,C0142,"Maxim's Sliced Tuna With Garlic And Black Pepper 120 g | Durra Hummus Grains 400 g | Frozen fries | Kinza Soda Water Can, 250ml",Canned Seafood | Canned Vegetables | frozen food | water,Sauce | Fruit And Veg | Frozen fries | Soft Drinks,4,5,6.51,Normal
O202601469,2026-05-22,C0148,"Mr.Chips Crocodile Cheese & Pizza Flavor Snack, 58g",Chips,Frozen pizza,1,1,0.25,Normal
O202601470,2026-05-22,C0039,"KDD Strawberry Flavored Milk, 6x250ml",Long Life Milk,Dairy,1,1,2.25,Normal
O202601471,2026-05-22,C0130,"Alyoum Burger Buns, 6 Pieces",Burger Buns,Bakery,1,1,0.53,Normal
O202601472,2026-05-22,C0107,"Alyoum Burger Buns, 6 Pieces | Doritos Nacho Cheese Tortilla Chips, 120g | Sama Mineral Water, 12x600ml | NewLand Mayonnaise, 300ml",Burger Buns | Chips | water | Cooking & Baking,Burger Buns | Cheese | Water | Sauce,4,6,6.96,Normal
O202601473,2026-05-22,C0130,"L'usine Soft Cupcakes Filled with Strawberry Cream, 18x30g",Cakes and Rolls,Bakery,1,1,1.8,Normal
O202601474,2026-05-22,C0105,"Crush Orange Soft Drink Pet Bottle, 1L",Soft Drinks,Soft Drinks,1,2,0.66,Normal
O202601475,2026-05-23,C0075,"Galaxy Caramel Chocolate Bar, 34g | Mr.Chips Cheese Pop Corn, 58g | Molto XL Croissant Chocolate With Hazelnut, 42.5g",Chocolate | Chips | Cakes and Rolls,Chocolate | Chips | Soft Drinks,3,5,2.17,Normal
O202601476,2026-05-23,C0007,"Ozmo Fun Shape Milk Chocolate Lollipop, 23g | Spuds Tomato Bruschetta Craft Cooked Chips, 65g | Ozmo Hoppo Biscuit Filled with Chocolate Cream, 40g",Chocolate | Chips | Chocolate,Chocolate | Chips | Soft Drinks,3,5,3.3,Normal
O202601477,2026-05-23,C0054,"Pringles BBQ Chips Can, 165g | Frozen pizza | Foster Clark's Bicarbonate of Soda, 150g",Chips | frozen food | Cooking & Baking,Chips | Frozen pizza | Soft Drinks,3,4,7.89,Normal
O202601478,2026-05-23,C0002,"Kinder Chocolate Milk Chocolate Bars With Milky Filling (4 Bars), 50g",Chocolate,Soft Drinks,1,3,1.8,Normal
O202601479,2026-05-23,C0082,"NewLand Sliced Black Olives 345 g | Ard Jdadna Powder Garlic, 200g",Canned Vegetables | Cooking & Baking,Fruit And Veg | Spices & Seasonings,2,3,5,Normal
O202601480,2026-05-23,C0075,"Bifa Keks Cocoa Oval Banana Sauce Cake, 45g | Frozen fries | Sama Mineral Water, 12x600ml",Cakes and Rolls | frozen food | water,Sauce | Frozen fries | Water,3,3,3.53,Normal
O202601481,2026-05-23,C0087,"Kinder Joy Chocolate Egg for Boys Assorted, 20g | Alyoum Burger Buns, 6 Pieces | Mr.Chips Cheese Pop Corn, 58g | Burger | Benina Soy Sauce Mild, 150g | Al Youm Labneh, 200g | Kinza Lemon Carbonated Drink, 1L",Chocolate | Burger Buns | Chips | frozen food | Cooking & Baking | labneh | Soft Drinks,Chocolate | Burger Buns | Cheese | Burger | Sauce | Dairy | Soft Drinks,7,11,10.56,Normal
O202601482,2026-05-23,C0118,"Alyoum Burger Buns with Sesame Seeds, 6 Pieces | Mr.Chips Bugles Cheese Flavor Corn Snacks, 33g | Alyoum Burger Buns, 6 Pieces | NewLand Tomato Ketchup 567 g | Baladna Coffee with Milk Low Fat Cow Milk, 250ml | Mr. Brown Chocolate Flavor Iced Coffee, 240ml",Burger Buns | Chips | Burger Buns | Cooking & Baking | Specialty Drinks | Specialty Drinks,Burger Buns | Cheese | Burger | Sauce | Dairy | Soft Drinks,6,9,7.04,Normal
O202601483,2026-05-23,C0089,"Doritos Sweet Chili Pepper Tortilla Chips, 120g | Frozen fries | Ozmo Hoppo Biscuit Filled with Chocolate Cream, 40g",Chips | frozen food | Chocolate,Chips | Frozen fries | Soft Drinks,3,6,6.8,Normal
O202601484,2026-05-23,C0012,"Nestle Kitkat Hazelnut 4 Fingers Chocolate, 41.5g | Pringles Sour Cream & Onion Chips Can, 165g | Matrix Fruit Carbonated Drink, 250ml",Chocolate | Chips | Soft Drinks,Chocolate | Chips | Soft Drinks,3,4,3.55,Normal
O202601485,2026-05-23,C0064,"Galaxy Jewels Assorted Chocolate Box, 650g | Smart Chips Crunchy Rings Pizza Flavor, 80g",Chocolate | Chips,Chocolate | Frozen pizza,2,2,18.3,Normal
O202601486,2026-05-24,C0081,"L'usine Cupcakes Filled with Chocolate Cream, 18x30g | Barakah Al Sanabel Chiffari Lisci, 450g | Albayrouty Mushroom Slices 400 g | Mr.Chips Paprika Snack Mix, 78g | Ozmo Fun Shape Milk Chocolate Lollipop, 23g | Snickers Chocolate Bar Filled with Caramel & Peanuts, 40g",Cakes and Rolls | pasta | Canned Vegetables | Chips | Chocolate | Chocolate,Chocolate | Pasta | Canned Vegetables | Chips | Dairy | Soft Drinks,6,10,10.7,Normal
O202601487,2026-05-24,C0146,"Pringles BBQ Chips Can, 165g | Nutella B-Ready Chocolate Wafer Bar (6 Bars), 132g",Chips | Chocolate,Chips | Soft Drinks,2,5,10.7,Normal
O202601488,2026-05-24,C0032,"Luna Red Kidney Beans, 380g | Frozen fries | Blue Mill Garlic Powder 200 g",Canned Vegetables | frozen food | Cooking & Baking,Fruit And Veg | Frozen fries | Spices & Seasonings,3,3,5.5,Normal
O202601489,2026-05-24,C0086,"Maxims Sweet Corn 180 g 3 pcs get 1 pc Free | Mr.Chips Cheese Pop Corn, 58g | Al-Ghazal Pasta Bucatini 1, 300g",Canned Fruit | Chips | pasta,Canned Vegetables | Chips | Pasta,3,5,9.21,Normal
O202601490,2026-05-24,C0108,"Al-Ghazal Pasta Bucatini 1, 300g | L'usine Vanilla Cupcakes, 18x30g",pasta | Cakes and Rolls,Pasta | Bakery,2,2,2.22,Normal
O202601491,2026-05-24,C0027,"Al Youm Labneh, 200g | AL Safi Greek Yogurt Lemon Pie, 150g",labneh | Yoghurts,Eggs | Dairy,2,3,3.3,Normal
O202601492,2026-05-24,C0077,"Bifa Keks Cocoa Oval Banana Sauce Cake, 45g | Mr.Chips Crocodile Cheese & Pizza Flavor Snack, 58g | Americana Marble Pound Cake, 300g",Cakes and Rolls | Chips | Cakes and Rolls,Sauce | Frozen pizza | Bakery,3,3,2.4,Normal
O202601493,2026-05-24,C0120,"Koita Organic Whole Cream Milk, 1L | Barilla Rigatoni 500 g | Cool Gear Cactus Water Bottle with Freeze Stick, 650ml",Long Life Milk | pasta | back to school,Dairy | Pasta | Water,3,5,16.03,Normal
O202601494,2026-05-24,C0112,"Bifa Keks Roll Black and White Cake, 50g",Cakes and Rolls,Bakery,1,1,0.24,Normal
O202601495,2026-05-25,C0041,"Mr. Brown Chocolate Flavor Iced Coffee, 240ml | Kinza Soda Water Can, 250ml",Specialty Drinks | water,Soft Drinks | Water,2,6,3.62,Jordan Independence Day 2026
O202601496,2026-05-25,C0050,"Lay's Chili Potato Chips, 110g | Snickers Chocolate Bar Filled with Caramel & Peanuts, 40g | Americana Chocolate Pound Cake, 300g | Eti Aditco Chocolate Cake, 36g",Chips | Chocolate | Cakes and Rolls | Cakes and Rolls,Chips | Chocolate | Soft Drinks | Bakery,4,10,8.9,Jordan Independence Day 2026
O202601497,2026-05-25,C0042,"Smart Chips Ketchup Flavor Stix, 75g | Raffaello Premium Coconut & Almond Pralines, 30g | L'usine Cupcakes Filled with Chocolate Cream, 18x30g | Cool Gear Cactus Water Bottle with Freeze Stick, 650ml",Chips | Chocolate | Cakes and Rolls | back to school,Chips | Chocolate | Soft Drinks | Water,4,5,8.56,Jordan Independence Day 2026
O202601498,2026-05-25,C0036,"Mr.Chips Crocodile Cheese & Pizza Flavor Snack, 58g | Eti Pop Kek Cocoa Cake, 200g",Chips | Cakes and Rolls,Chips | Bakery,2,2,2.09,Jordan Independence Day 2026
O202601499,2026-05-25,C0133,"Mr.Chips Chilli Potato Chips, 68g | Kinder Chocolate Milk Chocolate Bars With Milky Filling (4 Bars), 50g | Bounty Coconut Milk Chocolate Bar, 50g",Chips | Chocolate | Chocolate,Chips | Chocolate | Soft Drinks,3,5,2.99,Jordan Independence Day 2026
O202601500,2026-05-25,C0112,"Teeba 9% Fat Labneh, 500g | Bifa Keks Roll Cake with Cocoa Cream, 50g",labneh | Cakes and Rolls,Dairy | Bakery,2,2,2.25,Jordan Independence Day 2026
O202601501,2026-05-25,C0021,"Nestle Mineral Water, 6x1.5L | Americana Orange Pound Cake, 300g",water | Cakes and Rolls,Water | Bakery,2,3,5.98,Jordan Independence Day 2026
O202601502,2026-05-25,C0135,"Doritos Nacho Cheese Tortilla Chips, 120g | Jordina Joy Orange, 1L | Galaxy Dark Truffle Dark Chocolate Bar, 33g",Chips | Soft Drinks | Chocolate,Chips | Soft Drinks | Chocolate,3,3,2.13,Jordan Independence Day 2026
O202601503,2026-05-25,C0052,"Lay's French Cheese Potato Chips, 110g | Galaxy Dark Truffle Dark Chocolate Bar, 33g | Milka Choco Wafer, (5 Pieces), 150g | Crystal Ice Cubes 2 kg",Chips | Chocolate | Chocolate | water,Chips | Soft Drinks | Chocolate | Water,4,8,7.73,Jordan Independence Day 2026
O202601504,2026-05-25,C0097,"Americana Chocolate Pound Cake, 300g",Cakes and Rolls,Chocolate,1,1,1.8,Jordan Independence Day 2026
O202601505,2026-05-25,C0104,"Hala Cheezers Twist Chips, 30g | TT Peach ice Tea, 330ml | Kinder Joy Chocolate Egg for Boys Assorted, 20g",Chips | Soft Drinks | Chocolate,Chips | Soft Drinks | Chocolate,3,4,1.17,Jordan Independence Day 2026
O202601506,2026-05-25,C0043,"Smart Chips Ketchup Flavor Stix, 75g | Alyoum Burger Buns, 6 Pieces",Chips | Burger Buns,Chips | Bakery,2,2,1.65,Jordan Independence Day 2026
O202601507,2026-05-25,C0017,"Pringles Sour Cream & Onion Chips Can, 165g | Kinza Zero Sugar Lemon Soft Drink Can, 250ml",Chips | Soft Drinks,Chips | Soft Drinks,2,3,2.02,Jordan Independence Day 2026
O202601508,2026-05-26,C0101,"Ozmo Milk Chocolate Egg Shapes, 20g",Chocolate,Chocolate,1,1,0.73,Normal
O202601509,2026-05-26,C0046,"Alyoum Burger Buns with Sesame Seeds, 6 Pieces | Almarai Cheddar Cheese Slices, 200g | burger | Bifa Keks Cocoa Oval Banana Sauce Cake, 45g | Koita Organic Chocolate Milk Uht 200 ml",Burger Buns | Cheese | frozen food | Cakes and Rolls | Long Life Milk,Burger Buns | Cheese | Burger | Sauce | Soft Drinks,5,6,9.46,Normal
O202601510,2026-05-26,C0098,"Alyoum Burger Buns with Sesame Seeds, 6 Pieces | Mr.Chips Crocodile Cheese & Pizza Flavor Snack, 58g | Benina Soy Sauce Mild, 150g | Kinza Lemon Carbonated Drink, 1L",Burger Buns | Chips | Cooking & Baking | Soft Drinks,Burger Buns | Cheese | Sauce | Soft Drinks,4,7,3.9,Normal
O202601511,2026-05-26,C0115,"Barilla Rigatoni 500 g | Frozen pizza | Morrisons Apricot Halves in Juice, 410g | Lay's Tomato Ketchup Potato Chips, 110g | Five Cows Thick Cream, 4x125ml",pasta | frozen food | Canned Fruit | Chips | cream,Pasta | Frozen pizza | Juices | Sauce | Dairy,5,6,14.16,Normal
O202601512,2026-05-26,C0028,"Alyoum Burger Buns with Sesame Seeds, 6 Pieces | burger | NewLand Dynamite Sauce, 300ml | Cheetos Crunchy Flaming Hot Chips, 115g | Barni Chocolate Cake, 30g",Burger Buns | frozen food | Cooking & Baking | Chips | Cakes and Rolls,Burger Buns | Burger | Sauce | Chips | Soft Drinks,5,8,9.68,Normal
O202601513,2026-05-26,C0005,"Al Youm Labneh, 200g",labneh,Dairy,1,1,1.25,Normal
O202601514,2026-05-26,C0097,"Rio Mare Light Tuna in Olive Oil, 160g | Albayrouty Mushroom Slices 400 g | Tiger Rice 3.5 kg | Mr.Chips Paprika Snack Mix, 78g",Canned Seafood | Canned Vegetables | rice | Chips,Oil | Fruit And Veg | Rice | Spices & Seasonings,4,7,14.3,Normal
O202601515,2026-05-26,C0142,"Kinder Chocolate Milk Chocolate Bars With Milky Filling (4 Bars), 50g | Bifa Keks Roll Cake with Cocoa Cream, 50g",Chocolate | Cakes and Rolls,Soft Drinks | Bakery,2,2,0.82,Normal
O202601516,2026-05-27,C0052,"Al Safi UHT Full Fat Milk, 4x1L | Poultry | Sama Mineral Water, 12x600ml",Long Life Milk | frozen food | water,Eggs | Poultry | Water,3,7,21.15,Eid al-Adha 2026
O202601517,2026-05-27,C0022,"Afia Pure Corn Oil, 1.5L | Abu Kass Basmati Rice, 4kg | Durra Lemon Seasoning, 1000ml",oil | rice | Cooking & Baking,Oil | Rice | Spices & Seasonings,3,3,10.42,Eid al-Adha 2026
O202601518,2026-05-27,C0140,"Smart Chips Ketchup Flavor Stix, 75g",Chips,Sauce,1,1,1.18,Eid al-Adha 2026
O202601519,2026-05-27,C0131,"Sama Mineral Water, 12x600ml",water,Water,1,2,2.63,Eid al-Adha 2026
O202601520,2026-05-27,C0094,"Alyoum Burger Buns with Sesame Seeds, 6 Pieces",Burger Buns,Burger Buns,1,2,1.01,Eid al-Adha 2026
O202601521,2026-05-27,C0015,"Nestle Mineral Water, 6x1.5L",water,Water,1,1,2.09,Eid al-Adha 2026
O202601522,2026-05-27,C0042,Choco Lake Choco Biscuits 650G,Chocolate,Soft Drinks,1,2,5.7,Eid al-Adha 2026
O202601523,2026-05-27,C0134,"Afia Pure Corn Oil, 1.5L | Abu Kass Basmati Rice, 4kg | Ard Jdadna Powder Garlic, 200g",oil | rice | Cooking & Baking,Oil | Rice | Spices & Seasonings,3,4,12.62,Eid al-Adha 2026
O202601524,2026-05-27,C0002,"Benina Soy Sauce Mild, 150g",Cooking & Baking,Sauce,1,1,0.94,Eid al-Adha 2026
O202601525,2026-05-27,C0087,Blue Mill Garlic Powder 200 g,Cooking & Baking,Sauce,1,1,2.6,Eid al-Adha 2026
O202601526,2026-05-27,C0132,"Smart Chips Ketchup Flavor Stix, 75g",Chips,Sauce,1,1,1.18,Eid al-Adha 2026
O202601527,2026-05-28,C0147,"Cool Gear Cactus Water Bottle with Freeze Stick, 650ml",back to school,Water,1,3,10.13,Eid al-Adha 2026
O202601528,2026-05-28,C0102,Poultry,frozen food,Poultry,1,1,3.73,Eid al-Adha 2026
O202601529,2026-05-28,C0141,"Blue Mill Paprika 200 g | Nestle Mineral Water, 6x1.5L",Cooking & Baking | water,Spices & Seasonings | Water,2,4,9.61,Eid al-Adha 2026
O202601530,2026-05-28,C0113,"Nestle Mineral Water, 6x1.5L",water,Water,1,2,4.18,Eid al-Adha 2026
O202601531,2026-05-28,C0068,"Sama Mineral Water, 12x600ml",water,Water,1,1,1.36,Eid al-Adha 2026
O202601532,2026-05-28,C0111,"Mr.Chips Chilli Potato Chips, 68g | Kinza Lemon Carbonated Drink, 1L | Cool Gear Cactus Water Bottle with Freeze Stick, 650ml",Chips | Soft Drinks | back to school,Chips | Soft Drinks | Water,3,4,4.63,Eid al-Adha 2026
O202601533,2026-05-28,C0135,"Matrix Fruit Carbonated Drink, 250ml",Soft Drinks,Soft Drinks,1,2,0.46,Eid al-Adha 2026
O202601534,2026-05-28,C0087,"Cool Gear Cactus Water Bottle with Freeze Stick, 650ml",back to school,Water,1,4,13.8,Eid al-Adha 2026
O202601535,2026-05-28,C0060,"Rio Mare Light Tuna in Olive Oil, 160g | Sunwhite Calrose Rice, 4kg | Aroma Garden Organic Meat Spices, 120g | Americana Orange Pound Cake, 300g",Canned Seafood | rice | Cooking & Baking | Cakes and Rolls,Oil | Rice | Spices & Seasonings | Bakery,4,5,13.79,Eid al-Adha 2026
O202601536,2026-05-28,C0149,"Kinza Lemon Carbonated Drink, 1L",Soft Drinks,Soft Drinks,1,2,0.76,Eid al-Adha 2026
O202601537,2026-05-28,C0087,"Raffaello Premium Coconut & Almond Pralines, 30g",Chocolate,Soft Drinks,1,1,0.83,Eid al-Adha 2026
O202601538,2026-05-28,C0057,"Zwan Chicken Hotdogs Ã— 2 Special Offer | Alyoum Burger Buns with Sesame Seeds, 6 Pieces",Canned Meat | Burger Buns,Poultry | Burger Buns,2,5,6.16,Eid al-Adha 2026
O202601539,2026-05-28,C0104,"NewLand Mayonnaise, 300ml",Cooking & Baking,Sauce,1,1,1.9,Eid al-Adha 2026
O202601540,2026-05-28,C0040,NewLand Mayonnaise Garlic Flavor 300ml | Soccer 50 FT Smart Outdoor String Lights Waterproof,Cooking & Baking | World Cup,Spices & Seasonings | Water,2,4,6.67,Eid al-Adha 2026
O202601541,2026-05-29,C0007,"Sama Mineral Water, 12x600ml",water,Water,1,2,2.57,Eid al-Adha 2026
O202601542,2026-05-29,C0111,"Raffaello Premium Coconut & Almond Pralines, 30g | Alyoum Burger Buns with Sesame Seeds, 6 Pieces",Chocolate | Burger Buns,Chocolate | Burger Buns,2,7,4.41,Eid al-Adha 2026
O202601543,2026-05-29,C0121,"Nestle Mineral Water, 6x1.5L",water,Water,1,1,1.98,Eid al-Adha 2026
O202601544,2026-05-29,C0097,"Smart Chips Ketchup Flavor Stix, 75g | Alyoum Burger Buns with Sesame Seeds, 6 Pieces | Knorr Chicken Powder Stock, 30x16g | Red Bull Energy Drink Watermelon, 250ml",Chips | Burger Buns | Cooking & Baking | Sports & Energy Drinks,Sauce | Burger Buns | Poultry | Water,4,5,7.24,Eid al-Adha 2026
O202601545,2026-05-29,C0122,"Bifa Keks Cocoa Oval Banana Sauce Cake, 45g | Mythic Sensation Mini Milk Chocolate 30 g",Cakes and Rolls | Chocolate,Sauce | Dairy,2,2,0.74,Eid al-Adha 2026
O202601546,2026-05-29,C0031,Spice Classics Basil Leaves 6.25 g,Cooking & Baking,Spices & Seasonings,1,1,1.79,Eid al-Adha 2026
O202601547,2026-05-29,C0144,"Eti Adicto Gold Mini Chocolate Brown Cake, 180g | Alyoum Burger Buns, 6 Pieces",Cakes and Rolls | Burger Buns,Bakery | Burger Buns,2,4,3.01,Eid al-Adha 2026
O202601548,2026-05-29,C0092,"Kikkoman Soy Sauce, 591ml | Spice Classics Basil Leaves 6.25 g | Alyoum Burger Buns, 6 Pieces",Cooking & Baking | Cooking & Baking | Burger Buns,Sauce | Spices & Seasonings | Burger Buns,3,4,6.11,Eid al-Adha 2026
O202601549,2026-05-29,C0014,"Benina Garlic Chili Sauce, 280g | Alyoum Burger Buns with Sesame Seeds, 6 Pieces",Cooking & Baking | Burger Buns,Spices & Seasonings | Burger Buns,2,2,1.94,Eid al-Adha 2026
O202601550,2026-05-29,C0053,"Poultry | Alyoum Burger Buns, 6 Pieces",frozen food | Burger Buns,Poultry | Burger Buns,2,4,4.92,Eid al-Adha 2026
O202601551,2026-05-29,C0109,Poultry,frozen food,Poultry,1,1,3.59,Eid al-Adha 2026
O202601552,2026-05-29,C0016,"Sunwhite Calrose Rice, 4kg | Golden Corn Oil, 2.9L | Blue Mill Garlic Powder 200 g | Sama Mineral Water, 12x600ml | Ozmo Fun Shape Milk Chocolate Lollipop, 23g",rice | oil | Cooking & Baking | water | Chocolate,Rice | Oil | Spices & Seasonings | Water | Soft Drinks,5,5,14.35,Eid al-Adha 2026
O202601553,2026-05-29,C0133,"Red Bull Energy Drink Watermelon, 250ml",Sports & Energy Drinks,Water,1,1,1.44,Eid al-Adha 2026
O202601554,2026-05-29,C0010,"Mr.Chips Paprika Snack Mix, 78g",Chips,Spices & Seasonings,1,1,0.57,Eid al-Adha 2026
O202601555,2026-05-29,C0055,"Kinza Soda Water Can, 250ml",water,Water,1,2,0.65,Eid al-Adha 2026
O202601556,2026-05-30,C0094,"Afia Pure Corn Oil, 1.5L | Tiger Rice 3.5 kg | Blue Mill Paprika 200 g",oil | rice | Cooking & Baking,Oil | Rice | Spices & Seasonings,3,3,10.92,Eid al-Adha 2026
O202601557,2026-05-30,C0019,"Poultry | Alyoum Burger Buns, 6 Pieces",frozen food | Burger Buns,Poultry | Burger Buns,2,2,3.74,Eid al-Adha 2026
O202601558,2026-05-30,C0141,Said Junior Cup 50 g,Chocolate,Soft Drinks,1,3,2.02,Eid al-Adha 2026
O202601559,2026-05-30,C0102,"Nestle Kitkat Hazelnut 4 Fingers Chocolate, 41.5g",Chocolate,Soft Drinks,1,1,0.72,Eid al-Adha 2026
O202601560,2026-05-30,C0132,Maxim's Sliced Tuna With Garlic And Black Pepper 120 g,Canned Seafood,Spices & Seasonings,1,1,2.18,Eid al-Adha 2026
O202601561,2026-05-30,C0063,"Maxim's Sliced Tuna With Garlic And Black Pepper 120 g | Abu Kass Basmati Rice, 4kg | Maxim's Smoked Tuna Oil 185 g",Canned Seafood | rice | Canned Seafood,Spices & Seasonings | Rice | Oil,3,4,15.46,Eid al-Adha 2026
O202601562,2026-05-30,C0008,"Five Cows Thick Cream, 4x125ml | Galaxy Hazelnut Chocolate Bar, 30g",cream | Chocolate,Dairy | Soft Drinks,2,4,5.72,Eid al-Adha 2026
O202601563,2026-05-30,C0067,"Golden Corn Oil, 2.9L | Abu Kass Basmati Rice, 4kg | Mr.Chips Paprika Potato Chips, 68g",oil | rice | Chips,Oil | Rice | Spices & Seasonings,3,3,11.19,Eid al-Adha 2026
O202601564,2026-05-30,C0144,"Red Bull Energy Drink Watermelon, 250ml",Sports & Energy Drinks,Water,1,1,1.44,Eid al-Adha 2026
O202601565,2026-05-30,C0016,"Bifa Keks Cocoa Oval Banana Sauce Cake, 45g",Cakes and Rolls,Sauce,1,1,0.24,Eid al-Adha 2026
O202601566,2026-05-30,C0077,"Snickers Chocolate Bar Filled with Caramel & Peanuts, 40g | Red Bull Energy Drink Watermelon, 250ml",Chocolate | Sports & Energy Drinks,Soft Drinks | Water,2,5,5.7,Eid al-Adha 2026
O202601567,2026-05-30,C0006,"Cool Gear Cactus Water Bottle with Freeze Stick, 650ml",back to school,Water,1,4,14.25,Eid al-Adha 2026
O202601568,2026-05-30,C0042,"Ozmo Milk Chocolate Egg Shapes, 20g | Poultry",Chocolate | frozen food,Soft Drinks | Poultry,2,3,6.3,Eid al-Adha 2026
O202601569,2026-05-30,C0073,Blue Mill Paprika 200 g,Cooking & Baking,Spices & Seasonings,1,1,3.46,Eid al-Adha 2026
O202601570,2026-05-30,C0142,"Abu Kass Basmati Rice, 4kg | Cool Gear Water Bottle - Pink, 650ml",rice | back to school,Rice | Water,2,4,15.07,Eid al-Adha 2026
O202601571,2026-05-30,C0008,"NewLand Mayonnaise, 300ml | Poultry | Alyoum Burger Buns with Sesame Seeds, 6 Pieces",Cooking & Baking | frozen food | Burger Buns,Sauce | Poultry | Burger Buns,3,3,6.75,Eid al-Adha 2026
O202601572,2026-05-30,C0105,"Kinza Lemon Carbonated Drink, 1L | Eti Adicto Gold Mini Chocolate Brown Cake, 180g",Soft Drinks | Cakes and Rolls,Soft Drinks | Bakery,2,4,2.61,Eid al-Adha 2026
O202601573,2026-05-30,C0130,"Nestle Mineral Water, 6x1.5L",water,Water,1,2,3.96,Eid al-Adha 2026
O202601574,2026-05-30,C0037,"Mr.Chips Paprika Potato Chips, 68g",Chips,Spices & Seasonings,1,2,1.1,Eid al-Adha 2026
O202601575,2026-05-30,C0005,"Benina Garlic Chili Sauce, 280g | Maxim's Smoked Tuna Oil 185 g | Tiger Rice 3.5 kg | Mr.Chips Paprika Snack Mix, 78g",Cooking & Baking | Canned Seafood | rice | Chips,Sauce | Oil | Rice | Spices & Seasonings,4,4,7.87,Eid al-Adha 2026
O202601576,2026-05-30,C0101,"Super Triple Berry Carbonated Drink, 250ml",Soft Drinks,Soft Drinks,1,4,1.29,Eid al-Adha 2026
O202601577,2026-05-31,C0082,"Pringles BBQ Chips Can, 165g",Chips,Chips,1,1,1.7,Normal
O202601578,2026-05-31,C0096,"Ozmo Fun Shape Milk Chocolate Lollipop, 23g | Barakah Al Sanabel Chiffari Lisci, 450g | NewLand Crushed Italian Tomatoes, 400g | Kinza Soda Water Can, 250ml | Doritos Sweet Chili Pepper Tortilla Chips, 120g | Kinder Bueno Milk Chocolate Bar in Wafer with Hazelnut Cream, 43g | Canary Tutti Frutti Sugar Free Sparkling Drink, 330ml",Chocolate | pasta | Canned Vegetables | water | Chips | Chocolate | Soft Drinks,Chocolate | Pasta | Canned Vegetables | Water | Chips | Dairy | Soft Drinks,7,9,6.09,Normal
O202601579,2026-05-31,C0040,"Said Junior Cup 50 g | Almarai Mixed Fruit Juice, 200ml | L'usine Soft Cupcakes Filled with Strawberry Cream, 18x30g | Pringles Salt & Vinegar Chips Can, 165g | Kinder Chocolate Milk Chocolate Bars With Milky Filling (4 Bars), 50g",Chocolate | Juices | Cakes and Rolls | Chips | Chocolate,Chocolate | Fruit And Veg | Bakery | Chips | Soft Drinks,5,5,5.15,Normal
O202601580,2026-05-31,C0051,"Eti Pop Kek Mini Cake with Dark Chocolate, 144g",Cakes and Rolls,Bakery,1,1,1.6,Normal
O202601581,2026-05-31,C0099,"Fruit And Veg | Reef Diet Flax Seeds Bread, 250g",frozen food | Flatbread,Fruit And Veg | Bakery,2,2,3.9,Normal
O202601582,2026-05-31,C0053,"Abu Kass Basmati Rice, 4kg | Rio Mare Light Tuna in Olive Oil, 160g | NewLand Pineapple Slices In Light Syrup 565 g | NewLand Mayonnaise Garlic Flavor 300ml | Koita Organic Whole Cream Milk, 1L",rice | Canned Seafood | Canned Fruit | Cooking & Baking | Long Life Milk,Rice | Oil | Fruit And Veg | Spices & Seasonings | Eggs,5,8,27.23,Normal
O202601583,2026-05-31,C0144,"Mr.Chips Pizza Flavor Corn Chips, 58g",Chips,Frozen pizza,1,1,0.25,Normal
O202601584,2026-05-31,C0059,"Snickers Chocolate Bar Filled with Caramel & Peanuts, 40g",Chocolate,Soft Drinks,1,1,0.6,Normal
O202601585,2026-05-31,C0140,"NewLand Pineapple Slices In Light Syrup 565 g | Almarai Greek Style Full Fat Strawberry Yoghurt, 150g | Eti Pop Kek Cocoa Cake, 200g",Canned Fruit | Yoghurts | Cakes and Rolls,Fruit And Veg | Dairy | Bakery,3,4,6.69,Normal
O202601586,2026-05-31,C0011,"AlSafi Mixed Berries Greek Yoghurt, 150g | Kinza Blackcurrant Carbonated Drink Can, 250ml",Yoghurts | Soft Drinks,Dairy | Soft Drinks,2,3,1.3,Normal
O202601587,2026-05-31,C0041,"Raffaello Premium Coconut & Almond Pralines, 30g | L'usine Cupcakes Filled with Chocolate Cream, 18x30g",Chocolate | Cakes and Rolls,Chocolate | Bakery,2,2,2.7,Normal
O202601588,2026-06-01,C0143,"Mr.Chips Pizza Flavor Corn Chips, 58g",Chips,Chips,1,1,0.25,Summer 2026
O202601589,2026-06-01,C0083,"Snickers Chocolate Bar Filled with Caramel & Peanuts, 40g",Chocolate,Soft Drinks,1,2,1.2,Summer 2026
O202601590,2026-06-01,C0059,"Frozen fries | Americana Chocolate Pound Cake, 300g | KDD Long Life Apple Juice, 1L",frozen food | Cakes and Rolls | Juices,Frozen fries | Soft Drinks | Juices,3,4,8.13,Summer 2026
O202601591,2026-06-01,C0117,"Smart Chips Ketchup Flavor Stix, 75g | Mr.Chips Crocodile Cheese & Pizza Flavor Snack, 58g | Desserts",Chips | Chips | frozen food,Chips | Frozen pizza | Ice Cream,3,3,2.18,Summer 2026
O202601592,2026-06-01,C0133,"Hala Cheezers Twist Chips, 30g | G Pink Lemonade Flavored Soda, 300ml | Kinder Joy Chocolate Egg for Boys Assorted, 20g",Chips | Soft Drinks | Chocolate,Chips | Soft Drinks | Chocolate,3,3,1.35,Summer 2026
O202601593,2026-06-01,C0079,"Red Bull Energy Drink Watermelon, 250ml",Sports & Energy Drinks,Water,1,3,4.8,Summer 2026
O202601594,2026-06-01,C0108,"NewLand Special Sauce For Burgers & Fries, 300g | Mr.Chips Pizza Flavor Corn Chips, 58g | Almarai Mixed Fruit Juice, 1.4L | Kikkoman Soy Sauce, 591ml | Mr.Chips Crocodile Cheese & Pizza Flavor Snack, 58g | Galaxy Jewels Assorted Chocolate Box, 650g",Cooking & Baking | Chips | Juices | Cooking & Baking | Chips | Chocolate,Frozen fries | Frozen pizza | Juices | Sauce | Chips | Soft Drinks,6,12,64.45,Summer 2026
O202601595,2026-06-01,C0091,"Nestle Mineral Water, 6x1.5L | Bifa Keks Roll Cake with Cocoa Cream, 50g",water | Cakes and Rolls,Water | Bakery,2,5,6.89,Summer 2026
O202601596,2026-06-01,C0067,"Benina Soy Sauce Mild, 150g | Frozen fries | Galaxy Crispy Chocolate Bar,Â 30g | Almarai Mixed Berry Juice, 1.4L",Cooking & Baking | frozen food | Chocolate | Juices,Sauce | Frozen fries | Soft Drinks | Juices,4,8,10.49,Summer 2026
O202601597,2026-06-01,C0074,"Choco Lake Diamond Twist Kunafa with Peanut Butter Filling, 450g | Nestle Mineral Water, 6x1.5L",Chocolate | water,Dairy | Water,2,2,7.19,Summer 2026
O202601598,2026-06-01,C0082,"Benina Garlic Chili Sauce, 280g | Frozen fries | Kinder Chocolate Milk Chocolate Bars With Milky Filling (4 Bars), 50g",Cooking & Baking | frozen food | Chocolate,Sauce | Frozen fries | Soft Drinks,3,4,5.69,Summer 2026
O202601599,2026-06-01,C0140,"Kinder Joy Chocolate Egg for Boys Assorted, 20g",Chocolate,Soft Drinks,1,2,1.4,Summer 2026
O202601600,2026-06-01,C0110,Frozen fries,frozen food,Frozen fries,1,1,1.79,Summer 2026
O202601601,2026-06-02,C0131,"Americana Orange Pound Cake, 300g | KDD Mango Nectar, 1L",Cakes and Rolls | Juices,Bakery | Juices,2,5,7.22,Summer 2026
O202601602,2026-06-02,C0136,Frozen pizza,frozen food,Frozen pizza,1,1,3.48,Summer 2026
O202601603,2026-06-02,C0079,"Galaxy Jewels Assorted Chocolate Box, 650g | Frozen fries | Almarai Mixed Fruit Juice, 1.4L | Lay's Tomato Ketchup Potato Chips, 110g | Storck Toffifee Hazelnut In Caramel Candy, 125g",Chocolate | frozen food | Juices | Chips | Chocolate,Chocolate | Frozen fries | Juices | Sauce | Soft Drinks,5,10,33.45,Summer 2026
O202601604,2026-06-02,C0101,Frozen fries,frozen food,Frozen fries,1,1,3,Summer 2026
O202601605,2026-06-02,C0070,"Ozmo Hoppo Biscuit Filled with Chocolate Cream, 40g",Chocolate,Ice Cream,1,1,0.6,Summer 2026
O202601606,2026-06-02,C0036,"Morrisons Apricot Halves in Juice, 410g",Canned Fruit,Juices,1,1,4.39,Summer 2026
O202601607,2026-06-02,C0002,"NewLand Dynamite Sauce, 300ml | Mr.Chips Crocodile Cheese & Pizza Flavor Snack, 58g | Almarai Mixed Fruit Juice, 1.4L",Cooking & Baking | Chips | Juices,Sauce | Frozen pizza | Juices,3,8,14.64,Summer 2026
O202601608,2026-06-03,C0071,"Maxim's Sliced Tuna With Garlic And Black Pepper 120 g | Frozen fries | Frozen pizza | TT Peach ice Tea, 330ml",Canned Seafood | frozen food | frozen food | Soft Drinks,Sauce | Frozen fries | Frozen pizza | Soft Drinks,4,5,12.72,Summer 2026
O202601609,2026-06-03,C0047,"Almarai Mixed Fruit Juice, 1.4L",Juices,Juices,1,3,6,Summer 2026
O202601610,2026-06-03,C0020,"L'usine Cupcakes Filled with Chocolate Cream, 18x30g | Eti Aditco Chocolate Cake, 36g | Frozen fries | NewLand Mayonnaise, 300ml | Smart Chips Crunchy Rings Pizza Flavor, 80g | Kinder Chocolate Milk Chocolate Bars With Milky Filling (4 Bars), 50g",Cakes and Rolls | Cakes and Rolls | frozen food | Cooking & Baking | Chips | Chocolate,Ice Cream | Chocolate | Frozen fries | Sauce | Chips | Soft Drinks,6,7,8.29,Summer 2026
O202601611,2026-06-03,C0028,Choco Lake Choco Biscuits 650G,Chocolate,Soft Drinks,1,2,6,Summer 2026
O202601612,2026-06-03,C0140,"Mr.Chips Pizza Flavor Corn Chips, 58g | Almarai Mango Juice, 1L",Chips | Juices,Frozen pizza | Juices,2,4,4,Summer 2026
O202601613,2026-06-03,C0088,"Bifa Keks Roll Cake with Cocoa Cream, 50g",Cakes and Rolls,Ice Cream,1,1,0.25,Summer 2026
O202601614,2026-06-03,C0099,"Mr.Chips Disco Cheddar Cheese Flavor Snack, 58g | Crystal Ice Cubes 2 kg",Chips | water,Chips | Water,2,4,3.22,Summer 2026
O202601615,2026-06-04,C0115,"Spuds Tomato Bruschetta Craft Cooked Chips, 65g | Kinder Bueno Milk Chocolate Bar in Wafer with Hazelnut Cream, 43g | Nutella B-Ready Chocolate Wafer Bar (6 Bars), 132g",Chips | Chocolate | Chocolate,Chips | Soft Drinks | Chocolate,3,4,4.5,Summer 2026
O202601616,2026-06-04,C0143,"Mr.Chips Crocodile Cheese & Pizza Flavor Snack, 58g | Galaxy Caramel Chocolate Bar, 34g | Mr. Brown Chocolate Flavor Iced Coffee, 240ml",Chips | Chocolate | Specialty Drinks,Chips | Soft Drinks | Chocolate,3,3,1.97,Summer 2026
O202601617,2026-06-04,C0131,"Said Junior Cup 50 g | Frozen fries | Smart Chips Crunchy Rings Pizza Flavor, 80g | KDD Long Life Apple Juice, 1L | Benina Garlic Chili Sauce, 280g",Chocolate | frozen food | Chips | Juices | Cooking & Baking,Chocolate | Frozen fries | Frozen pizza | Juices | Sauce,5,7,11.9,Summer 2026
O202601618,2026-06-04,C0025,"Smart Chips Crunchy Rings Pizza Flavor, 80g | Nadec Milk Chocolate Milk, 6x125ml",Chips | Long Life Milk,Frozen pizza | Dairy,2,2,2.35,Summer 2026
O202601619,2026-06-04,C0149,"Benina Soy Sauce Mild, 150g | Frozen pizza | Choco Lake Diamond Twist Kunafa with Peanut Butter Filling, 450g | Jordina Joy Orange, 1L",Cooking & Baking | frozen food | Chocolate | Soft Drinks,Sauce | Frozen pizza | Soft Drinks | Juices,4,4,9.92,Summer 2026
O202601620,2026-06-04,C0071,"Doritos Sweet Chili Pepper Tortilla Chips, 120g | Mr. Brown Chocolate Flavor Iced Coffee, 240ml | Eti Pop Kek Mini Cake with Dark Chocolate, 144g",Chips | Specialty Drinks | Cakes and Rolls,Chips | Soft Drinks | Chocolate,3,3,3.55,Summer 2026
O202601621,2026-06-04,C0076,"NewLand Dynamite Sauce, 300ml | Frozen fries",Cooking & Baking | frozen food,Sauce | Frozen fries,2,2,4.03,Summer 2026
O202601622,2026-06-04,C0067,Said Junior Cup 50 g,Chocolate,Soft Drinks,1,3,2.25,Summer 2026
O202601623,2026-06-04,C0145,"Americana Orange Pound Cake, 300g",Cakes and Rolls,Juices,1,4,7.6,Summer 2026
O202601624,2026-06-04,C0136,"NewLand Tomato Ketchup 567 g | Almarai Cream Cheese, 6 Portion, 108g | Frozen fries | Americana Chocolate Pound Cake, 300g",Cooking & Baking | cheese | frozen food | Cakes and Rolls,Sauce | Ice Cream | Frozen fries | Soft Drinks,4,7,13.59,Summer 2026
O202601625,2026-06-04,C0127,"KDD Long Life Apple Juice, 1L",Juices,Juices,1,1,1.33,Summer 2026
O202601626,2026-06-05,C0081,"NewLand Mayonnaise, 300ml | NewLand Special Sauce For Burgers & Fries, 300g | Frozen pizza | Almarai Mixed Berry Juice, 1.4L",Cooking & Baking | Cooking & Baking | frozen food | Juices,Sauce | Frozen fries | Frozen pizza | Juices,4,6,13.59,Summer 2026
O202601627,2026-06-05,C0050,"Al Rabie Orange Juice, 1L",Juices,Juices,1,2,3.1,Summer 2026
O202601628,2026-06-05,C0013,"Ard Jdadna Powder Garlic, 200g | Mr.Chips Pizza Flavor Corn Chips, 58g | Nestle Mineral Water, 6x1.5L | KDD Mango Nectar, 1L",Cooking & Baking | Chips | water | Juices,Sauce | Frozen pizza | Water | Juices,4,10,16.27,Summer 2026
O202601629,2026-06-05,C0073,Soccer 50 FT Smart Outdoor String Lights Waterproof,World Cup,Water,1,4,7.6,Summer 2026
O202601630,2026-06-05,C0113,Crystal Ice Cubes 2 kg,water,Water,1,3,2.97,Summer 2026
O202601631,2026-06-05,C0081,"NewLand Special Sauce For Burgers & Fries, 300g | Nestle Kitkat Hazelnut 4 Fingers Chocolate, 41.5g | Bifa Keks Roll Cake with Cocoa Cream, 50g",Cooking & Baking | Chocolate | Cakes and Rolls,Sauce | Soft Drinks | Bakery,3,4,3.85,Summer 2026
O202601632,2026-06-05,C0143,"NewLand Mayonnaise Garlic Flavor 300ml | NewLand Special Sauce For Burgers & Fries, 300g | Snickers Chocolate Bar Filled with Caramel & Peanuts, 40g",Cooking & Baking | Cooking & Baking | Chocolate,Sauce | Frozen fries | Soft Drinks,3,6,8.81,Summer 2026
O202601633,2026-06-05,C0035,"NewLand Tomato Ketchup 567 g | Frozen fries | Kinder Bueno Milk Chocolate Bar in Wafer with Hazelnut Cream, 43g",Cooking & Baking | frozen food | Chocolate,Sauce | Frozen fries | Soft Drinks,3,4,5.49,Summer 2026
O202601634,2026-06-05,C0139,"Smart Chips Crunchy Rings Pizza Flavor, 80g | Galaxy Jewels Assorted Chocolate Box, 650g | Galaxy Minstrels Chocolate, 42g",Chips | Chocolate | Chocolate,Chips | Soft Drinks | Chocolate,3,5,53.99,Summer 2026
O202601635,2026-06-05,C0144,"Mr.Chips Pizza Flavor Corn Chips, 58g",Chips,Frozen pizza,1,1,0.25,Summer 2026
O202601636,2026-06-05,C0002,"Hammoudeh Fresh Yoghurt, 700g | Koita Organic Chocolate Milk Uht 200 ml",youghurt | Long Life Milk,Eggs | Soft Drinks,2,3,3.65,Summer 2026
O202601637,2026-06-06,C0137,"Red Bull Energy Drink Watermelon, 250ml",Sports & Energy Drinks,Water,1,3,4.66,Summer 2026
O202601638,2026-06-06,C0061,"Mr.Chips Disco Cheddar Cheese Flavor Snack, 58g | G Mixed Berry Fusion Flavored Soda, 300ml | Mythic Sensation Mini Milk Chocolate 30 g",Chips | Soft Drinks | Chocolate,Chips | Soft Drinks | Chocolate,3,5,2.45,Summer 2026
O202601639,2026-06-06,C0009,"Mr.Chips Waves Honey Mustard Chips, 50g | Al Rabie Orange Juice, 1L",Chips | Juices,Chips | Juices,2,4,4.4,Summer 2026
O202601640,2026-06-06,C0125,"Americana Chocolate Pound Cake, 300g | Cool Gear Water Bottle - Pink, 650ml",Cakes and Rolls | back to school,Soft Drinks | Water,2,4,11.3,Summer 2026
O202601641,2026-06-06,C0015,"Ozmo Fun Shape Milk Chocolate Lollipop, 23g",Chocolate,Soft Drinks,1,3,1.8,Summer 2026
O202601642,2026-06-06,C0126,"Kinder Happy Hippo Biscuits with Double Cream Filling, 103.5g",Chocolate,Ice Cream,1,1,1.89,Summer 2026
O202601643,2026-06-06,C0089,"Mr.Chips Cheese Potato Chips, 68g | KDD Mango Nectar, 1L",Chips | Juices,Chips | Juices,2,2,1.93,Summer 2026
O202601644,2026-06-06,C0014,"Barni Chocolate Cake, 30g",Cakes and Rolls,Soft Drinks,1,3,1.2,Summer 2026
O202601645,2026-06-06,C0060,"Morrisons Apricot Halves in Juice, 410g",Canned Fruit,Juices,1,4,17.56,Summer 2026
O202601646,2026-06-06,C0109,Frozen fries,frozen food,Frozen fries,1,1,1.9,Summer 2026
O202601647,2026-06-06,C0074,"KDD Mango Nectar, 1L",Juices,Juices,1,2,2.66,Summer 2026
O202601648,2026-06-06,C0133,"Spuds Prime Ribs Craft Cooked Chips, 65g | Kinza Blackcurrant Carbonated Drink Can, 250ml | Kinder Chocolate Milk Chocolate Bars With Milky Filling (4 Bars), 50g",Chips | Soft Drinks | Chocolate,Chips | Soft Drinks | Chocolate,3,4,1.85,Summer 2026
O202601649,2026-06-06,C0040,"Frozen fries | Foster Clark's Bicarbonate of Soda, 150g",frozen food | Cooking & Baking,Frozen fries | Soft Drinks,2,5,5.45,Summer 2026
O202601650,2026-06-06,C0136,"NewLand Dynamite Sauce, 300ml | Frozen fries | Koita Organic Chocolate Milk Uht 200 ml",Cooking & Baking | frozen food | Long Life Milk,Sauce | Frozen fries | Soft Drinks,3,4,7.93,Summer 2026
O202601651,2026-06-07,C0137,Crystal Ice Cubes 2 kg,water,Water,1,4,3.84,Summer 2026
O202601652,2026-06-07,C0080,"Frozen fries | Crystal Ice Cubes 2 kg | NewLand Special Sauce For Burgers & Fries, 300g | Pringles Sour Cream & Onion Chips Can, 165g | Kinza Zero Sugar Lemon Soft Drink Can, 250ml",frozen food | water | Cooking & Baking | Chips | Soft Drinks,Frozen fries | Water | Sauce | Chips | Soft Drinks,5,6,8.49,Summer 2026
O202601653,2026-06-07,C0121,"Bifa Keks Cocoa Oval Banana Sauce Cake, 45g | Mr.Chips Pizza Flavor Corn Chips, 58g",Cakes and Rolls | Chips,Sauce | Frozen pizza,2,2,0.5,Summer 2026
O202601654,2026-06-07,C0084,"Mr.Chips Chilli Potato Chips, 68g | Frozen pizza",Chips | frozen food,Chips | Frozen pizza,2,2,3,Summer 2026
O202601655,2026-06-07,C0114,"Kikkoman Soy Sauce, 591ml | NewLand Special Sauce For Burgers & Fries, 300g | Kinza Blackcurrant Carbonated Drink Can, 250ml",Cooking & Baking | Cooking & Baking | Soft Drinks,Sauce | Frozen fries | Soft Drinks,3,3,5.8,Summer 2026
O202601656,2026-06-07,C0116,"Mr.Chips Crocodile Cheese & Pizza Flavor Snack, 58g",Chips,Frozen pizza,1,1,0.25,Summer 2026
O202601657,2026-06-07,C0083,"Sama Mineral Water, 12x600ml | Al Rabie Orange Juice, 1L",water | Juices,Water | Juices,2,3,4.41,Summer 2026
O202601658,2026-06-07,C0104,Crystal Ice Cubes 2 kg,water,Water,1,2,1.98,Summer 2026
O202601659,2026-06-07,C0148,"Blue Mill Garlic Powder 200 g | Frozen fries | Teeba Labneh, 180g | Galaxy Minstrels Chocolate, 42g",Cooking & Baking | frozen food | labneh | Chocolate,Sauce | Frozen fries | Eggs | Soft Drinks,4,5,7.88,Summer 2026
O202601660,2026-06-07,C0107,"Cool Gear Water Bottle - Pink, 650ml",back to school,Water,1,1,3.75,Summer 2026
O202601661,2026-06-07,C0039,Desserts,frozen food,Ice Cream,1,1,0.55,Summer 2026
O202601662,2026-06-07,C0065,"Smart Chips Ketchup Flavor Stix, 75g | Frozen pizza | Al Rabie Orange Juice, 1L",Chips | frozen food | Juices,Sauce | Frozen pizza | Juices,3,4,6.87,Summer 2026
O202601663,2026-06-07,C0060,"KDD Mango Nectar, 1L",Juices,Juices,1,1,1.33,Summer 2026
O202601664,2026-06-07,C0002,"Mr.Chips Crocodile Cheese & Pizza Flavor Snack, 58g",Chips,Frozen pizza,1,1,0.25,Summer 2026
O202601665,2026-06-07,C0007,"Pringles Salt & Vinegar Chips Can, 165g | Desserts | Kinder Happy Hippo Biscuits with Double Cream Filling, 103.5g | Eti Pop Kek Mini Cake with Dark Chocolate, 144g",Chips | frozen food | Chocolate | Cakes and Rolls,Chips | Ice Cream | Soft Drinks | Chocolate,4,6,20.1,Summer 2026
O202601666,2026-06-07,C0086,"Super Sour Green Apple Carbonated Drink, 250ml",Soft Drinks,Soft Drinks,1,1,0.35,Summer 2026
O202601667,2026-06-08,C0125,"Mr.Chips Salt & Vinegar Potato Chips, 68g",Chips,Chips,1,1,0.6,Summer 2026
O202601668,2026-06-08,C0093,NewLand Tomato Ketchup 567 g | Frozen fries,Cooking & Baking | frozen food,Sauce | Frozen fries,2,2,3.99,Summer 2026
O202601669,2026-06-08,C0019,"Lay's French Cheese Potato Chips, 110g",Chips,Chips,1,1,1,Summer 2026
O202601670,2026-06-08,C0002,Soccer 50 FT Smart Outdoor String Lights Waterproof,World Cup,Water,1,3,5.7,Summer 2026
O202601671,2026-06-08,C0150,"Maxim's Sliced Tuna With Garlic And Black Pepper 120 g | Frozen fries | Choco Lake Diamond Twist Kunafa with Peanut Butter Filling, 450g",Canned Seafood | frozen food | Chocolate,Sauce | Frozen fries | Soft Drinks,3,3,9.97,Summer 2026
O202601672,2026-06-08,C0095,"Al Rabie Orange Juice, 1L",Juices,Juices,1,3,4.65,Summer 2026
O202601673,2026-06-08,C0095,"Frozen fries | Smart Chips Crunchy Rings Pizza Flavor, 80g | Alpro Plant-Based Barista Soya Drink, 1L | Red Bull Energy Drink Watermelon, 250ml | Crush Orange Soft Drink Pet Bottle, 1L | Smart Chips Ketchup Flavor Stix, 75g | Kinder Happy Hippo Biscuits with Double Cream Filling, 103.5g",frozen food | Chips | Milk Alternatives | Sports & Energy Drinks | Soft Drinks | Chips | Chocolate,Frozen fries | Frozen pizza | Eggs | Water | Juices | Sauce | Soft Drinks,7,12,18.54,Summer 2026
O202601674,2026-06-08,C0086,Frozen pizza,frozen food,Frozen pizza,1,1,3.59,Summer 2026
O202601675,2026-06-08,C0110,"L'usine Cupcakes Filled with Chocolate Cream, 18x30g | Frozen fries | NewLand Hickory Smoked Barbecue Sauce 510 g | Mr.Chips Waves Smoky Bbq Chips, 50g | Choco Lake Choco Biscuits 650G",Cakes and Rolls | frozen food | Cooking & Baking | Chips | Chocolate,Chocolate | Frozen fries | Sauce | Chips | Soft Drinks,5,6,13.05,Summer 2026
O202601676,2026-06-08,C0048,"Benina Soy Sauce Mild, 150g | NewLand Special Sauce For Burgers & Fries, 300g | Ferrero Rocher Fine Crunchy Hazelnuts Dipped in Smooth Milk Chocolate, (3 Pieces), 37.5g",Cooking & Baking | Cooking & Baking | Chocolate,Sauce | Frozen fries | Soft Drinks,3,3,3.93,Summer 2026
O202601677,2026-06-09,C0145,Desserts,frozen food,Ice Cream,1,1,1.89,Summer 2026
O202601678,2026-06-09,C0021,"Ozmo Hoppo Biscuit Filled with Chocolate Cream, 40g | Americana Orange Pound Cake, 300g",Chocolate | Cakes and Rolls,Chocolate | Juices,2,2,2.5,Summer 2026
O202601679,2026-06-09,C0018,"Lay's Tomato Ketchup Potato Chips, 110g | Pringles Sour Cream & Onion Chips Can, 165g | Bounty Coconut Milk Chocolate Bar, 50g",Chips | Chips | Chocolate,Chips | Dairy | Soft Drinks,3,5,4.65,Summer 2026
O202601680,2026-06-09,C0105,"Maxim's Sliced Tuna With Garlic And Black Pepper 120 g | Frozen fries | Barni Chocolate Cake, 30g",Canned Seafood | frozen food | Cakes and Rolls,Sauce | Frozen fries | Soft Drinks,3,6,5.74,Summer 2026
O202601681,2026-06-09,C0060,"Raffaello Premium Coconut & Almond Pralines, 30g",Chocolate,Soft Drinks,1,1,0.87,Summer 2026
O202601682,2026-06-10,C0140,"Mr.Chips Waves Smoky Bbq Chips, 50g | Choco Lake Diamond Twist Kunafa with Peanut Butter Filling, 450g | Barni Chocolate Cake, 30g",Chips | Chocolate | Cakes and Rolls,Chips | Chocolate | Soft Drinks,3,5,6.84,Summer 2026
O202601683,2026-06-10,C0008,"Mr.Chips Chilli Potato Chips, 68g | Kinder Chocolate Milk Chocolate Bars With Milky Filling (4 Bars), 50g | Kinder Joy Chocolate Egg for Boys Assorted, 20g",Chips | Chocolate | Chocolate,Chips | Chocolate | Soft Drinks,3,5,3.3,Summer 2026
O202601684,2026-06-10,C0072,"Mr.Chips Paprika Snack Mix, 78g | Kinder Bueno Milk Chocolate Bar in Wafer with Hazelnut Cream, 43g | Ozmo Hoppo Biscuit Filled with Chocolate Cream, 40g",Chips | Chocolate | Chocolate,Chips | Soft Drinks | Chocolate,3,5,3.45,Summer 2026
O202601685,2026-06-10,C0115,"NewLand Mayonnaise Garlic Flavor 300ml | Frozen fries | Galaxy Jewels Assorted Chocolate Box, 650g | Crystal Ice Cubes 2 kg",Cooking & Baking | frozen food | Chocolate | water,Sauce | Frozen fries | Soft Drinks | Water,4,5,22.74,Summer 2026
O202601686,2026-06-10,C0039,"Smart Chips Ketchup Flavor Stix, 75g | Frozen fries | G Mixed Berry Fusion Flavored Soda, 300ml",Chips | frozen food | Soft Drinks,Sauce | Frozen fries | Soft Drinks,3,5,5.43,Summer 2026
O202601687,2026-06-10,C0104,"Sama Mineral Water, 12x600ml | Alyoum Burger Buns with Sesame Seeds, 6 Pieces",water | Burger Buns,Water | Bakery,2,4,4.84,Summer 2026
O202601688,2026-06-10,C0064,"Nadec Milk Chocolate Milk, 6x125ml | Cool Gear Cactus Water Bottle with Freeze Stick, 650ml",Long Life Milk | back to school,Dairy | Water,2,3,8.85,Summer 2026
O202601689,2026-06-10,C0131,NewLand Hickory Smoked Barbecue Sauce 510 g | Frozen fries | Choco Lake Choco Biscuits 650G,Cooking & Baking | frozen food | Chocolate,Sauce | Frozen fries | Soft Drinks,3,4,10.6,Summer 2026
O202601690,2026-06-11,C0018,"Ard Jdadna Powder Garlic, 200g | Frozen pizza | KDD Mango Nectar, 1L",Cooking & Baking | frozen food | Juices,Sauce | Frozen pizza | Juices,3,3,7.12,Summer 2026
O202601691,2026-06-11,C0114,"Smart Chips Crunchy Rings Pizza Flavor, 80g | Al Rabie Orange Juice, 1L",Chips | Juices,Frozen pizza | Juices,2,4,5.65,Summer 2026
O202601692,2026-06-11,C0134,"Doritos Nacho Cheese Tortilla Chips, 120g | Hammoudeh Lactose Free Full Fat UHT Milk, 1L | Snickers Chocolate Bar Filled with Caramel & Peanuts, 40g | Nadec Milk Chocolate Milk, 6x125ml",Chips | milk | Chocolate | Long Life Milk,Chips | Dairy | Soft Drinks | Chocolate,4,9,10,Summer 2026
O202601693,2026-06-11,C0124,"Mr.Chips Waves Smoky Bbq Chips, 50g | Galaxy Crispy Chocolate Bar,Â 30g | G Cherry Pop Sugar Free Flavored Soda, 300ml | Kinza Soda Water Can, 250ml",Chips | Chocolate | Soft Drinks | water,Chips | Chocolate | Soft Drinks | Water,4,6,3.63,Summer 2026
O202601694,2026-06-11,C0084,"Mr.Chips Cheese Potato Chips, 68g | Cool Gear Water Bottle - Pink, 650ml",Chips | back to school,Chips | Water,2,3,7.86,Summer 2026
O202601695,2026-06-11,C0025,"NewLand Hickory Smoked Barbecue Sauce 510 g | Frozen fries | L'usine Cupcakes Filled with Chocolate Cream, 18x30g",Cooking & Baking | frozen food | Cakes and Rolls,Sauce | Frozen fries | Bakery,3,4,8.2,Summer 2026
O202601696,2026-06-11,C0046,"NewLand Special Sauce For Burgers & Fries, 300g | Eti Aditco Chocolate Cake, 36g",Cooking & Baking | Cakes and Rolls,Frozen fries | Bakery,2,2,2.39,Summer 2026
O202601697,2026-06-11,C0079,Soccer 50 FT Smart Outdoor String Lights Waterproof,World Cup,Water,1,4,7.37,Summer 2026
O202601698,2026-06-11,C0006,"Pringles BBQ Chips Can, 165g | Nadec Milk Chocolate Milk, 6x125ml | Bounty Coconut Milk Chocolate Bar, 50g",Chips | Long Life Milk | Chocolate,Chips | Soft Drinks | Chocolate,3,5,6.4,Summer 2026
O202601699,2026-06-11,C0001,"Mr.Chips Salt & Vinegar Potato Chips, 68g | Eti Aditco Chocolate Cake, 36g | Molto XL Croissant Chocolate With Hazelnut, 42.5g | Red Bull Energy Drink Watermelon, 250ml",Chips | Cakes and Rolls | Cakes and Rolls | Sports & Energy Drinks,Chips | Soft Drinks | Chocolate | Water,4,5,4.44,Summer 2026
O202601700,2026-06-12,C0086,"Spuds Sour Cream & Onion Craft Cooked Chips, 65g | Ozmo Hoppo Biscuit Filled with Chocolate Cream, 40g | Mr. Brown Chocolate Flavor Iced Coffee, 240ml",Chips | Chocolate | Specialty Drinks,Chips | Soft Drinks | Chocolate,3,5,3.8,Summer 2026
O202601701,2026-06-12,C0150,"Mr.Chips Cheese Pop Corn, 58g | Red Bull Energy Drink Watermelon, 250ml | Crush Orange Soft Drink Pet Bottle, 1L",Chips | Sports & Energy Drinks | Soft Drinks,Chips | Water | Juices,3,5,4.51,Summer 2026
O202601702,2026-06-12,C0083,"Frozen fries | Frozen pizza | Nestle Mineral Water, 6x1.5L | Lay's Tomato Ketchup Potato Chips, 110g | Galaxy Smooth Milk Chocolate Bar,Â 30g",frozen food | frozen food | water | Chips | Chocolate,Frozen fries | Frozen pizza | Water | Sauce | Soft Drinks,5,10,20.38,Summer 2026
O202601703,2026-06-12,C0129,"Ard Jdadna Powder Garlic, 200g | Frozen fries | Ferrero Rocher Fine Crunchy Hazelnuts Dipped in Smooth Milk Chocolate, (3 Pieces), 37.5g | Koita Organic Chocolate Milk Uht 200 ml",Cooking & Baking | frozen food | Chocolate | Long Life Milk,Sauce | Frozen fries | Dairy | Soft Drinks,4,5,8.7,Summer 2026
O202601704,2026-06-12,C0070,"Mr.Chips Waves Honey Mustard Chips, 50g",Chips,Chips,1,1,0.65,Summer 2026
O202601705,2026-06-12,C0033,"Almarai Mixed Berry Juice, 1.4L",Juices,Juices,1,2,4,Summer 2026
O202601706,2026-06-12,C0074,"Choco Lake Choco Biscuits 650G | Crush Orange Soft Drink Pet Bottle, 1L",Chocolate | Soft Drinks,Chocolate | Juices,2,5,9.66,Summer 2026
O202601707,2026-06-12,C0076,"Five Cows Thick Cream, 4x125ml | L'usine Cupcakes Filled with Chocolate Cream, 18x30g",cream | Cakes and Rolls,Ice Cream | Soft Drinks,2,2,3.55,Summer 2026
O202601708,2026-06-12,C0035,"NewLand Mayonnaise Garlic Flavor 300ml | Frozen pizza | Almarai Mango Juice, 1L",Cooking & Baking | frozen food | Juices,Sauce | Frozen pizza | Juices,3,3,6.26,Summer 2026
O202601709,2026-06-12,C0100,"Jordina Joy Orange, 1L",Soft Drinks,Juices,1,2,1.16,Summer 2026
O202601710,2026-06-12,C0022,"Cool Gear Cactus Water Bottle with Freeze Stick, 650ml",back to school,Water,1,2,7.5,Summer 2026
O202601711,2026-06-12,C0081,"Smart Chips Crunchy Rings Pizza Flavor, 80g",Chips,Frozen pizza,1,3,3,Summer 2026
O202601712,2026-06-12,C0123,"Mr.Chips Crocodile Cheese & Pizza Flavor Snack, 58g | TT Peach ice Tea, 330ml | Eti Pop Kek Mini Cake with Dark Chocolate, 144g",Chips | Soft Drinks | Cakes and Rolls,Chips | Soft Drinks | Chocolate,3,4,2.35,Summer 2026
O202601713,2026-06-12,C0015,"Mr.Chips Salt & Vinegar Potato Chips, 68g | L'usine Cupcakes Filled with Chocolate Cream, 18x30g | Milka Choco Wafer, (5 Pieces), 150g",Chips | Cakes and Rolls | Chocolate,Chips | Soft Drinks | Chocolate,3,6,7.71,Summer 2026
O202601714,2026-06-13,C0139,"Kikkoman Soy Sauce, 591ml | Frozen fries | G Cherry Pop Sugar Free Flavored Soda, 300ml",Cooking & Baking | frozen food | Soft Drinks,Sauce | Frozen fries | Soft Drinks,3,6,7.6,Summer 2026
O202601715,2026-06-13,C0083,"Ard Jdadna Powder Garlic, 200g | Galaxy Smooth Milk Chocolate Bar,Â 30g | Frozen pizza | KDD Long Life Apple Juice, 1L",Cooking & Baking | Chocolate | frozen food | Juices,Sauce | Chocolate | Frozen pizza | Juices,4,6,11.42,Summer 2026
O202601716,2026-06-13,C0090,"Cool Gear Cactus Water Bottle with Freeze Stick, 650ml",back to school,Water,1,2,7.5,Summer 2026
O202601717,2026-06-13,C0015,"Pringles Sour Cream & Onion Chips Can, 165g",Chips,Ice Cream,1,1,1.7,Summer 2026
O202601718,2026-06-13,C0096,"L'usine Cupcakes Filled with Chocolate Cream, 18x30g | Almarai Mixed Fruit Juice, 1.4L",Cakes and Rolls | Juices,Chocolate | Juices,2,3,5.8,Summer 2026
O202601719,2026-06-13,C0068,"Lay's Tomato Ketchup Potato Chips, 110g | Frozen fries | G Mixed Berry Fusion Flavored Soda, 300ml",Chips | frozen food | Soft Drinks,Sauce | Frozen fries | Soft Drinks,3,4,4,Summer 2026
O202601720,2026-06-13,C0125,"Lay's Tomato Ketchup Potato Chips, 110g | Frozen fries | AlSafi Mixed Berries Greek Yoghurt, 150g | Jordina Joy Orange, 1L",Chips | frozen food | Yoghurts | Soft Drinks,Sauce | Frozen fries | Eggs | Soft Drinks,4,8,8.1,Summer 2026
O202601721,2026-06-13,C0063,"Kinder Happy Hippo Biscuits with Double Cream Filling, 103.5g",Chocolate,Soft Drinks,1,2,3.78,Summer 2026
O202601722,2026-06-13,C0093,"Ard Jdadna Powder Garlic, 200g | Baladna Full Cream Milk 1 L | Frozen fries | Kinder Happy Hippo Biscuits with Double Cream Filling, 103.5g",Cooking & Baking | milk | frozen food | Chocolate,Sauce | Ice Cream | Frozen fries | Soft Drinks,4,6,11.78,Summer 2026
O202601723,2026-06-13,C0126,"Almarai Mixed Fruit Juice, 1.4L",Juices,Juices,1,1,2,Summer 2026
O202601724,2026-06-13,C0003,Frozen fries,frozen food,Frozen fries,1,1,1.9,Summer 2026
O202601725,2026-06-13,C0132,"L'usine Soft Cupcakes Filled with Strawberry Cream, 18x30g | Cool Gear Cactus Water Bottle with Freeze Stick, 650ml",Cakes and Rolls | back to school,Dairy | Water,2,3,9.3,Summer 2026
O202601726,2026-06-13,C0126,"Mr.Chips Salt & Vinegar Potato Chips, 68g | Foster Clark's Bicarbonate of Soda, 150g | Kinder Joy Chocolate Egg for Boys Assorted, 20g",Chips | Cooking & Baking | Chocolate,Chips | Soft Drinks | Chocolate,3,3,2.2,Summer 2026
O202601727,2026-06-13,C0125,"Raffaello Premium Coconut & Almond Pralines, 30g",Chocolate,Soft Drinks,1,2,1.75,Summer 2026
O202601728,2026-06-13,C0001,Desserts,frozen food,Ice Cream,1,1,2,Summer 2026
O202601729,2026-06-13,C0006,"Koita Organic Almond Milk, 1L | Cool Gear Cactus Water Bottle with Freeze Stick, 650ml",Milk Alternatives | back to school,Dairy | Water,2,2,7.23,Summer 2026
O202601730,2026-06-13,C0121,"Benina Garlic Chili Sauce, 280g | Frozen fries | Crush Orange Soft Drink Pet Bottle, 1L | Americana Marble Pound Cake, 300g",Cooking & Baking | frozen food | Soft Drinks | Cakes and Rolls,Sauce | Frozen fries | Soft Drinks | Bakery,4,4,6.72,Summer 2026
O202601731,2026-06-13,C0144,"NewLand Mayonnaise Garlic Flavor 300ml | Frozen fries | Almarai Cream Cheese, 6 Portion, 108g | Kinza Lemon Carbonated Drink, 1L",Cooking & Baking | frozen food | cheese | Soft Drinks,Sauce | Frozen fries | Eggs | Soft Drinks,4,9,8.79,Summer 2026
O202601732,2026-06-14,C0111,Frozen fries,frozen food,Frozen fries,1,1,1.85,Summer 2026
O202601733,2026-06-14,C0092,"Alpro Plant-Based Barista Soya Drink, 1L | Crush Orange Soft Drink Pet Bottle, 1L",Milk Alternatives | Soft Drinks,Dairy | Juices,2,2,3.13,Summer 2026
O202601734,2026-06-14,C0060,"NewLand Mayonnaise, 300ml | NewLand Special Sauce For Burgers & Fries, 300g | Galaxy Dark Truffle Dark Chocolate Bar, 33g | Soccer 50 FT Smart Outdoor String Lights Waterproof",Cooking & Baking | Cooking & Baking | Chocolate | World Cup,Sauce | Frozen fries | Soft Drinks | Water,4,5,8.31,Summer 2026
O202601735,2026-06-14,C0141,"Ozmo Hoppo Biscuit Filled with Chocolate Cream, 40g | Sama Mineral Water, 12x600ml",Chocolate | water,Ice Cream | Water,2,2,2.03,Summer 2026
O202601736,2026-06-14,C0024,"Smart Chips Crunchy Rings Pizza Flavor, 80g | Galaxy Smooth Milk Chocolate Bar,Â 30g | L'usine Cupcakes Filled with Chocolate Cream, 18x30g",Chips | Chocolate | Cakes and Rolls,Chips | Soft Drinks | Chocolate,3,4,4.21,Summer 2026
O202601737,2026-06-14,C0138,"Lay's Salt & Vinegar Chips, 110g | Almarai Mixed Fruit Juice, 200ml",Chips | Juices,Chips | Juices,2,6,3.2,Summer 2026
O202601738,2026-06-14,C0025,"Kikkoman Soy Sauce, 591ml | Frozen fries",Cooking & Baking | frozen food,Sauce | Frozen fries,2,2,6.05,Summer 2026
O202601739,2026-06-14,C0098,"Desserts | Frozen fries | Pascual Vive Soy High Calcium Oat Drink, 1L | Maxim's Sliced Tuna With Garlic And Black Pepper 120 g | Galaxy Hazelnut Chocolate Bar, 30g",frozen food | frozen food | Milk Alternatives | Canned Seafood | Chocolate,Ice Cream | Frozen fries | Eggs | Sauce | Soft Drinks,5,8,20.21,Summer 2026
O202601740,2026-06-14,C0014,"Mr.Chips Cheese Potato Chips, 68g | Frozen pizza | Nutella B-Ready Chocolate Wafer Bar (6 Bars), 132g | Milka Choco Wafer, (5 Pieces), 150g",Chips | frozen food | Chocolate | Chocolate,Chips | Frozen pizza | Soft Drinks | Chocolate,4,9,22.68,Summer 2026
O202601741,2026-06-14,C0103,Frozen fries,frozen food,Frozen fries,1,2,3.8,Summer 2026
O202601742,2026-06-14,C0109,Soccer 50 FT Smart Outdoor String Lights Waterproof,World Cup,Water,1,1,1.84,Summer 2026
O202601743,2026-06-14,C0072,"Desserts | Smart Chips Crunchy Rings Pizza Flavor, 80g",frozen food | Chips,Ice Cream | Chips,2,2,1.65,Summer 2026
O202601744,2026-06-15,C0124,"Frozen fries | Crush Cola Soft Drink Pet Bottle, 1L | Americana Orange Pound Cake, 300g",frozen food | Soft Drinks | Cakes and Rolls,Frozen fries | Soft Drinks | Juices,3,4,5.98,Summer 2026
O202601745,2026-06-15,C0142,"Mr.Chips Crocodile Cheese & Pizza Flavor Snack, 58g | KDD Thick Cream, 4x125ml | Barni Chocolate Cake, 30g | Kinder Chocolate Milk Chocolate Bars With Milky Filling (4 Bars), 50g",Chips | cream | Cakes and Rolls | Chocolate,Chips | Ice Cream | Soft Drinks | Chocolate,4,4,2.97,Summer 2026
O202601746,2026-06-15,C0010,"Storck Toffifee Hazelnut In Caramel Candy, 125g",Chocolate,Soft Drinks,1,2,4.3,Summer 2026
O202601747,2026-06-15,C0116,Desserts,frozen food,Ice Cream,1,2,3.9,Summer 2026
O202601748,2026-06-15,C0035,"Spuds Sour Cream & Onion Craft Cooked Chips, 65g | Al Rabie Orange Juice, 1L",Chips | Juices,Chips | Juices,2,2,2.3,Summer 2026
O202601749,2026-06-15,C0135,"Five Cows Thick Cream, 4x125ml | Eti PopkekÂ Cocoa Cake, 35g",cream | Cakes and Rolls,Ice Cream | Bakery,2,2,2.05,Summer 2026
O202601750,2026-06-15,C0126,"Frozen fries | G Pink Lemonade Flavored Soda, 300ml",frozen food | Soft Drinks,Frozen fries | Soft Drinks,2,2,2.33,Summer 2026
O202601751,2026-06-15,C0124,"Morrisons Apricot Halves in Juice, 410g",Canned Fruit,Juices,1,2,8.78,Summer 2026
O202601752,2026-06-15,C0086,"Mr.Chips Crocodile Cheese & Pizza Flavor Snack, 58g",Chips,Frozen pizza,1,1,0.25,Summer 2026
O202601753,2026-06-15,C0077,"KDD Mango Nectar, 1L",Juices,Juices,1,4,5.32,Summer 2026
O202601754,2026-06-15,C0150,"Cheetos Crunchy Flaming Hot Chips, 115g | Matrix Fruit Carbonated Drink, 250ml | Snickers Chocolate Bar Filled with Caramel & Peanuts, 40g | L'usine Cupcakes Filled with Chocolate Cream, 18x30g",Chips | Soft Drinks | Chocolate | Cakes and Rolls,Chips | Soft Drinks | Chocolate | Bakery,4,5,4.65,Summer 2026
O202601755,2026-06-15,C0082,"Lay's Salt & Vinegar Chips, 110g | TT Peach ice Tea, 330ml | Galaxy Smooth Milk Chocolate Bar,Â 30g",Chips | Soft Drinks | Chocolate,Chips | Soft Drinks | Chocolate,3,3,2.02,Summer 2026
O202601756,2026-06-15,C0027,"Eti Adicto Gold Mini Chocolate Brown Cake, 180g | Red Bull Energy Drink Watermelon, 250ml",Cakes and Rolls | Sports & Energy Drinks,Soft Drinks | Water,2,6,9.9,Summer 2026
O202601757,2026-06-16,C0018,"Almarai Mixed Fruit Juice, 1.4L",Juices,Juices,1,2,4,Islamic New Year 2026
O202601758,2026-06-16,C0133,"L'usine Cupcakes Filled with Chocolate Cream, 18x30g | Smart Chips Ketchup Flavor Stix, 75g | Raffaello Premium Coconut & Almond Pralines, 30g",Cakes and Rolls | Chips | Chocolate,Chocolate | Chips | Soft Drinks,3,4,4.73,Islamic New Year 2026
O202601759,2026-06-16,C0001,"Eti Adicto Gold Mini Chocolate Brown Cake, 180g | Smart Chips Ketchup Flavor Stix, 75g",Cakes and Rolls | Chips,Chocolate | Chips,2,2,2.98,Islamic New Year 2026
O202601760,2026-06-16,C0023,"L'usine Cupcakes Filled with Chocolate Cream, 18x30g | Crystal Ice Cubes 2 kg",Cakes and Rolls | water,Bakery | Water,2,4,4.63,Islamic New Year 2026
O202601761,2026-06-16,C0084,"Kinder Happy Hippo Biscuits with Double Cream Filling, 103.5g | Mr.Chips Waves Grilled Burger Chips, 50g | Galaxy Crispy Chocolate Bar,Â 30g",Chocolate | Chips | Chocolate,Chocolate | Chips | Soft Drinks,3,5,6.09,Islamic New Year 2026
O202601762,2026-06-16,C0032,"Alyoum Burger Buns with Sesame Seeds, 6 Pieces",Burger Buns,Bakery,1,1,0.55,Islamic New Year 2026
O202601763,2026-06-16,C0127,"Ferrero Rocher Fine Crunchy Hazelnuts Dipped in Smooth Milk Chocolate, (3 Pieces), 37.5g | Spuds Prime Ribs Craft Cooked Chips, 65g | Ozmo Fun Shape Milk Chocolate Lollipop, 23g | Almarai Mango Juice, 1L",Chocolate | Chips | Chocolate | Juices,Chocolate | Chips | Soft Drinks | Juices,4,7,6.7,Islamic New Year 2026
O202601764,2026-06-16,C0030,"KDD Mango Nectar, 1L",Juices,Juices,1,2,2.66,Islamic New Year 2026
O202601765,2026-06-16,C0136,"Mythic Sensation Mini Milk Chocolate 30 g | Smart Chips Ketchup Flavor Stix, 75g | Americana Chocolate Pound Cake, 300g | Almarai Mixed Fruit Juice, 200ml",Chocolate | Chips | Cakes and Rolls | Juices,Chocolate | Chips | Soft Drinks | Juices,4,7,8.13,Islamic New Year 2026
O202601766,2026-06-16,C0068,"Galaxy Smooth Milk Chocolate Bar,Â 30g | Al Safi UHT Full Fat Milk, 4x1L | Lay's Salt & Vinegar Chips, 110g | Matrix Fruit Carbonated Drink, 250ml",Chocolate | Long Life Milk | Chips | Soft Drinks,Chocolate | Eggs | Chips | Soft Drinks,4,8,14.07,Islamic New Year 2026
O202601767,2026-06-17,C0147,"Ard Jdadna Powder Garlic, 200g | Frozen fries | Teeba Yoghurt, 700g | Kinza Blackcurrant Carbonated Drink Can, 250ml",Cooking & Baking | frozen food | youghurt | Soft Drinks,Sauce | Frozen fries | Dairy | Soft Drinks,4,5,5.43,Summer 2026
O202601768,2026-06-17,C0059,"Cool Gear Cactus Water Bottle with Freeze Stick, 650ml",back to school,Water,1,3,11.25,Summer 2026
O202601769,2026-06-17,C0054,"Smart Chips Ketchup Flavor Stix, 75g | Mr.Chips Waves Honey Mustard Chips, 50g | Frozen fries | Ozmo Hoppo Biscuit Filled with Chocolate Cream, 40g",Chips | Chips | frozen food | Chocolate,Sauce | Chips | Frozen fries | Soft Drinks,4,6,6.33,Summer 2026
O202601770,2026-06-17,C0100,"Ard Jdadna Powder Garlic, 200g | NewLand Special Sauce For Burgers & Fries, 300g | Matrix Fruit Carbonated Drink, 250ml | Americana Orange Pound Cake, 300g",Cooking & Baking | Cooking & Baking | Soft Drinks | Cakes and Rolls,Sauce | Frozen fries | Soft Drinks | Bakery,4,6,6.55,Summer 2026
O202601771,2026-06-17,C0084,Frozen fries,frozen food,Frozen fries,1,1,2.91,Summer 2026
O202601772,2026-06-17,C0050,Said Junior Cup 50 g,Chocolate,Soft Drinks,1,1,0.75,Summer 2026
O202601773,2026-06-17,C0133,"Koita Organic Whole Cream Milk, 1L",Long Life Milk,Ice Cream,1,1,3.1,Summer 2026
O202601774,2026-06-17,C0101,"Benina Soy Sauce Mild, 150g | Frozen fries | TT Peach ice Tea, 330ml | Bifa Keks Roll Cake with Cocoa Cream, 50g",Cooking & Baking | frozen food | Soft Drinks | Cakes and Rolls,Sauce | Frozen fries | Soft Drinks | Bakery,4,5,3.54,Summer 2026
O202601775,2026-06-17,C0009,"Kinza Lemon Carbonated Drink, 1L",Soft Drinks,Soft Drinks,1,2,0.78,Summer 2026
O202601776,2026-06-17,C0137,Soccer 50 FT Smart Outdoor String Lights Waterproof,World Cup,Water,1,1,1.9,Summer 2026
O202601777,2026-06-17,C0090,"Benina Garlic Chili Sauce, 280g | Frozen fries",Cooking & Baking | frozen food,Sauce | Frozen fries,2,2,4.49,Summer 2026
O202601778,2026-06-17,C0029,"Almarai Mixed Fruit Juice, 200ml",Juices,Juices,1,2,0.6,Summer 2026
