order_id,customer_id,order_date,order_year,order_month,week_of_year,order_channel,payment_method,gross_amount_jd,discount_jd,net_amount_jd,points_earned,points_redeemed,points_balance_after,season_event
O202600001,C0114,2026-01-01,2026,January,1,In-store,Card,14.91,0,14.91,149,0,149,Winter 2026
O202600002,C0056,2026-01-01,2026,January,1,Pickup,Wallet,15.75,0,15.75,157,0,157,Winter 2026
O202600003,C0076,2026-01-01,2026,January,1,Pickup,Card,1.68,0,1.68,16,0,16,Winter 2026
O202600004,C0024,2026-01-02,2026,January,1,Delivery,Card,1.99,0.06,1.93,19,0,19,Winter 2026
O202600005,C0022,2026-01-02,2026,January,1,Delivery,Card,7.99,0,7.99,79,0,79,Winter 2026
O202600006,C0070,2026-01-02,2026,January,1,Delivery,Card,20.98,0.63,20.35,203,0,203,Winter 2026
O202600007,C0019,2026-01-03,2026,January,1,In-store,Card,1,0.03,0.97,9,0,9,Winter 2026
O202600008,C0038,2026-01-03,2026,January,1,Pickup,Cash,2.1,0,2.1,21,0,21,Winter 2026
O202600009,C0101,2026-01-03,2026,January,1,Pickup,Wallet,5.49,0,5.49,54,0,54,Winter 2026
O202600010,C0118,2026-01-03,2026,January,1,Pickup,Card,9.69,0,9.69,96,0,96,Winter 2026
O202600011,C0117,2026-01-03,2026,January,1,Pickup,Cash,4.5,0,4.5,45,0,45,Winter 2026
O202600012,C0080,2026-01-03,2026,January,1,Pickup,Cash,5.44,0,5.44,54,0,54,Winter 2026
O202600013,C0021,2026-01-03,2026,January,1,In-store,Cash,1.02,0,1.02,10,0,10,Winter 2026
O202600014,C0085,2026-01-03,2026,January,1,Pickup,Cash,0.35,0,0.35,3,0,3,Winter 2026
O202600015,C0086,2026-01-03,2026,January,1,Delivery,Cash,1.05,0,1.05,10,0,10,Winter 2026
O202600016,C0028,2026-01-04,2026,January,2,Delivery,Card,0.75,0,0.75,7,0,7,Winter 2026
O202600017,C0007,2026-01-04,2026,January,2,In-store,Cash,1.75,0,1.75,17,0,17,Winter 2026
O202600018,C0019,2026-01-04,2026,January,2,In-store,Wallet,0.6,0,0.6,6,0,15,Winter 2026
O202600019,C0144,2026-01-04,2026,January,2,Pickup,Cash,0.49,0,0.49,4,0,4,Winter 2026
O202600020,C0103,2026-01-04,2026,January,2,In-store,Cash,1.76,0,1.76,17,0,17,Winter 2026
O202600021,C0033,2026-01-04,2026,January,2,Delivery,Card,7.09,0,7.09,70,0,70,Winter 2026
O202600022,C0017,2026-01-04,2026,January,2,Delivery,Cash,1.2,0,1.2,12,0,12,Winter 2026
O202600023,C0065,2026-01-04,2026,January,2,In-store,Cash,2.09,0,2.09,20,0,20,Winter 2026
O202600024,C0130,2026-01-04,2026,January,2,In-store,Cash,2.45,0,2.45,24,0,24,Winter 2026
O202600025,C0017,2026-01-05,2026,January,2,In-store,Cash,22.61,0,22.61,226,0,238,Winter 2026
O202600026,C0060,2026-01-05,2026,January,2,In-store,Wallet,3.39,0,3.39,33,0,33,Winter 2026
O202600027,C0115,2026-01-05,2026,January,2,In-store,Cash,3.89,0,3.89,38,0,38,Winter 2026
O202600028,C0099,2026-01-05,2026,January,2,Pickup,Card,3.26,0,3.26,32,0,32,Winter 2026
O202600029,C0012,2026-01-05,2026,January,2,In-store,Card,3.5,0,3.5,35,0,35,Winter 2026
O202600030,C0049,2026-01-05,2026,January,2,In-store,Cash,2.83,0,2.83,28,0,28,Winter 2026
O202600031,C0116,2026-01-05,2026,January,2,Pickup,Card,0.9,0,0.9,9,0,9,Winter 2026
O202600032,C0104,2026-01-05,2026,January,2,Delivery,Cash,10.67,0,10.67,106,0,106,Winter 2026
O202600033,C0036,2026-01-06,2026,January,2,In-store,Cash,2.21,0,2.21,22,0,22,Winter 2026
O202600034,C0038,2026-01-06,2026,January,2,Pickup,Card,3.5,0,3.5,35,0,56,Winter 2026
O202600035,C0089,2026-01-06,2026,January,2,Pickup,Cash,12.57,0,12.57,125,0,125,Winter 2026
O202600036,C0109,2026-01-06,2026,January,2,In-store,Cash,10.95,0,10.95,109,0,109,Winter 2026
O202600037,C0109,2026-01-06,2026,January,2,Pickup,Card,0.85,0.03,0.82,8,0,117,Winter 2026
O202600038,C0139,2026-01-06,2026,January,2,Delivery,Card,1.13,0,1.13,11,0,11,Winter 2026
O202600039,C0017,2026-01-06,2026,January,2,In-store,Wallet,1.62,0.05,1.57,15,0,253,Winter 2026
O202600040,C0133,2026-01-06,2026,January,2,Pickup,Wallet,4.5,0,4.5,45,0,45,Winter 2026
O202600041,C0124,2026-01-06,2026,January,2,Delivery,Card,2.85,0,2.85,28,0,28,Winter 2026
O202600042,C0138,2026-01-06,2026,January,2,Pickup,Wallet,8.23,0,8.23,82,0,82,Winter 2026
O202600043,C0095,2026-01-07,2026,January,2,Pickup,Cash,2,0.06,1.94,19,0,19,Winter 2026
O202600044,C0053,2026-01-07,2026,January,2,Delivery,Card,4.19,0,4.19,41,0,41,Winter 2026
O202600045,C0018,2026-01-07,2026,January,2,Delivery,Card,3.77,0,3.77,37,0,37,Winter 2026
O202600046,C0140,2026-01-07,2026,January,2,Delivery,Card,3.36,0,3.36,33,0,33,Winter 2026
O202600047,C0047,2026-01-07,2026,January,2,Pickup,Cash,1,0.03,0.97,9,0,9,Winter 2026
O202600048,C0041,2026-01-07,2026,January,2,In-store,Wallet,4.15,0,4.15,41,0,41,Winter 2026
O202600049,C0148,2026-01-07,2026,January,2,Delivery,Card,3.36,0,3.36,33,0,33,Winter 2026
O202600050,C0080,2026-01-08,2026,January,2,In-store,Wallet,2.33,0,2.33,23,0,77,Winter 2026
O202600051,C0117,2026-01-08,2026,January,2,Pickup,Cash,2.09,0,2.09,20,0,65,Winter 2026
O202600052,C0085,2026-01-08,2026,January,2,Pickup,Wallet,4.18,0,4.18,41,0,44,Winter 2026
O202600053,C0067,2026-01-08,2026,January,2,In-store,Card,1.99,0,1.99,19,0,19,Winter 2026
O202600054,C0085,2026-01-08,2026,January,2,Delivery,Card,2.09,0,2.09,20,0,64,Winter 2026
O202600055,C0080,2026-01-08,2026,January,2,Delivery,Card,1.65,0,1.65,16,0,93,Winter 2026
O202600056,C0133,2026-01-08,2026,January,2,Delivery,Cash,4.35,0,4.35,43,0,88,Winter 2026
O202600057,C0032,2026-01-09,2026,January,2,Delivery,Cash,2.8,0,2.8,28,0,28,Winter 2026
O202600058,C0038,2026-01-09,2026,January,2,Delivery,Wallet,1.13,0,1.13,11,0,67,Winter 2026
O202600059,C0086,2026-01-09,2026,January,2,Delivery,Card,1.8,0,1.8,18,0,28,Winter 2026
O202600060,C0060,2026-01-10,2026,January,2,Pickup,Card,5.4,0,5.4,54,0,87,Winter 2026
O202600061,C0119,2026-01-10,2026,January,2,Delivery,Cash,16.39,0,16.39,163,0,163,Winter 2026
O202600062,C0121,2026-01-10,2026,January,2,Pickup,Card,9.59,0,9.59,95,0,95,Winter 2026
O202600063,C0139,2026-01-10,2026,January,2,Delivery,Card,0.95,0,0.95,9,0,20,Winter 2026
O202600064,C0121,2026-01-10,2026,January,2,In-store,Card,5.47,0.16,5.31,53,0,148,Winter 2026
O202600065,C0052,2026-01-10,2026,January,2,Pickup,Cash,3.1,0,3.1,31,0,31,Winter 2026
O202600066,C0128,2026-01-10,2026,January,2,In-store,Wallet,0.49,0,0.49,4,0,4,Winter 2026
O202600067,C0071,2026-01-10,2026,January,2,In-store,Cash,10.82,0,10.82,108,0,108,Winter 2026
O202600068,C0009,2026-01-10,2026,January,2,Pickup,Card,7,0,7,70,0,70,Winter 2026
O202600069,C0133,2026-01-10,2026,January,2,In-store,Cash,1.13,0,1.13,11,0,99,Winter 2026
O202600070,C0119,2026-01-10,2026,January,2,Pickup,Card,2.68,0,2.68,26,0,189,Winter 2026
O202600071,C0145,2026-01-11,2026,January,3,Delivery,Cash,2.09,0,2.09,20,0,20,Winter 2026
O202600072,C0096,2026-01-11,2026,January,3,Delivery,Cash,24.65,0,24.65,246,0,246,Winter 2026
O202600073,C0132,2026-01-11,2026,January,3,In-store,Wallet,3.77,0,3.77,37,0,37,Winter 2026
O202600074,C0069,2026-01-11,2026,January,3,Delivery,Card,1.54,0,1.54,15,0,15,Winter 2026
O202600075,C0112,2026-01-11,2026,January,3,Delivery,Cash,1.35,0,1.35,13,0,13,Winter 2026
O202600076,C0146,2026-01-11,2026,January,3,Pickup,Card,1,0,1,10,0,10,Winter 2026
O202600077,C0007,2026-01-11,2026,January,3,Delivery,Wallet,0.75,0,0.75,7,0,24,Winter 2026
O202600078,C0073,2026-01-11,2026,January,3,Pickup,Cash,2.75,0.08,2.67,26,0,26,Winter 2026
O202600079,C0135,2026-01-11,2026,January,3,Delivery,Card,1.61,0,1.61,16,0,16,Winter 2026
O202600080,C0009,2026-01-11,2026,January,3,Delivery,Cash,2.75,0,2.75,27,0,97,Winter 2026
O202600081,C0100,2026-01-11,2026,January,3,Pickup,Cash,7.3,0,7.3,73,0,73,Winter 2026
O202600082,C0116,2026-01-11,2026,January,3,Delivery,Cash,3.77,0,3.77,37,0,46,Winter 2026
O202600083,C0112,2026-01-11,2026,January,3,Pickup,Card,1.85,0,1.85,18,0,31,Winter 2026
O202600084,C0020,2026-01-11,2026,January,3,Pickup,Wallet,5.45,0,5.45,54,0,54,Winter 2026
O202600085,C0048,2026-01-12,2026,January,3,Delivery,Card,18.06,0,18.06,180,0,180,Winter 2026
O202600086,C0131,2026-01-12,2026,January,3,Pickup,Card,2.05,0,2.05,20,0,20,Winter 2026
O202600087,C0133,2026-01-12,2026,January,3,Delivery,Cash,11.74,0.35,11.39,113,0,212,Winter 2026
O202600088,C0106,2026-01-12,2026,January,3,Delivery,Cash,6.27,0,6.27,62,0,62,Winter 2026
O202600089,C0102,2026-01-12,2026,January,3,In-store,Cash,2.09,0,2.09,20,0,20,Winter 2026
O202600090,C0137,2026-01-12,2026,January,3,In-store,Wallet,4.63,0,4.63,46,0,46,Winter 2026
O202600091,C0125,2026-01-12,2026,January,3,In-store,Wallet,1.6,0,1.6,16,0,16,Winter 2026
O202600092,C0006,2026-01-12,2026,January,3,Delivery,Cash,1.9,0.06,1.84,18,0,18,Winter 2026
O202600093,C0089,2026-01-13,2026,January,3,Pickup,Cash,3.44,0,3.44,34,0,159,Winter 2026
O202600094,C0016,2026-01-13,2026,January,3,Delivery,Wallet,1.4,0.04,1.36,13,0,13,Winter 2026
O202600095,C0070,2026-01-13,2026,January,3,Delivery,Wallet,1.31,0,1.31,13,0,216,Winter 2026
O202600096,C0029,2026-01-13,2026,January,3,Pickup,Cash,4.97,0,4.97,49,0,49,Winter 2026
O202600097,C0139,2026-01-13,2026,January,3,Delivery,Wallet,2.5,0,2.5,25,0,45,Winter 2026
O202600098,C0100,2026-01-13,2026,January,3,Pickup,Card,5.49,0.16,5.33,53,0,126,Winter 2026
O202600099,C0067,2026-01-13,2026,January,3,In-store,Card,0.8,0.02,0.78,7,0,26,Winter 2026
O202600100,C0011,2026-01-13,2026,January,3,In-store,Wallet,3.95,0,3.95,39,0,39,Winter 2026
O202600101,C0040,2026-01-14,2026,January,3,Pickup,Cash,5.8,0,5.8,58,0,58,Winter 2026
O202600102,C0094,2026-01-14,2026,January,3,Pickup,Cash,0.65,0,0.65,6,0,6,Winter 2026
O202600103,C0003,2026-01-14,2026,January,3,Pickup,Cash,7.23,0,7.23,72,0,72,Winter 2026
O202600104,C0001,2026-01-15,2026,January,3,Pickup,Wallet,1.68,0.05,1.63,16,0,16,Winter 2026
O202600105,C0084,2026-01-15,2026,January,3,Pickup,Card,4.97,0,4.97,49,0,49,Winter 2026
O202600106,C0128,2026-01-15,2026,January,3,Delivery,Card,5.35,0,5.35,53,0,57,Winter 2026
O202600107,C0137,2026-01-15,2026,January,3,In-store,Card,3.3,0.1,3.2,32,0,78,Winter 2026
O202600108,C0112,2026-01-16,2026,January,3,Delivery,Cash,3.4,0,3.4,34,0,65,Winter 2026
O202600109,C0054,2026-01-16,2026,January,3,In-store,Wallet,2.75,0,2.75,27,0,27,Winter 2026
O202600110,C0048,2026-01-16,2026,January,3,Delivery,Wallet,5.49,0,5.49,54,0,234,Winter 2026
O202600111,C0004,2026-01-16,2026,January,3,Pickup,Cash,2.36,0,2.36,23,0,23,Winter 2026
O202600112,C0074,2026-01-16,2026,January,3,In-store,Card,2.1,0.06,2.04,20,0,20,Winter 2026
O202600113,C0077,2026-01-16,2026,January,3,Delivery,Card,0.35,0,0.35,3,0,3,Winter 2026
O202600114,C0050,2026-01-16,2026,January,3,Delivery,Wallet,3.34,0,3.34,33,0,33,Winter 2026
O202600115,C0113,2026-01-16,2026,January,3,In-store,Card,2.96,0,2.96,29,0,29,Winter 2026
O202600116,C0060,2026-01-17,2026,January,3,In-store,Wallet,1.68,0.05,1.63,16,0,103,Winter 2026
O202600117,C0065,2026-01-17,2026,January,3,Delivery,Cash,3.22,0,3.22,32,0,52,Winter 2026
O202600118,C0029,2026-01-17,2026,January,3,Delivery,Card,2.2,0,2.2,22,0,71,Winter 2026
O202600119,C0047,2026-01-17,2026,January,3,In-store,Wallet,0.65,0.02,0.63,6,0,15,Winter 2026
O202600120,C0141,2026-01-17,2026,January,3,In-store,Card,7.49,0,7.49,74,0,74,Winter 2026
O202600121,C0064,2026-01-17,2026,January,3,In-store,Cash,6.64,0,6.64,66,0,66,Winter 2026
O202600122,C0015,2026-01-17,2026,January,3,In-store,Cash,1.17,0,1.17,11,0,11,Winter 2026
O202600123,C0077,2026-01-17,2026,January,3,Pickup,Card,1.68,0.05,1.63,16,0,19,Winter 2026
O202600124,C0130,2026-01-17,2026,January,3,In-store,Wallet,0.49,0,0.49,4,0,28,Winter 2026
O202600125,C0023,2026-01-17,2026,January,3,In-store,Card,7.4,0,7.4,74,0,74,Winter 2026
O202600126,C0100,2026-01-17,2026,January,3,In-store,Card,3.59,0,3.59,35,0,161,Winter 2026
O202600127,C0063,2026-01-17,2026,January,3,Delivery,Card,1.7,0,1.7,17,0,17,Winter 2026
O202600128,C0075,2026-01-17,2026,January,3,Delivery,Card,13.72,0,13.72,137,0,137,Winter 2026
O202600129,C0128,2026-01-17,2026,January,3,Delivery,Cash,12.67,0,12.67,126,0,183,Winter 2026
O202600130,C0013,2026-01-17,2026,January,3,Pickup,Cash,1.8,0,1.8,18,0,18,Winter 2026
O202600131,C0070,2026-01-17,2026,January,3,Delivery,Cash,4.82,0,4.82,48,0,264,Winter 2026
O202600132,C0119,2026-01-17,2026,January,3,Delivery,Cash,15.04,0,15.04,150,0,339,Winter 2026
O202600133,C0057,2026-01-17,2026,January,3,In-store,Cash,3.69,0.11,3.58,35,0,35,Winter 2026
O202600134,C0147,2026-01-18,2026,January,4,Delivery,Card,0.9,0.03,0.87,8,0,8,Winter 2026
O202600135,C0147,2026-01-18,2026,January,4,Delivery,Card,2.6,0,2.6,26,0,34,Winter 2026
O202600136,C0107,2026-01-18,2026,January,4,Pickup,Card,2.89,0.09,2.8,28,0,28,Winter 2026
O202600137,C0125,2026-01-18,2026,January,4,Pickup,Cash,4.99,0,4.99,49,0,65,Winter 2026
O202600138,C0123,2026-01-18,2026,January,4,Delivery,Card,2.85,0,2.85,28,0,28,Winter 2026
O202600139,C0011,2026-01-18,2026,January,4,In-store,Card,1.62,0,1.62,16,0,55,Winter 2026
O202600140,C0138,2026-01-18,2026,January,4,In-store,Card,0.9,0,0.9,9,0,91,Winter 2026
O202600141,C0055,2026-01-18,2026,January,4,In-store,Card,2.26,0,2.26,22,0,22,Winter 2026
O202600142,C0142,2026-01-18,2026,January,4,Pickup,Card,1.75,0,1.75,17,0,17,Winter 2026
O202600143,C0064,2026-01-18,2026,January,4,Delivery,Cash,1,0,1,10,0,76,Winter 2026
O202600144,C0005,2026-01-18,2026,January,4,In-store,Card,1.45,0.04,1.41,14,0,14,Winter 2026
O202600145,C0138,2026-01-19,2026,January,4,In-store,Wallet,7.09,0,7.09,70,0,161,Winter 2026
O202600146,C0004,2026-01-19,2026,January,4,Pickup,Card,0.6,0,0.6,6,0,29,Winter 2026
O202600147,C0094,2026-01-19,2026,January,4,Delivery,Card,4.56,0,4.56,45,0,51,Winter 2026
O202600148,C0072,2026-01-19,2026,January,4,In-store,Card,10.03,0,10.03,100,0,100,Winter 2026
O202600149,C0035,2026-01-19,2026,January,4,Pickup,Card,8.31,0.25,8.06,80,0,80,Winter 2026
O202600150,C0067,2026-01-19,2026,January,4,Delivery,Cash,0.25,0.01,0.24,2,0,28,Winter 2026
O202600151,C0028,2026-01-19,2026,January,4,Pickup,Wallet,5.78,0.17,5.61,56,0,63,Winter 2026
O202600152,C0003,2026-01-19,2026,January,4,Pickup,Card,1.05,0,1.05,10,0,82,Winter 2026
O202600153,C0076,2026-01-20,2026,January,4,Pickup,Card,3.22,0,3.22,32,0,48,Winter 2026
O202600154,C0112,2026-01-20,2026,January,4,Delivery,Cash,1.85,0,1.85,18,0,83,Winter 2026
O202600155,C0091,2026-01-20,2026,January,4,Delivery,Cash,3.22,0,3.22,32,0,32,Winter 2026
O202600156,C0048,2026-01-20,2026,January,4,In-store,Card,12.54,0,12.54,125,0,359,Winter 2026
O202600157,C0142,2026-01-20,2026,January,4,Pickup,Cash,16.47,0,16.47,164,0,181,Winter 2026
O202600158,C0074,2026-01-20,2026,January,4,Delivery,Cash,2.98,0,2.98,29,0,49,Winter 2026
O202600159,C0140,2026-01-20,2026,January,4,Delivery,Wallet,4.01,0,4.01,40,0,73,Winter 2026
O202600160,C0016,2026-01-20,2026,January,4,In-store,Card,2.09,0,2.09,20,0,33,Winter 2026
O202600161,C0019,2026-01-20,2026,January,4,Pickup,Cash,5.1,0,5.1,51,0,66,Winter 2026
O202600162,C0018,2026-01-21,2026,January,4,Delivery,Cash,6.23,0,6.23,62,0,99,Winter 2026
O202600163,C0084,2026-01-21,2026,January,4,In-store,Wallet,19.47,0,19.47,194,0,243,Winter 2026
O202600164,C0085,2026-01-21,2026,January,4,In-store,Card,2.25,0,2.25,22,0,86,Winter 2026
O202600165,C0148,2026-01-21,2026,January,4,In-store,Card,3.4,0,3.4,34,0,67,Winter 2026
O202600166,C0033,2026-01-21,2026,January,4,In-store,Cash,6.55,0,6.55,65,0,135,Winter 2026
O202600167,C0021,2026-01-21,2026,January,4,In-store,Cash,3.25,0,3.25,32,0,42,Winter 2026
O202600168,C0112,2026-01-21,2026,January,4,In-store,Card,5.8,0,5.8,58,0,141,Winter 2026
O202600169,C0054,2026-01-21,2026,January,4,In-store,Cash,2.58,0,2.58,25,0,52,Winter 2026
O202600170,C0116,2026-01-21,2026,January,4,Pickup,Cash,2.06,0,2.06,20,0,66,Winter 2026
O202600171,C0063,2026-01-21,2026,January,4,Pickup,Card,8.28,0,8.28,82,0,99,Winter 2026
O202600172,C0016,2026-01-21,2026,January,4,Delivery,Cash,1.17,0,1.17,11,0,44,Winter 2026
O202600173,C0086,2026-01-21,2026,January,4,Delivery,Card,3.89,0,3.89,38,0,66,Winter 2026
O202600174,C0042,2026-01-22,2026,January,4,In-store,Cash,8.17,0,8.17,81,0,81,Winter 2026
O202600175,C0076,2026-01-22,2026,January,4,Delivery,Card,1.99,0.06,1.93,19,0,67,Winter 2026
O202600176,C0060,2026-01-22,2026,January,4,Pickup,Cash,2.9,0,2.9,29,0,132,Winter 2026
O202600177,C0070,2026-01-22,2026,January,4,Pickup,Card,1.5,0.04,1.46,14,0,278,Winter 2026
O202600178,C0001,2026-01-22,2026,January,4,Delivery,Wallet,5.48,0.16,5.32,53,0,69,Winter 2026
O202600179,C0139,2026-01-23,2026,January,4,Pickup,Card,14.3,0,14.3,143,0,188,Winter 2026
O202600180,C0052,2026-01-23,2026,January,4,In-store,Cash,10.14,0,10.14,101,0,132,Winter 2026
O202600181,C0038,2026-01-23,2026,January,4,Pickup,Cash,21.67,0,21.67,216,0,283,Winter 2026
O202600182,C0051,2026-01-23,2026,January,4,Delivery,Cash,2.09,0.06,2.03,20,0,20,Winter 2026
O202600183,C0122,2026-01-23,2026,January,4,Pickup,Card,1.54,0,1.54,15,0,15,Winter 2026
O202600184,C0067,2026-01-23,2026,January,4,Pickup,Card,4.1,0,4.1,41,0,69,Winter 2026
O202600185,C0111,2026-01-23,2026,January,4,Pickup,Cash,2.5,0,2.5,25,0,25,Winter 2026
O202600186,C0057,2026-01-24,2026,January,4,In-store,Cash,14.53,0,14.53,145,0,180,Winter 2026
O202600187,C0008,2026-01-24,2026,January,4,Delivery,Card,10.09,0,10.09,100,0,100,Winter 2026
O202600188,C0131,2026-01-24,2026,January,4,In-store,Card,0.9,0,0.9,9,0,29,Winter 2026
O202600189,C0100,2026-01-24,2026,January,4,Pickup,Cash,1.99,0,1.99,19,0,180,Winter 2026
O202600190,C0062,2026-01-24,2026,January,4,Delivery,Card,1.85,0,1.85,18,0,18,Winter 2026
O202600191,C0102,2026-01-24,2026,January,4,Pickup,Card,1.95,0,1.95,19,0,39,Winter 2026
O202600192,C0029,2026-01-24,2026,January,4,In-store,Card,5.5,0,5.5,55,0,126,Winter 2026
O202600193,C0083,2026-01-24,2026,January,4,Pickup,Cash,19.68,0,19.68,196,0,196,Winter 2026
O202600194,C0046,2026-01-24,2026,January,4,In-store,Cash,0.6,0,0.6,6,0,6,Winter 2026
O202600195,C0105,2026-01-24,2026,January,4,In-store,Cash,17.62,0,17.62,176,0,176,Winter 2026
O202600196,C0022,2026-01-24,2026,January,4,Pickup,Card,3.85,0,3.85,38,0,117,Winter 2026
O202600197,C0053,2026-01-24,2026,January,4,Delivery,Card,1.68,0,1.68,16,0,57,Winter 2026
O202600198,C0147,2026-01-24,2026,January,4,Delivery,Cash,0.9,0,0.9,9,0,43,Winter 2026
O202600199,C0090,2026-01-25,2026,January,5,Delivery,Card,2.29,0,2.29,22,0,22,Winter 2026
O202600200,C0142,2026-01-25,2026,January,5,Delivery,Wallet,0.49,0,0.49,4,0,185,Winter 2026
O202600201,C0077,2026-01-25,2026,January,5,Delivery,Cash,2.35,0,2.35,23,0,42,Winter 2026
O202600202,C0080,2026-01-25,2026,January,5,Delivery,Card,1.05,0.03,1.02,10,0,103,Winter 2026
O202600203,C0141,2026-01-25,2026,January,5,In-store,Card,6.49,0,6.49,64,0,138,Winter 2026
O202600204,C0125,2026-01-25,2026,January,5,Delivery,Cash,2.09,0,2.09,20,0,85,Winter 2026
O202600205,C0075,2026-01-25,2026,January,5,Delivery,Wallet,5.4,0,5.4,54,0,191,Winter 2026
O202600206,C0124,2026-01-25,2026,January,5,In-store,Wallet,2.09,0,2.09,20,0,48,Winter 2026
O202600207,C0146,2026-01-25,2026,January,5,In-store,Cash,2.2,0,2.2,22,0,32,Winter 2026
O202600208,C0036,2026-01-25,2026,January,5,Pickup,Card,0.8,0,0.8,8,0,30,Winter 2026
O202600209,C0106,2026-01-25,2026,January,5,Pickup,Card,4.39,0,4.39,43,0,105,Winter 2026
O202600210,C0108,2026-01-26,2026,January,5,Delivery,Cash,2.42,0.07,2.35,23,0,23,Winter 2026
O202600211,C0044,2026-01-26,2026,January,5,Pickup,Cash,2.39,0,2.39,23,0,23,Winter 2026
O202600212,C0010,2026-01-26,2026,January,5,Delivery,Card,3.09,0,3.09,30,0,30,Winter 2026
O202600213,C0065,2026-01-26,2026,January,5,Delivery,Cash,3.07,0,3.07,30,0,82,Winter 2026
O202600214,C0090,2026-01-26,2026,January,5,Pickup,Card,3.97,0,3.97,39,0,61,Winter 2026
O202600215,C0117,2026-01-26,2026,January,5,Delivery,Card,3.33,0,3.33,33,0,98,Winter 2026
O202600216,C0076,2026-01-26,2026,January,5,Pickup,Card,1.49,0,1.49,14,0,81,Winter 2026
O202600217,C0088,2026-01-26,2026,January,5,Delivery,Wallet,2.09,0,2.09,20,0,20,Winter 2026
O202600218,C0046,2026-01-26,2026,January,5,Delivery,Card,21.14,0,21.14,211,0,217,Winter 2026
O202600219,C0087,2026-01-27,2026,January,5,In-store,Card,1.8,0,1.8,18,0,18,Winter 2026
O202600220,C0147,2026-01-27,2026,January,5,In-store,Wallet,0.6,0,0.6,6,0,49,Winter 2026
O202600221,C0030,2026-01-27,2026,January,5,In-store,Cash,14.4,0,14.4,144,0,144,Winter 2026
O202600222,C0080,2026-01-27,2026,January,5,In-store,Cash,6.35,0,6.35,63,0,166,Winter 2026
O202600223,C0088,2026-01-27,2026,January,5,In-store,Card,3.28,0,3.28,32,0,52,Winter 2026
O202600224,C0141,2026-01-27,2026,January,5,Delivery,Cash,1.65,0,1.65,16,0,154,Winter 2026
O202600225,C0039,2026-01-27,2026,January,5,Pickup,Card,5.62,0,5.62,56,0,56,Winter 2026
O202600226,C0048,2026-01-27,2026,January,5,In-store,Cash,1.7,0,1.7,17,0,376,Winter 2026
O202600227,C0067,2026-01-27,2026,January,5,Pickup,Card,4.99,0,4.99,49,0,118,Winter 2026
O202600228,C0033,2026-01-28,2026,January,5,In-store,Cash,3.8,0,3.8,38,0,173,Winter 2026
O202600229,C0036,2026-01-28,2026,January,5,Delivery,Card,3.85,0,3.85,38,0,68,Winter 2026
O202600230,C0047,2026-01-28,2026,January,5,Delivery,Card,5.28,0.16,5.12,51,0,66,Winter 2026
O202600231,C0039,2026-01-28,2026,January,5,Pickup,Cash,2.1,0,2.1,21,0,77,Winter 2026
O202600232,C0044,2026-01-28,2026,January,5,In-store,Card,9.98,0.3,9.68,96,0,119,Winter 2026
O202600233,C0104,2026-01-28,2026,January,5,In-store,Card,3.1,0,3.1,31,0,137,Winter 2026
O202600234,C0092,2026-01-28,2026,January,5,Delivery,Card,1.61,0,1.61,16,0,16,Winter 2026
O202600235,C0035,2026-01-28,2026,January,5,In-store,Cash,9.39,0,9.39,93,0,173,Winter 2026
O202600236,C0134,2026-01-28,2026,January,5,In-store,Cash,5.25,0,5.25,52,0,52,Winter 2026
O202600237,C0048,2026-01-29,2026,January,5,Delivery,Wallet,9.58,0,9.58,95,0,471,Winter 2026
O202600238,C0059,2026-01-29,2026,January,5,In-store,Card,0.98,0,0.98,9,0,9,Winter 2026
O202600239,C0097,2026-01-29,2026,January,5,Delivery,Card,0.6,0,0.6,6,0,6,Winter 2026
O202600240,C0134,2026-01-29,2026,January,5,Pickup,Cash,1,0,1,10,0,62,Winter 2026
O202600241,C0116,2026-01-29,2026,January,5,In-store,Cash,4.18,0,4.18,41,0,107,Winter 2026
O202600242,C0002,2026-01-29,2026,January,5,Delivery,Card,0.75,0,0.75,7,0,7,Winter 2026
O202600243,C0015,2026-01-29,2026,January,5,Pickup,Wallet,2.44,0,2.44,24,0,35,Winter 2026
O202600244,C0114,2026-01-29,2026,January,5,Delivery,Cash,2.09,0.06,2.03,20,0,169,Winter 2026
O202600245,C0106,2026-01-29,2026,January,5,In-store,Cash,2.08,0,2.08,20,0,125,Winter 2026
O202600246,C0071,2026-01-29,2026,January,5,In-store,Card,3.44,0,3.44,34,0,142,Winter 2026
O202600247,C0003,2026-01-29,2026,January,5,In-store,Cash,8.35,0,8.35,83,0,165,Winter 2026
O202600248,C0065,2026-01-30,2026,January,5,In-store,Card,1.99,0,1.99,19,0,101,Winter 2026
O202600249,C0098,2026-01-30,2026,January,5,Pickup,Card,1.9,0,1.9,19,0,19,Winter 2026
O202600250,C0105,2026-01-30,2026,January,5,Delivery,Card,2.2,0,2.2,22,0,198,Winter 2026
O202600251,C0005,2026-01-30,2026,January,5,Delivery,Cash,4.97,0.15,4.82,48,0,62,Winter 2026
O202600252,C0112,2026-01-30,2026,January,5,Pickup,Wallet,1.47,0,1.47,14,0,155,Winter 2026
O202600253,C0058,2026-01-30,2026,January,5,In-store,Wallet,2.89,0,2.89,28,0,28,Winter 2026
O202600254,C0139,2026-01-31,2026,January,5,In-store,Cash,19.05,0,19.05,190,0,378,Winter 2026
O202600255,C0101,2026-01-31,2026,January,5,In-store,Card,7,0,7,70,0,124,Winter 2026
O202600256,C0078,2026-01-31,2026,January,5,Delivery,Card,4.97,0,4.97,49,0,49,Winter 2026
O202600257,C0032,2026-01-31,2026,January,5,Delivery,Card,12.88,0,12.88,128,0,156,Winter 2026
O202600258,C0129,2026-01-31,2026,January,5,Delivery,Card,1.35,0,1.35,13,0,13,Winter 2026
O202600259,C0045,2026-01-31,2026,January,5,In-store,Cash,3.1,0,3.1,31,0,31,Winter 2026
O202600260,C0110,2026-01-31,2026,January,5,Pickup,Card,1.68,0,1.68,16,0,16,Winter 2026
O202600261,C0137,2026-01-31,2026,January,5,Pickup,Card,3.69,0.11,3.58,35,0,113,Winter 2026
O202600262,C0115,2026-01-31,2026,January,5,In-store,Wallet,5.49,0.16,5.33,53,0,91,Winter 2026
O202600263,C0077,2026-02-01,2026,February,6,In-store,Card,1.35,0,1.35,13,0,55,Winter 2026
O202600264,C0057,2026-02-01,2026,February,6,Pickup,Wallet,1.68,0,1.68,16,0,196,Winter 2026
O202600265,C0130,2026-02-01,2026,February,6,Delivery,Card,11.66,0,11.66,116,0,144,Winter 2026
O202600266,C0098,2026-02-01,2026,February,6,In-store,Cash,4.97,0.15,4.82,48,0,67,Winter 2026
O202600267,C0087,2026-02-01,2026,February,6,In-store,Cash,3.45,0.1,3.35,33,0,51,Winter 2026
O202600268,C0139,2026-02-01,2026,February,6,In-store,Cash,2.31,0,2.31,23,0,401,Winter 2026
O202600269,C0039,2026-02-01,2026,February,6,In-store,Card,2.09,0.06,2.03,20,0,97,Winter 2026
O202600270,C0033,2026-02-01,2026,February,6,Delivery,Card,1.62,0.05,1.57,15,0,188,Winter 2026
O202600271,C0108,2026-02-01,2026,February,6,Delivery,Cash,6.99,0,6.99,69,0,92,Winter 2026
O202600272,C0053,2026-02-01,2026,February,6,Pickup,Cash,0.77,0,0.77,7,0,64,Winter 2026
O202600273,C0038,2026-02-01,2026,February,6,Delivery,Card,0.65,0,0.65,6,0,289,Winter 2026
O202600274,C0021,2026-02-01,2026,February,6,Delivery,Card,1.54,0,1.54,15,0,57,Winter 2026
O202600275,C0066,2026-02-02,2026,February,6,In-store,Cash,9.56,0,9.56,95,0,95,Winter 2026
O202600276,C0133,2026-02-02,2026,February,6,Delivery,Card,2.7,0,2.7,27,0,239,Winter 2026
O202600277,C0093,2026-02-02,2026,February,6,In-store,Card,3.1,0,3.1,31,0,31,Winter 2026
O202600278,C0141,2026-02-02,2026,February,6,Pickup,Card,1.68,0,1.68,16,0,170,Winter 2026
O202600279,C0004,2026-02-02,2026,February,6,In-store,Cash,1.85,0,1.85,18,0,47,Winter 2026
O202600280,C0138,2026-02-02,2026,February,6,Delivery,Cash,4.25,0,4.25,42,0,203,Winter 2026
O202600281,C0035,2026-02-02,2026,February,6,In-store,Cash,5.15,0,5.15,51,0,224,Winter 2026
O202600282,C0002,2026-02-02,2026,February,6,In-store,Card,1.89,0,1.89,18,0,25,Winter 2026
O202600283,C0108,2026-02-02,2026,February,6,Pickup,Cash,12.6,0,12.6,126,0,218,Winter 2026
O202600284,C0067,2026-02-02,2026,February,6,Pickup,Wallet,3.35,0.1,3.25,32,0,150,Winter 2026
O202600285,C0035,2026-02-02,2026,February,6,Delivery,Card,1.25,0,1.25,12,0,236,Winter 2026
O202600286,C0031,2026-02-03,2026,February,6,Delivery,Cash,1.75,0.05,1.7,17,0,17,Winter 2026
O202600287,C0001,2026-02-03,2026,February,6,In-store,Card,4.97,0,4.97,49,0,118,Winter 2026
O202600288,C0031,2026-02-03,2026,February,6,Pickup,Cash,1.04,0,1.04,10,0,27,Winter 2026
O202600289,C0055,2026-02-03,2026,February,6,Pickup,Card,1.95,0,1.95,19,0,41,Winter 2026
O202600290,C0056,2026-02-03,2026,February,6,Pickup,Card,9.26,0,9.26,92,0,249,Winter 2026
O202600291,C0061,2026-02-03,2026,February,6,In-store,Cash,16.25,0,16.25,162,0,162,Winter 2026
O202600292,C0087,2026-02-03,2026,February,6,Delivery,Card,4.97,0,4.97,49,0,100,Winter 2026
O202600293,C0132,2026-02-03,2026,February,6,Delivery,Wallet,4.83,0,4.83,48,0,85,Winter 2026
O202600294,C0110,2026-02-03,2026,February,6,Delivery,Cash,4.5,0,4.5,45,0,61,Winter 2026
O202600295,C0030,2026-02-03,2026,February,6,Delivery,Card,2.25,0,2.25,22,0,166,Winter 2026
O202600296,C0098,2026-02-03,2026,February,6,In-store,Card,1.54,0,1.54,15,0,82,Winter 2026
O202600297,C0084,2026-02-04,2026,February,6,Pickup,Cash,1.13,0,1.13,11,0,254,Winter 2026
O202600298,C0110,2026-02-04,2026,February,6,In-store,Cash,6.6,0,6.6,66,0,127,Winter 2026
O202600299,C0129,2026-02-04,2026,February,6,Delivery,Cash,1.03,0.03,1,10,0,23,Winter 2026
O202600300,C0057,2026-02-04,2026,February,6,In-store,Cash,13.08,0.39,12.69,126,0,322,Winter 2026
O202600301,C0048,2026-02-04,2026,February,6,Pickup,Card,1.27,0,1.27,12,0,483,Winter 2026
O202600302,C0060,2026-02-04,2026,February,6,Delivery,Cash,2.09,0,2.09,20,0,152,Winter 2026
O202600303,C0148,2026-02-04,2026,February,6,In-store,Card,13.72,0,13.72,137,0,204,Winter 2026
O202600304,C0096,2026-02-04,2026,February,6,Delivery,Card,0.55,0,0.55,5,0,251,Winter 2026
O202600305,C0065,2026-02-04,2026,February,6,Pickup,Card,8.96,0,8.96,89,0,190,Winter 2026
O202600306,C0078,2026-02-05,2026,February,6,Delivery,Cash,7.06,0,7.06,70,0,119,Winter 2026
O202600307,C0078,2026-02-05,2026,February,6,In-store,Cash,0.35,0.01,0.34,3,0,122,Winter 2026
O202600308,C0134,2026-02-05,2026,February,6,Delivery,Card,6.31,0.19,6.12,61,0,123,Winter 2026
O202600309,C0073,2026-02-05,2026,February,6,Pickup,Wallet,0.49,0,0.49,4,0,30,Winter 2026
O202600310,C0150,2026-02-05,2026,February,6,Pickup,Cash,3.16,0,3.16,31,0,31,Winter 2026
O202600311,C0091,2026-02-05,2026,February,6,Pickup,Cash,3,0,3,30,0,62,Winter 2026
O202600312,C0042,2026-02-05,2026,February,6,In-store,Card,6.26,0,6.26,62,0,143,Winter 2026
O202600313,C0092,2026-02-05,2026,February,6,In-store,Wallet,4.1,0,4.1,41,0,57,Winter 2026
O202600314,C0094,2026-02-05,2026,February,6,Pickup,Card,2.45,0,2.45,24,0,75,Winter 2026
O202600315,C0041,2026-02-05,2026,February,6,Delivery,Card,25.98,0,25.98,259,0,300,Winter 2026
O202600316,C0146,2026-02-06,2026,February,6,Delivery,Card,17.42,0,17.42,174,0,206,Winter 2026
O202600317,C0059,2026-02-06,2026,February,6,In-store,Cash,5.34,0,5.34,53,0,62,Winter 2026
O202600318,C0119,2026-02-06,2026,February,6,Pickup,Cash,1.75,0.05,1.7,17,0,356,Winter 2026
O202600319,C0066,2026-02-06,2026,February,6,Delivery,Cash,3.79,0,3.79,37,0,132,Winter 2026
O202600320,C0058,2026-02-06,2026,February,6,Delivery,Cash,3.25,0,3.25,32,0,60,Winter 2026
O202600321,C0082,2026-02-06,2026,February,6,In-store,Cash,17,0,17,170,0,170,Winter 2026
O202600322,C0125,2026-02-06,2026,February,6,Pickup,Cash,16.82,0,16.82,168,0,253,Winter 2026
O202600323,C0010,2026-02-06,2026,February,6,Delivery,Card,0.85,0,0.85,8,0,38,Winter 2026
O202600324,C0091,2026-02-07,2026,February,6,Delivery,Card,9.88,0,9.88,98,0,160,Winter 2026
O202600325,C0025,2026-02-07,2026,February,6,Delivery,Card,6.48,0,6.48,64,0,64,Winter 2026
O202600326,C0046,2026-02-07,2026,February,6,In-store,Cash,1.6,0,1.6,16,0,233,Winter 2026
O202600327,C0031,2026-02-07,2026,February,6,Delivery,Cash,3.15,0.09,3.06,30,0,57,Winter 2026
O202600328,C0098,2026-02-07,2026,February,6,Delivery,Card,12.56,0,12.56,125,0,207,Winter 2026
O202600329,C0088,2026-02-07,2026,February,6,Delivery,Cash,0.8,0,0.8,8,0,60,Winter 2026
O202600330,C0115,2026-02-07,2026,February,6,In-store,Cash,6.74,0,6.74,67,0,158,Winter 2026
O202600331,C0123,2026-02-07,2026,February,6,Delivery,Cash,18.95,0,18.95,189,0,217,Winter 2026
O202600332,C0130,2026-02-07,2026,February,6,Pickup,Card,1.9,0,1.9,19,0,163,Winter 2026
O202600333,C0076,2026-02-07,2026,February,6,In-store,Card,2.65,0,2.65,26,0,107,Winter 2026
O202600334,C0053,2026-02-07,2026,February,6,Pickup,Card,5.59,0,5.59,55,0,119,Winter 2026
O202600335,C0012,2026-02-07,2026,February,6,Delivery,Card,1.75,0.05,1.7,17,0,52,Winter 2026
O202600336,C0034,2026-02-07,2026,February,6,Pickup,Cash,1.8,0.05,1.75,17,0,17,Winter 2026
O202600337,C0073,2026-02-07,2026,February,6,Delivery,Card,15.06,0,15.06,150,0,180,Winter 2026
O202600338,C0118,2026-02-07,2026,February,6,In-store,Cash,5.49,0,5.49,54,0,150,Winter 2026
O202600339,C0148,2026-02-07,2026,February,6,In-store,Card,5.49,0,5.49,54,0,258,Winter 2026
O202600340,C0051,2026-02-07,2026,February,6,In-store,Wallet,0.49,0,0.49,4,0,24,Winter 2026
O202600341,C0109,2026-02-08,2026,February,7,In-store,Card,10.04,0,10.04,100,0,217,Winter 2026
O202600342,C0081,2026-02-08,2026,February,7,Delivery,Card,2.09,0,2.09,20,0,20,Winter 2026
O202600343,C0059,2026-02-08,2026,February,7,Pickup,Card,4.89,0,4.89,48,0,110,Winter 2026
O202600344,C0114,2026-02-08,2026,February,7,In-store,Wallet,2.1,0,2.1,21,0,190,Winter 2026
O202600345,C0041,2026-02-08,2026,February,7,Pickup,Card,3.5,0,3.5,35,0,335,Winter 2026
O202600346,C0137,2026-02-08,2026,February,7,In-store,Card,4.23,0.13,4.1,41,0,154,Winter 2026
O202600347,C0027,2026-02-08,2026,February,7,Pickup,Cash,9.96,0,9.96,99,0,99,Winter 2026
O202600348,C0032,2026-02-08,2026,February,7,In-store,Card,1.75,0,1.75,17,0,173,Winter 2026
O202600349,C0133,2026-02-08,2026,February,7,Delivery,Wallet,1.49,0,1.49,14,0,253,Winter 2026
O202600350,C0007,2026-02-08,2026,February,7,Pickup,Cash,1.9,0,1.9,19,0,43,Winter 2026
O202600351,C0118,2026-02-08,2026,February,7,Delivery,Cash,1,0,1,10,0,160,Winter 2026
O202600352,C0134,2026-02-08,2026,February,7,Delivery,Card,4.13,0,4.13,41,0,164,Winter 2026
O202600353,C0102,2026-02-08,2026,February,7,Pickup,Card,2.29,0,2.29,22,0,61,Winter 2026
O202600354,C0127,2026-02-09,2026,February,7,Delivery,Cash,5.3,0,5.3,53,0,53,Winter 2026
O202600355,C0138,2026-02-09,2026,February,7,Delivery,Cash,3,0,3,30,0,233,Winter 2026
O202600356,C0035,2026-02-09,2026,February,7,In-store,Cash,4.25,0,4.25,42,0,278,Winter 2026
O202600357,C0052,2026-02-09,2026,February,7,Pickup,Cash,3.93,0,3.93,39,0,171,Winter 2026
O202600358,C0140,2026-02-09,2026,February,7,Pickup,Cash,1.03,0,1.03,10,0,83,Winter 2026
O202600359,C0072,2026-02-09,2026,February,7,Pickup,Card,1.68,0,1.68,16,0,116,Winter 2026
O202600360,C0053,2026-02-09,2026,February,7,In-store,Card,0.35,0,0.35,3,0,122,Winter 2026
O202600361,C0057,2026-02-09,2026,February,7,Pickup,Cash,5.01,0.15,4.86,48,0,370,Winter 2026
O202600362,C0060,2026-02-09,2026,February,7,Pickup,Wallet,5.18,0,5.18,51,0,203,Winter 2026
O202600363,C0135,2026-02-09,2026,February,7,In-store,Cash,1.5,0,1.5,15,0,31,Winter 2026
O202600364,C0019,2026-02-10,2026,February,7,Pickup,Card,0.65,0.02,0.63,6,0,72,Winter 2026
O202600365,C0060,2026-02-10,2026,February,7,Delivery,Card,0.49,0.01,0.48,4,0,207,Winter 2026
O202600366,C0011,2026-02-10,2026,February,7,In-store,Cash,11.33,0,11.33,113,0,168,Winter 2026
O202600367,C0004,2026-02-10,2026,February,7,Delivery,Cash,1.6,0,1.6,16,0,63,Winter 2026
O202600368,C0031,2026-02-10,2026,February,7,Delivery,Card,3.7,0,3.7,37,0,94,Winter 2026
O202600369,C0060,2026-02-10,2026,February,7,In-store,Card,11.18,0.34,10.84,108,0,315,Winter 2026
O202600370,C0050,2026-02-10,2026,February,7,In-store,Cash,1.94,0,1.94,19,0,52,Winter 2026
O202600371,C0079,2026-02-10,2026,February,7,Pickup,Card,11.95,0,11.95,119,0,119,Winter 2026
O202600372,C0031,2026-02-10,2026,February,7,Pickup,Cash,3.21,0,3.21,32,0,126,Winter 2026
O202600373,C0021,2026-02-10,2026,February,7,Delivery,Cash,4.26,0,4.26,42,0,99,Winter 2026
O202600374,C0107,2026-02-10,2026,February,7,Delivery,Card,2.14,0,2.14,21,0,49,Winter 2026
O202600375,C0110,2026-02-11,2026,February,7,In-store,Card,15.45,0,15.45,154,0,281,Winter 2026
O202600376,C0137,2026-02-11,2026,February,7,Delivery,Card,5.24,0,5.24,52,0,206,Winter 2026
O202600377,C0097,2026-02-11,2026,February,7,Delivery,Card,10.38,0,10.38,103,0,109,Winter 2026
O202600378,C0080,2026-02-11,2026,February,7,In-store,Card,1.03,0,1.03,10,0,176,Winter 2026
O202600379,C0051,2026-02-11,2026,February,7,Pickup,Cash,1.17,0,1.17,11,0,35,Winter 2026
O202600380,C0142,2026-02-11,2026,February,7,Delivery,Card,4.5,0,4.5,45,0,230,Winter 2026
O202600381,C0101,2026-02-11,2026,February,7,Delivery,Cash,10.84,0,10.84,108,0,232,Winter 2026
O202600382,C0124,2026-02-11,2026,February,7,Pickup,Wallet,21.25,0,21.25,212,0,260,Winter 2026
O202600383,C0066,2026-02-11,2026,February,7,In-store,Wallet,0.35,0,0.35,3,0,135,Winter 2026
O202600384,C0103,2026-02-12,2026,February,7,Pickup,Cash,0.35,0,0.35,3,0,20,Winter 2026
O202600385,C0133,2026-02-12,2026,February,7,Delivery,Card,3.65,0,3.65,36,0,289,Winter 2026
O202600386,C0001,2026-02-12,2026,February,7,Delivery,Cash,14.91,0,14.91,149,0,267,Winter 2026
O202600387,C0141,2026-02-12,2026,February,7,Pickup,Cash,1.68,0,1.68,16,0,186,Winter 2026
O202600388,C0008,2026-02-12,2026,February,7,Delivery,Cash,6.78,0,6.78,67,0,167,Winter 2026
O202600389,C0069,2026-02-12,2026,February,7,In-store,Card,1.72,0,1.72,17,0,32,Winter 2026
O202600390,C0129,2026-02-12,2026,February,7,In-store,Cash,1.31,0,1.31,13,0,36,Winter 2026
O202600391,C0117,2026-02-12,2026,February,7,Delivery,Wallet,3.5,0.1,3.4,34,0,132,Winter 2026
O202600392,C0094,2026-02-12,2026,February,7,In-store,Wallet,23.32,0,23.32,233,0,308,Winter 2026
O202600393,C0075,2026-02-12,2026,February,7,Delivery,Cash,5.49,0,5.49,54,0,245,Winter 2026
O202600394,C0076,2026-02-13,2026,February,7,Pickup,Cash,0.49,0,0.49,4,0,111,Winter 2026
O202600395,C0007,2026-02-13,2026,February,7,Pickup,Wallet,1,0,1,10,0,53,Winter 2026
O202600396,C0114,2026-02-13,2026,February,7,Delivery,Card,3.85,0,3.85,38,0,228,Winter 2026
O202600397,C0018,2026-02-13,2026,February,7,Delivery,Card,3.62,0,3.62,36,0,135,Winter 2026
O202600398,C0008,2026-02-13,2026,February,7,Delivery,Card,4.99,0,4.99,49,0,216,Winter 2026
O202600399,C0092,2026-02-14,2026,February,7,Pickup,Cash,1.31,0,1.31,13,0,70,Winter 2026
O202600400,C0119,2026-02-14,2026,February,7,Delivery,Card,11.18,0,11.18,111,0,467,Winter 2026
O202600401,C0060,2026-02-14,2026,February,7,Pickup,Card,2.8,0,2.8,28,0,343,Winter 2026
O202600402,C0002,2026-02-14,2026,February,7,Pickup,Card,0.9,0,0.9,9,0,34,Winter 2026
O202600403,C0020,2026-02-14,2026,February,7,Delivery,Cash,2.67,0,2.67,26,0,80,Winter 2026
O202600404,C0134,2026-02-14,2026,February,7,Delivery,Card,2.09,0,2.09,20,0,184,Winter 2026
O202600405,C0017,2026-02-14,2026,February,7,Pickup,Card,4.66,0,4.66,46,0,299,Winter 2026
O202600406,C0074,2026-02-14,2026,February,7,Delivery,Card,2.44,0,2.44,24,0,73,Winter 2026
O202600407,C0099,2026-02-14,2026,February,7,In-store,Cash,5.75,0,5.75,57,0,89,Winter 2026
O202600408,C0113,2026-02-14,2026,February,7,In-store,Wallet,1.4,0,1.4,14,0,43,Winter 2026
O202600409,C0045,2026-02-14,2026,February,7,In-store,Card,2.3,0,2.3,23,0,54,Winter 2026
O202600410,C0092,2026-02-14,2026,February,7,In-store,Card,0.35,0,0.35,3,0,73,Winter 2026
O202600411,C0132,2026-02-15,2026,February,8,Delivery,Card,2.08,0,2.08,20,0,105,Winter 2026
O202600412,C0052,2026-02-15,2026,February,8,Delivery,Cash,6.3,0,6.3,63,0,234,Winter 2026
O202600413,C0054,2026-02-15,2026,February,8,Pickup,Cash,3.37,0,3.37,33,0,85,Winter 2026
O202600414,C0131,2026-02-15,2026,February,8,Pickup,Wallet,6.16,0,6.16,61,0,90,Winter 2026
O202600415,C0118,2026-02-15,2026,February,8,Delivery,Cash,19.55,0,19.55,195,0,355,Winter 2026
O202600416,C0015,2026-02-15,2026,February,8,Pickup,Wallet,6.43,0,6.43,64,0,99,Winter 2026
O202600417,C0004,2026-02-15,2026,February,8,Pickup,Card,0.75,0,0.75,7,0,70,Winter 2026
O202600418,C0139,2026-02-15,2026,February,8,In-store,Cash,1.85,0,1.85,18,0,419,Winter 2026
O202600419,C0052,2026-02-15,2026,February,8,Pickup,Card,1.5,0,1.5,15,0,249,Winter 2026
O202600420,C0118,2026-02-15,2026,February,8,Delivery,Cash,5.7,0,5.7,57,0,412,Winter 2026
O202600421,C0139,2026-02-15,2026,February,8,Pickup,Card,1.68,0,1.68,16,0,435,Winter 2026
O202600422,C0121,2026-02-15,2026,February,8,Delivery,Cash,2.09,0,2.09,20,0,168,Winter 2026
O202600423,C0123,2026-02-15,2026,February,8,Delivery,Wallet,2.2,0,2.2,22,0,239,Winter 2026
O202600424,C0127,2026-02-16,2026,February,8,Pickup,Card,4.35,0.13,4.22,42,0,95,Winter 2026
O202600425,C0061,2026-02-16,2026,February,8,In-store,Card,2.2,0,2.2,22,0,184,Winter 2026
O202600426,C0021,2026-02-16,2026,February,8,Pickup,Cash,0.76,0,0.76,7,0,106,Winter 2026
O202600427,C0115,2026-02-16,2026,February,8,Pickup,Cash,1.65,0.05,1.6,16,0,174,Winter 2026
O202600428,C0089,2026-02-16,2026,February,8,Pickup,Cash,1.37,0,1.37,13,0,172,Winter 2026
O202600429,C0034,2026-02-16,2026,February,8,In-store,Cash,2.09,0,2.09,20,0,37,Winter 2026
O202600430,C0055,2026-02-16,2026,February,8,Delivery,Cash,3.57,0,3.57,35,0,76,Winter 2026
O202600431,C0030,2026-02-16,2026,February,8,In-store,Cash,2.29,0.07,2.22,22,0,188,Winter 2026
O202600432,C0051,2026-02-17,2026,February,8,Delivery,Wallet,1.62,0,1.62,16,0,51,Winter 2026
O202600433,C0077,2026-02-17,2026,February,8,Delivery,Cash,6.24,0,6.24,62,0,117,Winter 2026
O202600434,C0121,2026-02-17,2026,February,8,In-store,Card,6.6,0,6.6,66,0,234,Winter 2026
O202600435,C0049,2026-02-17,2026,February,8,Delivery,Cash,0.25,0,0.25,2,0,30,Winter 2026
O202600436,C0086,2026-02-17,2026,February,8,Delivery,Card,3.06,0,3.06,30,0,96,Winter 2026
O202600437,C0123,2026-02-17,2026,February,8,In-store,Cash,3.62,0,3.62,36,0,275,Winter 2026
O202600438,C0070,2026-02-17,2026,February,8,Delivery,Wallet,1.98,0.06,1.92,19,0,297,Winter 2026
O202600439,C0075,2026-02-17,2026,February,8,In-store,Cash,1.4,0,1.4,14,0,259,Winter 2026
O202600440,C0121,2026-02-18,2026,February,8,In-store,Cash,1.25,0,1.25,12,0,246,Ramadan 2026
O202600441,C0107,2026-02-18,2026,February,8,In-store,Card,3.37,0,3.37,33,0,82,Ramadan 2026
O202600442,C0027,2026-02-18,2026,February,8,Pickup,Cash,1.25,0,1.25,12,0,111,Ramadan 2026
O202600443,C0127,2026-02-18,2026,February,8,Pickup,Cash,0.75,0,0.75,7,0,102,Ramadan 2026
O202600444,C0143,2026-02-18,2026,February,8,Delivery,Card,5.69,0.17,5.52,55,0,55,Ramadan 2026
O202600445,C0083,2026-02-18,2026,February,8,In-store,Cash,8.5,0,8.5,85,0,281,Ramadan 2026
O202600446,C0146,2026-02-18,2026,February,8,Delivery,Cash,3.15,0,3.15,31,0,237,Ramadan 2026
O202600447,C0034,2026-02-18,2026,February,8,Pickup,Cash,1.75,0,1.75,17,0,54,Ramadan 2026
O202600448,C0059,2026-02-18,2026,February,8,In-store,Cash,12.91,0,12.91,129,0,239,Ramadan 2026
O202600449,C0043,2026-02-18,2026,February,8,Delivery,Cash,2.86,0,2.86,28,0,28,Ramadan 2026
O202600450,C0032,2026-02-18,2026,February,8,Delivery,Wallet,4.39,0.13,4.26,42,0,215,Ramadan 2026
O202600451,C0054,2026-02-18,2026,February,8,In-store,Wallet,1.62,0,1.62,16,0,101,Ramadan 2026
O202600452,C0073,2026-02-18,2026,February,8,In-store,Cash,0.6,0,0.6,6,0,186,Ramadan 2026
O202600453,C0108,2026-02-18,2026,February,8,Delivery,Wallet,4.9,0,4.9,49,0,267,Ramadan 2026
O202600454,C0070,2026-02-18,2026,February,8,Delivery,Card,2.4,0,2.4,24,0,321,Ramadan 2026
O202600455,C0101,2026-02-19,2026,February,8,Pickup,Card,4.9,0.15,4.75,47,0,279,Ramadan 2026
O202600456,C0005,2026-02-19,2026,February,8,In-store,Card,7.23,0,7.23,72,0,134,Ramadan 2026
O202600457,C0131,2026-02-19,2026,February,8,Pickup,Cash,6,0,6,60,0,150,Ramadan 2026
O202600458,C0086,2026-02-19,2026,February,8,Delivery,Cash,19.25,0,19.25,192,0,288,Ramadan 2026
O202600459,C0108,2026-02-19,2026,February,8,Pickup,Card,22.98,0,22.98,229,0,496,Ramadan 2026
O202600460,C0012,2026-02-19,2026,February,8,In-store,Cash,4.39,0,4.39,43,0,95,Ramadan 2026
O202600461,C0083,2026-02-19,2026,February,8,In-store,Card,1.72,0,1.72,17,0,298,Ramadan 2026
O202600462,C0125,2026-02-19,2026,February,8,Delivery,Card,2.2,0,2.2,22,0,275,Ramadan 2026
O202600463,C0146,2026-02-19,2026,February,8,Pickup,Cash,19.94,0,19.94,199,0,436,Ramadan 2026
O202600464,C0096,2026-02-19,2026,February,8,Pickup,Cash,6.83,0,6.83,68,0,319,Ramadan 2026
O202600465,C0138,2026-02-19,2026,February,8,In-store,Cash,1.58,0,1.58,15,0,248,Ramadan 2026
O202600466,C0002,2026-02-19,2026,February,8,Delivery,Card,3.11,0,3.11,31,0,65,Ramadan 2026
O202600467,C0047,2026-02-19,2026,February,8,Pickup,Cash,0.68,0,0.68,6,0,72,Ramadan 2026
O202600468,C0030,2026-02-20,2026,February,8,Pickup,Cash,9.33,0,9.33,93,0,281,Ramadan 2026
O202600469,C0059,2026-02-20,2026,February,8,Delivery,Cash,5.49,0.16,5.33,53,0,292,Ramadan 2026
O202600470,C0009,2026-02-20,2026,February,8,Pickup,Wallet,3.05,0,3.05,30,0,127,Ramadan 2026
O202600471,C0036,2026-02-20,2026,February,8,Delivery,Wallet,0.75,0.02,0.73,7,0,75,Ramadan 2026
O202600472,C0027,2026-02-20,2026,February,8,Delivery,Card,2.9,0,2.9,29,0,140,Ramadan 2026
O202600473,C0119,2026-02-20,2026,February,8,Delivery,Cash,8.99,0,8.99,89,0,556,Ramadan 2026
O202600474,C0062,2026-02-20,2026,February,8,Delivery,Cash,3.75,0,3.75,37,0,55,Ramadan 2026
O202600475,C0099,2026-02-20,2026,February,8,In-store,Wallet,0.6,0.02,0.58,5,0,94,Ramadan 2026
O202600476,C0085,2026-02-20,2026,February,8,Pickup,Card,3.2,0,3.2,32,0,118,Ramadan 2026
O202600477,C0122,2026-02-20,2026,February,8,Pickup,Wallet,7.08,0,7.08,70,0,85,Ramadan 2026
O202600478,C0142,2026-02-20,2026,February,8,Pickup,Card,2,0,2,20,0,250,Ramadan 2026
O202600479,C0068,2026-02-21,2026,February,8,In-store,Wallet,6,0,6,60,0,60,Ramadan 2026
O202600480,C0108,2026-02-21,2026,February,8,Pickup,Wallet,3.15,0,3.15,31,0,527,Ramadan 2026
O202600481,C0119,2026-02-21,2026,February,8,In-store,Cash,12.7,0,12.7,127,0,683,Ramadan 2026
O202600482,C0125,2026-02-21,2026,February,8,Delivery,Cash,3.39,0,3.39,33,0,308,Ramadan 2026
O202600483,C0012,2026-02-21,2026,February,8,Delivery,Card,5.29,0.16,5.13,51,0,146,Ramadan 2026
O202600484,C0144,2026-02-21,2026,February,8,In-store,Cash,0.65,0,0.65,6,0,10,Ramadan 2026
O202600485,C0077,2026-02-21,2026,February,8,In-store,Card,11.18,0,11.18,111,0,228,Ramadan 2026
O202600486,C0110,2026-02-21,2026,February,8,Delivery,Cash,3.15,0,3.15,31,0,312,Ramadan 2026
O202600487,C0047,2026-02-21,2026,February,8,In-store,Cash,5.6,0,5.6,56,0,128,Ramadan 2026
O202600488,C0066,2026-02-21,2026,February,8,Delivery,Cash,0.76,0,0.76,7,0,142,Ramadan 2026
O202600489,C0071,2026-02-21,2026,February,8,Pickup,Cash,1.65,0,1.65,16,0,158,Ramadan 2026
O202600490,C0110,2026-02-21,2026,February,8,Delivery,Card,5.72,0,5.72,57,0,369,Ramadan 2026
O202600491,C0070,2026-02-21,2026,February,8,In-store,Card,14.24,0,14.24,142,0,463,Ramadan 2026
O202600492,C0074,2026-02-21,2026,February,8,Delivery,Card,5.02,0,5.02,50,0,123,Ramadan 2026
O202600493,C0011,2026-02-22,2026,February,9,Delivery,Card,5.7,0,5.7,57,0,225,Ramadan 2026
O202600494,C0056,2026-02-22,2026,February,9,Pickup,Cash,2.89,0,2.89,28,0,277,Ramadan 2026
O202600495,C0068,2026-02-22,2026,February,9,Delivery,Card,7.15,0.21,6.94,69,0,129,Ramadan 2026
O202600496,C0077,2026-02-22,2026,February,9,Delivery,Card,5.49,0,5.49,54,0,282,Ramadan 2026
O202600497,C0024,2026-02-22,2026,February,9,Pickup,Card,3.75,0.11,3.64,36,0,55,Ramadan 2026
O202600498,C0072,2026-02-22,2026,February,9,In-store,Card,1.49,0,1.49,14,0,130,Ramadan 2026
O202600499,C0011,2026-02-22,2026,February,9,Pickup,Cash,9.43,0,9.43,94,0,319,Ramadan 2026
O202600500,C0128,2026-02-22,2026,February,9,Delivery,Card,7.5,0,7.5,75,0,258,Ramadan 2026
O202600501,C0077,2026-02-22,2026,February,9,In-store,Card,0.79,0,0.79,7,0,289,Ramadan 2026
O202600502,C0059,2026-02-22,2026,February,9,In-store,Cash,3.65,0,3.65,36,0,328,Ramadan 2026
O202600503,C0001,2026-02-22,2026,February,9,Pickup,Wallet,8.78,0,8.78,87,0,354,Ramadan 2026
O202600504,C0108,2026-02-22,2026,February,9,In-store,Cash,2.09,0,2.09,20,0,547,Ramadan 2026
O202600505,C0039,2026-02-22,2026,February,9,Delivery,Wallet,2.49,0,2.49,24,0,121,Ramadan 2026
O202600506,C0059,2026-02-22,2026,February,9,Delivery,Card,7.16,0,7.16,71,0,399,Ramadan 2026
O202600507,C0052,2026-02-22,2026,February,9,In-store,Card,0.3,0,0.3,3,0,252,Ramadan 2026
O202600508,C0014,2026-02-22,2026,February,9,Delivery,Cash,6.78,0,6.78,67,0,67,Ramadan 2026
O202600509,C0113,2026-02-22,2026,February,9,In-store,Card,14.98,0.45,14.53,145,0,188,Ramadan 2026
O202600510,C0145,2026-02-22,2026,February,9,Pickup,Card,3.8,0,3.8,38,0,58,Ramadan 2026
O202600511,C0127,2026-02-23,2026,February,9,Pickup,Wallet,10.8,0,10.8,108,0,210,Ramadan 2026
O202600512,C0081,2026-02-23,2026,February,9,In-store,Cash,6.16,0,6.16,61,0,81,Ramadan 2026
O202600513,C0086,2026-02-23,2026,February,9,Pickup,Card,7,0,7,70,0,358,Ramadan 2026
O202600514,C0071,2026-02-23,2026,February,9,Delivery,Card,1.3,0,1.3,13,0,171,Ramadan 2026
O202600515,C0053,2026-02-23,2026,February,9,Delivery,Card,2.25,0,2.25,22,0,144,Ramadan 2026
O202600516,C0117,2026-02-23,2026,February,9,In-store,Cash,6.01,0,6.01,60,0,192,Ramadan 2026
O202600517,C0094,2026-02-23,2026,February,9,Delivery,Cash,4.99,0,4.99,49,0,357,Ramadan 2026
O202600518,C0015,2026-02-23,2026,February,9,Delivery,Card,5.49,0,5.49,54,0,153,Ramadan 2026
O202600519,C0107,2026-02-23,2026,February,9,Delivery,Cash,3.75,0,3.75,37,0,119,Ramadan 2026
O202600520,C0132,2026-02-23,2026,February,9,Delivery,Card,1.41,0,1.41,14,0,119,Ramadan 2026
O202600521,C0054,2026-02-23,2026,February,9,In-store,Card,3.12,0,3.12,31,0,132,Ramadan 2026
O202600522,C0064,2026-02-23,2026,February,9,Delivery,Card,1.43,0,1.43,14,0,90,Ramadan 2026
O202600523,C0095,2026-02-23,2026,February,9,Delivery,Cash,6.3,0.19,6.11,61,0,80,Ramadan 2026
O202600524,C0004,2026-02-23,2026,February,9,In-store,Card,1.95,0,1.95,19,0,89,Ramadan 2026
O202600525,C0045,2026-02-23,2026,February,9,Delivery,Card,1.45,0,1.45,14,0,68,Ramadan 2026
O202600526,C0117,2026-02-23,2026,February,9,Delivery,Card,13.2,0,13.2,132,0,324,Ramadan 2026
O202600527,C0001,2026-02-23,2026,February,9,Delivery,Card,4.78,0,4.78,47,0,401,Ramadan 2026
O202600528,C0102,2026-02-24,2026,February,9,In-store,Card,3.55,0,3.55,35,0,96,Ramadan 2026
O202600529,C0130,2026-02-24,2026,February,9,In-store,Card,3.39,0,3.39,33,0,196,Ramadan 2026
O202600530,C0036,2026-02-24,2026,February,9,Delivery,Card,2.21,0,2.21,22,0,97,Ramadan 2026
O202600531,C0135,2026-02-24,2026,February,9,Pickup,Card,13.82,0,13.82,138,0,169,Ramadan 2026
O202600532,C0102,2026-02-24,2026,February,9,Pickup,Wallet,1,0,1,10,0,106,Ramadan 2026
O202600533,C0054,2026-02-24,2026,February,9,Pickup,Card,7.79,0,7.79,77,0,209,Ramadan 2026
O202600534,C0093,2026-02-24,2026,February,9,Delivery,Cash,3.75,0,3.75,37,0,68,Ramadan 2026
O202600535,C0099,2026-02-24,2026,February,9,In-store,Card,2.09,0,2.09,20,0,114,Ramadan 2026
O202600536,C0067,2026-02-24,2026,February,9,In-store,Card,11.1,0,11.1,111,0,261,Ramadan 2026
O202600537,C0015,2026-02-24,2026,February,9,In-store,Cash,5.04,0,5.04,50,0,203,Ramadan 2026
O202600538,C0061,2026-02-24,2026,February,9,In-store,Wallet,7.5,0,7.5,75,0,259,Ramadan 2026
O202600539,C0139,2026-02-24,2026,February,9,Delivery,Cash,5.59,0,5.59,55,0,490,Ramadan 2026
O202600540,C0010,2026-02-24,2026,February,9,In-store,Cash,3.45,0,3.45,34,0,72,Ramadan 2026
O202600541,C0063,2026-02-24,2026,February,9,In-store,Cash,6.8,0.2,6.6,66,0,165,Ramadan 2026
O202600542,C0108,2026-02-24,2026,February,9,In-store,Cash,4.7,0,4.7,47,0,594,Ramadan 2026
O202600543,C0002,2026-02-25,2026,February,9,In-store,Card,3.19,0,3.19,31,0,96,Ramadan 2026
O202600544,C0101,2026-02-25,2026,February,9,In-store,Cash,2.15,0,2.15,21,0,300,Ramadan 2026
O202600545,C0048,2026-02-25,2026,February,9,In-store,Wallet,8.8,0,8.8,88,0,571,Ramadan 2026
O202600546,C0016,2026-02-25,2026,February,9,Delivery,Cash,15.25,0,15.25,152,0,196,Ramadan 2026
O202600547,C0121,2026-02-25,2026,February,9,Delivery,Card,10.57,0,10.57,105,0,351,Ramadan 2026
O202600548,C0091,2026-02-25,2026,February,9,In-store,Cash,1.61,0,1.61,16,0,176,Ramadan 2026
O202600549,C0140,2026-02-25,2026,February,9,Pickup,Card,1.08,0,1.08,10,0,93,Ramadan 2026
O202600550,C0123,2026-02-25,2026,February,9,Pickup,Card,0.6,0,0.6,6,0,281,Ramadan 2026
O202600551,C0034,2026-02-25,2026,February,9,In-store,Wallet,12.15,0,12.15,121,0,175,Ramadan 2026
O202600552,C0078,2026-02-25,2026,February,9,In-store,Card,4.23,0,4.23,42,0,164,Ramadan 2026
O202600553,C0049,2026-02-25,2026,February,9,In-store,Cash,5.69,0,5.69,56,0,86,Ramadan 2026
O202600554,C0074,2026-02-25,2026,February,9,Delivery,Cash,11.25,0,11.25,112,0,235,Ramadan 2026
O202600555,C0005,2026-02-25,2026,February,9,Pickup,Cash,7.5,0,7.5,75,0,209,Ramadan 2026
O202600556,C0150,2026-02-25,2026,February,9,Delivery,Cash,3.96,0,3.96,39,0,70,Ramadan 2026
O202600557,C0136,2026-02-25,2026,February,9,Delivery,Cash,3.09,0,3.09,30,0,30,Ramadan 2026
O202600558,C0098,2026-02-26,2026,February,9,Delivery,Wallet,3.5,0,3.5,35,0,242,Ramadan 2026
O202600559,C0083,2026-02-26,2026,February,9,Pickup,Card,4.42,0,4.42,44,0,342,Ramadan 2026
O202600560,C0005,2026-02-26,2026,February,9,Delivery,Card,5.79,0,5.79,57,0,266,Ramadan 2026
O202600561,C0123,2026-02-26,2026,February,9,In-store,Cash,3.78,0,3.78,37,0,318,Ramadan 2026
O202600562,C0069,2026-02-26,2026,February,9,Delivery,Card,13.59,0,13.59,135,0,167,Ramadan 2026
O202600563,C0126,2026-02-26,2026,February,9,Pickup,Cash,2.9,0,2.9,29,0,29,Ramadan 2026
O202600564,C0072,2026-02-26,2026,February,9,Pickup,Wallet,11.73,0,11.73,117,0,247,Ramadan 2026
O202600565,C0103,2026-02-26,2026,February,9,Delivery,Cash,3.65,0.11,3.54,35,0,55,Ramadan 2026
O202600566,C0019,2026-02-26,2026,February,9,Pickup,Card,7.45,0,7.45,74,0,146,Ramadan 2026
O202600567,C0050,2026-02-26,2026,February,9,Delivery,Card,1.73,0,1.73,17,0,69,Ramadan 2026
O202600568,C0050,2026-02-27,2026,February,9,Pickup,Cash,9.98,0.3,9.68,96,0,165,Ramadan 2026
O202600569,C0048,2026-02-27,2026,February,9,Pickup,Card,1.5,0,1.5,15,0,586,Ramadan 2026
O202600570,C0133,2026-02-27,2026,February,9,Delivery,Card,2.3,0.07,2.23,22,0,311,Ramadan 2026
O202600571,C0058,2026-02-27,2026,February,9,In-store,Cash,0.99,0,0.99,9,0,69,Ramadan 2026
O202600572,C0035,2026-02-27,2026,February,9,Pickup,Card,18.14,0,18.14,181,0,459,Ramadan 2026
O202600573,C0113,2026-02-27,2026,February,9,Pickup,Card,5.35,0,5.35,53,0,241,Ramadan 2026
O202600574,C0069,2026-02-27,2026,February,9,In-store,Card,4.88,0,4.88,48,0,215,Ramadan 2026
O202600575,C0066,2026-02-27,2026,February,9,Delivery,Cash,5.99,0,5.99,59,0,201,Ramadan 2026
O202600576,C0112,2026-02-27,2026,February,9,In-store,Cash,19.75,0,19.75,197,0,352,Ramadan 2026
O202600577,C0087,2026-02-27,2026,February,9,In-store,Card,5.79,0,5.79,57,0,157,Ramadan 2026
O202600578,C0121,2026-02-27,2026,February,9,Delivery,Card,5.49,0,5.49,54,0,405,Ramadan 2026
O202600579,C0115,2026-02-27,2026,February,9,In-store,Card,13.35,0,13.35,133,0,307,Ramadan 2026
O202600580,C0137,2026-02-27,2026,February,9,Delivery,Card,8.78,0,8.78,87,0,293,Ramadan 2026
O202600581,C0010,2026-02-27,2026,February,9,In-store,Card,2.29,0,2.29,22,0,94,Ramadan 2026
O202600582,C0038,2026-02-28,2026,February,9,Delivery,Cash,3.92,0,3.92,39,0,328,Ramadan 2026
O202600583,C0079,2026-02-28,2026,February,9,Delivery,Wallet,15,0,15,150,0,269,Ramadan 2026
O202600584,C0149,2026-02-28,2026,February,9,Delivery,Card,7.18,0,7.18,71,0,71,Ramadan 2026
O202600585,C0136,2026-02-28,2026,February,9,In-store,Wallet,2.2,0,2.2,22,0,52,Ramadan 2026
O202600586,C0021,2026-02-28,2026,February,9,Delivery,Cash,2.5,0,2.5,25,0,131,Ramadan 2026
O202600587,C0089,2026-02-28,2026,February,9,Pickup,Cash,2.61,0,2.61,26,0,198,Ramadan 2026
O202600588,C0098,2026-02-28,2026,February,9,Pickup,Card,9.19,0.28,8.91,89,0,331,Ramadan 2026
O202600589,C0047,2026-02-28,2026,February,9,Pickup,Card,1.85,0,1.85,18,0,146,Ramadan 2026
O202600590,C0072,2026-02-28,2026,February,9,Delivery,Wallet,0.6,0,0.6,6,0,253,Ramadan 2026
O202600591,C0114,2026-02-28,2026,February,9,In-store,Card,4.75,0,4.75,47,0,275,Ramadan 2026
O202600592,C0131,2026-02-28,2026,February,9,Pickup,Cash,1.64,0,1.64,16,0,166,Ramadan 2026
O202600593,C0112,2026-02-28,2026,February,9,In-store,Cash,0.6,0,0.6,6,0,358,Ramadan 2026
O202600594,C0135,2026-02-28,2026,February,9,Delivery,Card,3.25,0,3.25,32,0,201,Ramadan 2026
O202600595,C0108,2026-02-28,2026,February,9,Delivery,Card,0.6,0,0.6,6,0,600,Ramadan 2026
O202600596,C0010,2026-02-28,2026,February,9,Pickup,Cash,1.49,0,1.49,14,0,108,Ramadan 2026
O202600597,C0130,2026-02-28,2026,February,9,Delivery,Card,9.5,0,9.5,95,0,291,Ramadan 2026
O202600598,C0011,2026-02-28,2026,February,9,In-store,Cash,0.33,0,0.33,3,0,322,Ramadan 2026
O202600599,C0021,2026-02-28,2026,February,9,Pickup,Card,4.29,0,4.29,42,0,173,Ramadan 2026
O202600600,C0048,2026-02-28,2026,February,9,Pickup,Card,1.49,0,1.49,14,0,600,Ramadan 2026
O202600601,C0049,2026-02-28,2026,February,9,Delivery,Cash,3.79,0,3.79,37,0,123,Ramadan 2026
O202600602,C0008,2026-03-01,2026,March,10,In-store,Cash,4.7,0,4.7,47,0,263,Ramadan 2026
O202600603,C0111,2026-03-01,2026,March,10,Delivery,Cash,1.5,0.04,1.46,14,0,39,Ramadan 2026
O202600604,C0063,2026-03-01,2026,March,10,In-store,Cash,7.31,0,7.31,73,0,238,Ramadan 2026
O202600605,C0081,2026-03-01,2026,March,10,Delivery,Card,3.75,0,3.75,37,0,118,Ramadan 2026
O202600606,C0049,2026-03-01,2026,March,10,Delivery,Cash,2.9,0,2.9,29,0,152,Ramadan 2026
O202600607,C0125,2026-03-01,2026,March,10,Pickup,Cash,7.06,0,7.06,70,0,378,Ramadan 2026
O202600608,C0124,2026-03-01,2026,March,10,Pickup,Card,7.24,0,7.24,72,0,332,Ramadan 2026
O202600609,C0062,2026-03-01,2026,March,10,In-store,Card,16.03,0,16.03,160,0,215,Ramadan 2026
O202600610,C0146,2026-03-01,2026,March,10,Delivery,Cash,3.45,0,3.45,34,0,470,Ramadan 2026
O202600611,C0034,2026-03-01,2026,March,10,Pickup,Card,3.6,0,3.6,36,0,211,Ramadan 2026
O202600612,C0027,2026-03-01,2026,March,10,Delivery,Card,6.69,0.2,6.49,64,0,204,Ramadan 2026
O202600613,C0013,2026-03-01,2026,March,10,In-store,Cash,6.16,0,6.16,61,0,79,Ramadan 2026
O202600614,C0031,2026-03-01,2026,March,10,Pickup,Cash,2.2,0,2.2,22,0,148,Ramadan 2026
O202600615,C0040,2026-03-01,2026,March,10,Pickup,Wallet,4.4,0.13,4.27,42,0,100,Ramadan 2026
O202600616,C0119,2026-03-01,2026,March,10,Delivery,Card,35.43,0,35.43,354,0,1037,Ramadan 2026
O202600617,C0025,2026-03-01,2026,March,10,In-store,Wallet,19.47,0.58,18.89,188,0,252,Ramadan 2026
O202600618,C0109,2026-03-01,2026,March,10,Pickup,Cash,7.5,0,7.5,75,0,292,Ramadan 2026
O202600619,C0010,2026-03-01,2026,March,10,Pickup,Cash,7.69,0,7.69,76,0,184,Ramadan 2026
O202600620,C0078,2026-03-02,2026,March,10,In-store,Cash,1.99,0.06,1.93,19,0,183,Ramadan 2026
O202600621,C0073,2026-03-02,2026,March,10,Delivery,Wallet,1.25,0,1.25,12,0,198,Ramadan 2026
O202600622,C0068,2026-03-02,2026,March,10,In-store,Card,3.85,0,3.85,38,0,167,Ramadan 2026
O202600623,C0079,2026-03-02,2026,March,10,In-store,Cash,2.09,0.06,2.03,20,0,289,Ramadan 2026
O202600624,C0132,2026-03-02,2026,March,10,In-store,Card,3.2,0,3.2,32,0,151,Ramadan 2026
O202600625,C0103,2026-03-02,2026,March,10,Delivery,Cash,15.77,0,15.77,157,0,212,Ramadan 2026
O202600626,C0084,2026-03-02,2026,March,10,In-store,Cash,12.6,0,12.6,126,0,380,Ramadan 2026
O202600627,C0021,2026-03-02,2026,March,10,In-store,Card,2.09,0,2.09,20,0,193,Ramadan 2026
O202600628,C0067,2026-03-02,2026,March,10,Delivery,Card,3.08,0.09,2.99,29,0,290,Ramadan 2026
O202600629,C0010,2026-03-02,2026,March,10,Pickup,Cash,8.99,0.27,8.72,87,0,271,Ramadan 2026
O202600630,C0013,2026-03-02,2026,March,10,Delivery,Wallet,5.35,0,5.35,53,0,132,Ramadan 2026
O202600631,C0099,2026-03-02,2026,March,10,Pickup,Card,4.4,0,4.4,44,0,158,Ramadan 2026
O202600632,C0086,2026-03-03,2026,March,10,In-store,Cash,6.48,0,6.48,64,0,422,Ramadan 2026
O202600633,C0076,2026-03-03,2026,March,10,Pickup,Wallet,4.6,0.14,4.46,44,0,155,Ramadan 2026
O202600634,C0017,2026-03-03,2026,March,10,Delivery,Cash,0.6,0.02,0.58,5,0,304,Ramadan 2026
O202600635,C0041,2026-03-03,2026,March,10,In-store,Card,2.99,0,2.99,29,0,364,Ramadan 2026
O202600636,C0065,2026-03-03,2026,March,10,Delivery,Cash,3.8,0,3.8,38,0,228,Ramadan 2026
O202600637,C0077,2026-03-03,2026,March,10,Delivery,Card,5.46,0,5.46,54,0,343,Ramadan 2026
O202600638,C0149,2026-03-03,2026,March,10,Pickup,Cash,5.5,0.16,5.34,53,0,124,Ramadan 2026
O202600639,C0120,2026-03-03,2026,March,10,Pickup,Cash,1.8,0,1.8,18,0,18,Ramadan 2026
O202600640,C0089,2026-03-03,2026,March,10,Pickup,Wallet,6.27,0,6.27,62,0,260,Ramadan 2026
O202600641,C0130,2026-03-03,2026,March,10,Delivery,Card,0.79,0,0.79,7,0,298,Ramadan 2026
O202600642,C0120,2026-03-03,2026,March,10,In-store,Card,0.6,0,0.6,6,0,24,Ramadan 2026
O202600643,C0124,2026-03-03,2026,March,10,Pickup,Wallet,0.36,0,0.36,3,0,335,Ramadan 2026
O202600644,C0077,2026-03-03,2026,March,10,Pickup,Card,0.75,0,0.75,7,0,350,Ramadan 2026
O202600645,C0124,2026-03-03,2026,March,10,Pickup,Card,21.28,0,21.28,212,0,547,Ramadan 2026
O202600646,C0105,2026-03-03,2026,March,10,Pickup,Cash,1.25,0,1.25,12,0,210,Ramadan 2026
O202600647,C0076,2026-03-04,2026,March,10,In-store,Cash,3.2,0,3.2,32,0,187,Ramadan 2026
O202600648,C0033,2026-03-04,2026,March,10,In-store,Cash,13.15,0,13.15,131,0,319,Ramadan 2026
O202600649,C0066,2026-03-04,2026,March,10,Delivery,Cash,4.99,0.15,4.84,48,0,249,Ramadan 2026
O202600650,C0037,2026-03-04,2026,March,10,Pickup,Card,5.49,0,5.49,54,0,54,Ramadan 2026
O202600651,C0085,2026-03-04,2026,March,10,Delivery,Cash,3.45,0,3.45,34,0,152,Ramadan 2026
O202600652,C0057,2026-03-04,2026,March,10,Delivery,Card,1.2,0,1.2,12,0,382,Ramadan 2026
O202600653,C0026,2026-03-04,2026,March,10,Delivery,Card,2.75,0,2.75,27,0,27,Ramadan 2026
O202600654,C0142,2026-03-04,2026,March,10,Pickup,Wallet,1.21,0,1.21,12,0,262,Ramadan 2026
O202600655,C0002,2026-03-04,2026,March,10,Delivery,Card,1.9,0,1.9,19,0,115,Ramadan 2026
O202600656,C0018,2026-03-04,2026,March,10,Pickup,Cash,4.14,0,4.14,41,0,176,Ramadan 2026
O202600657,C0027,2026-03-04,2026,March,10,Delivery,Card,1.49,0,1.49,14,0,218,Ramadan 2026
O202600658,C0136,2026-03-04,2026,March,10,Delivery,Card,6.04,0,6.04,60,0,112,Ramadan 2026
O202600659,C0071,2026-03-04,2026,March,10,Delivery,Cash,3.75,0,3.75,37,0,208,Ramadan 2026
O202600660,C0064,2026-03-05,2026,March,10,In-store,Cash,3.7,0,3.7,37,0,127,Ramadan 2026
O202600661,C0004,2026-03-05,2026,March,10,Delivery,Cash,1.49,0,1.49,14,0,103,Ramadan 2026
O202600662,C0095,2026-03-05,2026,March,10,Delivery,Wallet,3.45,0,3.45,34,0,114,Ramadan 2026
O202600663,C0003,2026-03-05,2026,March,10,Pickup,Card,16.47,0,16.47,164,0,329,Ramadan 2026
O202600664,C0104,2026-03-05,2026,March,10,Pickup,Card,9.68,0,9.68,96,0,233,Ramadan 2026
O202600665,C0117,2026-03-05,2026,March,10,In-store,Cash,4.18,0.13,4.05,40,0,364,Ramadan 2026
O202600666,C0016,2026-03-05,2026,March,10,Delivery,Cash,5.7,0,5.7,57,0,253,Ramadan 2026
O202600667,C0138,2026-03-05,2026,March,10,Delivery,Card,11.25,0,11.25,112,0,360,Ramadan 2026
O202600668,C0119,2026-03-05,2026,March,10,Delivery,Cash,1.9,0,1.9,19,100,956,Ramadan 2026
O202600669,C0129,2026-03-05,2026,March,10,Delivery,Card,4.97,0,4.97,49,0,85,Ramadan 2026
O202600670,C0008,2026-03-05,2026,March,10,Delivery,Card,2.09,0.06,2.03,20,0,283,Ramadan 2026
O202600671,C0130,2026-03-05,2026,March,10,Delivery,Card,8.37,0,8.37,83,0,381,Ramadan 2026
O202600672,C0146,2026-03-06,2026,March,10,Pickup,Wallet,7.27,0,7.27,72,0,542,Ramadan 2026
O202600673,C0006,2026-03-06,2026,March,10,Pickup,Wallet,1.05,0,1.05,10,0,28,Ramadan 2026
O202600674,C0016,2026-03-06,2026,March,10,Pickup,Cash,5.6,0,5.6,56,0,309,Ramadan 2026
O202600675,C0028,2026-03-06,2026,March,10,Delivery,Wallet,2.4,0,2.4,24,0,87,Ramadan 2026
O202600676,C0076,2026-03-06,2026,March,10,Delivery,Cash,2.05,0,2.05,20,0,207,Ramadan 2026
O202600677,C0016,2026-03-06,2026,March,10,Delivery,Cash,7.96,0,7.96,79,0,388,Ramadan 2026
O202600678,C0097,2026-03-06,2026,March,10,In-store,Card,2.6,0,2.6,26,0,135,Ramadan 2026
O202600679,C0132,2026-03-06,2026,March,10,In-store,Cash,0.6,0,0.6,6,0,157,Ramadan 2026
O202600680,C0096,2026-03-06,2026,March,10,Pickup,Card,3.99,0,3.99,39,0,358,Ramadan 2026
O202600681,C0064,2026-03-06,2026,March,10,In-store,Cash,4.58,0,4.58,45,0,172,Ramadan 2026
O202600682,C0043,2026-03-06,2026,March,10,Delivery,Cash,3.79,0,3.79,37,0,65,Ramadan 2026
O202600683,C0135,2026-03-06,2026,March,10,Pickup,Cash,11.25,0,11.25,112,0,313,Ramadan 2026
O202600684,C0115,2026-03-06,2026,March,10,Pickup,Wallet,17.07,0,17.07,170,0,477,Ramadan 2026
O202600685,C0053,2026-03-06,2026,March,10,Pickup,Cash,12.55,0,12.55,125,0,269,Ramadan 2026
O202600686,C0099,2026-03-07,2026,March,10,Pickup,Card,9.31,0,9.31,93,0,251,Ramadan 2026
O202600687,C0069,2026-03-07,2026,March,10,Pickup,Card,1.35,0,1.35,13,0,228,Ramadan 2026
O202600688,C0093,2026-03-07,2026,March,10,Pickup,Card,14.97,0,14.97,149,0,217,Ramadan 2026
O202600689,C0045,2026-03-07,2026,March,10,Pickup,Card,2.97,0.09,2.88,28,0,96,Ramadan 2026
O202600690,C0101,2026-03-07,2026,March,10,Pickup,Wallet,4.99,0.15,4.84,48,0,348,Ramadan 2026
O202600691,C0020,2026-03-07,2026,March,10,Pickup,Card,0.75,0.02,0.73,7,0,87,Ramadan 2026
O202600692,C0033,2026-03-07,2026,March,10,Delivery,Card,0.6,0,0.6,6,0,325,Ramadan 2026
O202600693,C0036,2026-03-07,2026,March,10,In-store,Card,6.24,0,6.24,62,0,159,Ramadan 2026
O202600694,C0118,2026-03-07,2026,March,10,In-store,Card,1.79,0.05,1.74,17,0,429,Ramadan 2026
O202600695,C0047,2026-03-07,2026,March,10,Pickup,Card,2.2,0.07,2.13,21,0,167,Ramadan 2026
O202600696,C0014,2026-03-07,2026,March,10,Delivery,Card,1.4,0,1.4,14,0,81,Ramadan 2026
O202600697,C0078,2026-03-07,2026,March,10,In-store,Card,10.98,0,10.98,109,0,292,Ramadan 2026
O202600698,C0093,2026-03-07,2026,March,10,In-store,Card,2.25,0,2.25,22,0,239,Ramadan 2026
O202600699,C0016,2026-03-07,2026,March,10,Delivery,Card,0.7,0,0.7,7,0,395,Ramadan 2026
O202600700,C0005,2026-03-07,2026,March,10,In-store,Cash,0.79,0,0.79,7,0,273,Ramadan 2026
O202600701,C0002,2026-03-07,2026,March,10,Delivery,Wallet,4.59,0,4.59,45,0,160,Ramadan 2026
O202600702,C0146,2026-03-07,2026,March,10,Pickup,Cash,14.97,0,14.97,149,100,591,Ramadan 2026
O202600703,C0136,2026-03-07,2026,March,10,Delivery,Card,3.85,0.12,3.73,37,0,149,Ramadan 2026
O202600704,C0095,2026-03-08,2026,March,11,Pickup,Card,31.74,0,31.74,317,0,431,Ramadan 2026
O202600705,C0045,2026-03-08,2026,March,11,Delivery,Card,5.5,0,5.5,55,0,151,Ramadan 2026
O202600706,C0032,2026-03-08,2026,March,11,In-store,Cash,13,0,13,130,0,345,Ramadan 2026
O202600707,C0002,2026-03-08,2026,March,11,In-store,Card,1.43,0,1.43,14,0,174,Ramadan 2026
O202600708,C0146,2026-03-08,2026,March,11,In-store,Cash,0.75,0.02,0.73,7,0,598,Ramadan 2026
O202600709,C0140,2026-03-08,2026,March,11,Delivery,Cash,2.08,0,2.08,20,0,113,Ramadan 2026
O202600710,C0082,2026-03-08,2026,March,11,In-store,Wallet,1.75,0,1.75,17,0,187,Ramadan 2026
O202600711,C0131,2026-03-08,2026,March,11,Delivery,Cash,3.99,0,3.99,39,0,205,Ramadan 2026
O202600712,C0112,2026-03-08,2026,March,11,Delivery,Card,6.58,0,6.58,65,0,423,Ramadan 2026
O202600713,C0120,2026-03-08,2026,March,11,In-store,Card,1.2,0,1.2,12,0,36,Ramadan 2026
O202600714,C0004,2026-03-08,2026,March,11,In-store,Card,20.57,0.62,19.95,199,0,302,Ramadan 2026
O202600715,C0020,2026-03-08,2026,March,11,Pickup,Card,2.21,0,2.21,22,0,109,Ramadan 2026
O202600716,C0146,2026-03-08,2026,March,11,Delivery,Card,1.62,0,1.62,16,0,614,Ramadan 2026
O202600717,C0142,2026-03-08,2026,March,11,In-store,Cash,3.2,0,3.2,32,0,294,Ramadan 2026
O202600718,C0107,2026-03-08,2026,March,11,In-store,Cash,2.25,0,2.25,22,0,141,Ramadan 2026
O202600719,C0006,2026-03-08,2026,March,11,In-store,Wallet,0.6,0,0.6,6,0,34,Ramadan 2026
O202600720,C0136,2026-03-08,2026,March,11,In-store,Cash,4.9,0.15,4.75,47,0,196,Ramadan 2026
O202600721,C0112,2026-03-08,2026,March,11,Pickup,Card,2.8,0.08,2.72,27,0,450,Ramadan 2026
O202600722,C0010,2026-03-09,2026,March,11,Delivery,Wallet,5.99,0,5.99,59,0,330,Ramadan 2026
O202600723,C0112,2026-03-09,2026,March,11,In-store,Cash,7.5,0,7.5,75,0,525,Ramadan 2026
O202600724,C0040,2026-03-09,2026,March,11,Delivery,Cash,2.26,0,2.26,22,0,122,Ramadan 2026
O202600725,C0025,2026-03-09,2026,March,11,Delivery,Wallet,3.2,0,3.2,32,0,284,Ramadan 2026
O202600726,C0012,2026-03-09,2026,March,11,In-store,Cash,3.08,0,3.08,30,0,176,Ramadan 2026
O202600727,C0014,2026-03-09,2026,March,11,Delivery,Wallet,7.6,0,7.6,76,0,157,Ramadan 2026
O202600728,C0146,2026-03-09,2026,March,11,Pickup,Cash,5.5,0,5.5,55,0,669,Ramadan 2026
O202600729,C0132,2026-03-09,2026,March,11,Pickup,Card,11.25,0,11.25,112,0,269,Ramadan 2026
O202600730,C0088,2026-03-09,2026,March,11,In-store,Card,4.99,0.15,4.84,48,0,108,Ramadan 2026
O202600731,C0069,2026-03-09,2026,March,11,In-store,Card,1.5,0,1.5,15,0,243,Ramadan 2026
O202600732,C0024,2026-03-09,2026,March,11,Delivery,Card,1.55,0,1.55,15,0,70,Ramadan 2026
O202600733,C0074,2026-03-09,2026,March,11,Delivery,Cash,0.8,0,0.8,8,0,243,Ramadan 2026
O202600734,C0094,2026-03-10,2026,March,11,In-store,Cash,18.27,0,18.27,182,0,539,Ramadan 2026
O202600735,C0051,2026-03-10,2026,March,11,Pickup,Card,4.8,0,4.8,48,0,99,Ramadan 2026
O202600736,C0080,2026-03-10,2026,March,11,Pickup,Card,0.3,0,0.3,3,0,179,Ramadan 2026
O202600737,C0078,2026-03-10,2026,March,11,In-store,Wallet,2.09,0,2.09,20,0,312,Ramadan 2026
O202600738,C0021,2026-03-10,2026,March,11,In-store,Card,7.5,0,7.5,75,0,268,Ramadan 2026
O202600739,C0047,2026-03-10,2026,March,11,Pickup,Card,0.75,0,0.75,7,0,174,Ramadan 2026
O202600740,C0136,2026-03-10,2026,March,11,In-store,Wallet,6.9,0,6.9,69,0,265,Ramadan 2026
O202600741,C0143,2026-03-10,2026,March,11,Delivery,Card,4.2,0,4.2,42,0,97,Ramadan 2026
O202600742,C0089,2026-03-10,2026,March,11,Delivery,Card,7.5,0,7.5,75,0,335,Ramadan 2026
O202600743,C0011,2026-03-10,2026,March,11,In-store,Cash,5.78,0,5.78,57,0,379,Ramadan 2026
O202600744,C0033,2026-03-11,2026,March,11,Delivery,Cash,3.74,0,3.74,37,0,362,Ramadan 2026
O202600745,C0091,2026-03-11,2026,March,11,In-store,Cash,6.6,0,6.6,66,0,242,Ramadan 2026
O202600746,C0047,2026-03-11,2026,March,11,Delivery,Card,12.7,0,12.7,127,0,301,Ramadan 2026
O202600747,C0026,2026-03-11,2026,March,11,Pickup,Card,5.22,0,5.22,52,0,79,Ramadan 2026
O202600748,C0001,2026-03-11,2026,March,11,Delivery,Card,6.59,0,6.59,65,0,466,Ramadan 2026
O202600749,C0103,2026-03-11,2026,March,11,Delivery,Cash,5.45,0,5.45,54,0,266,Ramadan 2026
O202600750,C0102,2026-03-11,2026,March,11,In-store,Card,4.8,0,4.8,48,0,154,Ramadan 2026
O202600751,C0133,2026-03-11,2026,March,11,In-store,Cash,5.72,0,5.72,57,0,368,Ramadan 2026
O202600752,C0120,2026-03-11,2026,March,11,Pickup,Card,4.65,0,4.65,46,0,82,Ramadan 2026
O202600753,C0087,2026-03-12,2026,March,11,Pickup,Cash,3.99,0,3.99,39,0,196,Ramadan 2026
O202600754,C0141,2026-03-12,2026,March,11,In-store,Card,3.8,0,3.8,38,0,224,Ramadan 2026
O202600755,C0040,2026-03-12,2026,March,11,Pickup,Card,1.85,0,1.85,18,0,140,Ramadan 2026
O202600756,C0014,2026-03-12,2026,March,11,In-store,Cash,3.85,0,3.85,38,0,195,Ramadan 2026
O202600757,C0127,2026-03-12,2026,March,11,Delivery,Wallet,2.2,0,2.2,22,0,232,Ramadan 2026
O202600758,C0049,2026-03-12,2026,March,11,Delivery,Card,32.78,0,32.78,327,0,479,Ramadan 2026
O202600759,C0130,2026-03-12,2026,March,11,In-store,Card,1.9,0,1.9,19,0,400,Ramadan 2026
O202600760,C0012,2026-03-12,2026,March,11,Delivery,Card,4.99,0,4.99,49,0,225,Ramadan 2026
O202600761,C0061,2026-03-12,2026,March,11,In-store,Cash,9.48,0,9.48,94,0,353,Ramadan 2026
O202600762,C0074,2026-03-12,2026,March,11,Pickup,Card,2.84,0,2.84,28,0,271,Ramadan 2026
O202600763,C0033,2026-03-13,2026,March,11,Delivery,Cash,14.84,0,14.84,148,0,510,Ramadan 2026
O202600764,C0045,2026-03-13,2026,March,11,In-store,Card,2.2,0,2.2,22,0,173,Ramadan 2026
O202600765,C0056,2026-03-13,2026,March,11,Pickup,Card,7.56,0,7.56,75,0,352,Ramadan 2026
O202600766,C0074,2026-03-13,2026,March,11,Pickup,Wallet,3.79,0,3.79,37,0,308,Ramadan 2026
O202600767,C0122,2026-03-13,2026,March,11,Pickup,Cash,1.8,0.05,1.75,17,0,102,Ramadan 2026
O202600768,C0113,2026-03-13,2026,March,11,Pickup,Card,5.12,0,5.12,51,0,292,Ramadan 2026
O202600769,C0042,2026-03-13,2026,March,11,In-store,Card,10.25,0.31,9.94,99,0,242,Ramadan 2026
O202600770,C0045,2026-03-13,2026,March,11,Pickup,Wallet,0.99,0,0.99,9,0,182,Ramadan 2026
O202600771,C0145,2026-03-13,2026,March,11,Delivery,Card,13.2,0,13.2,132,0,190,Ramadan 2026
O202600772,C0110,2026-03-13,2026,March,11,Pickup,Cash,1.08,0.03,1.05,10,0,379,Ramadan 2026
O202600773,C0150,2026-03-13,2026,March,11,Delivery,Cash,3.65,0.11,3.54,35,0,105,Ramadan 2026
O202600774,C0055,2026-03-13,2026,March,11,In-store,Card,3,0,3,30,0,106,Ramadan 2026
O202600775,C0039,2026-03-14,2026,March,11,Pickup,Wallet,6.2,0,6.2,62,0,183,Ramadan 2026
O202600776,C0007,2026-03-14,2026,March,11,Delivery,Card,0.3,0,0.3,3,0,56,Ramadan 2026
O202600777,C0097,2026-03-14,2026,March,11,In-store,Cash,4.56,0,4.56,45,0,180,Ramadan 2026
O202600778,C0001,2026-03-14,2026,March,11,In-store,Cash,1.25,0,1.25,12,0,478,Ramadan 2026
O202600779,C0104,2026-03-14,2026,March,11,In-store,Cash,6.4,0,6.4,64,0,297,Ramadan 2026
O202600780,C0018,2026-03-14,2026,March,11,Delivery,Cash,3.51,0,3.51,35,0,211,Ramadan 2026
O202600781,C0098,2026-03-14,2026,March,11,In-store,Cash,4.75,0,4.75,47,0,378,Ramadan 2026
O202600782,C0048,2026-03-14,2026,March,11,Delivery,Cash,1,0,1,10,0,610,Ramadan 2026
O202600783,C0069,2026-03-14,2026,March,11,Delivery,Card,2.75,0,2.75,27,0,270,Ramadan 2026
O202600784,C0048,2026-03-14,2026,March,11,In-store,Card,7.3,0,7.3,73,0,683,Ramadan 2026
O202600785,C0099,2026-03-14,2026,March,11,Pickup,Card,1.35,0,1.35,13,0,264,Ramadan 2026
O202600786,C0031,2026-03-14,2026,March,11,In-store,Card,2.95,0,2.95,29,0,177,Ramadan 2026
O202600787,C0139,2026-03-14,2026,March,11,Delivery,Card,0.76,0,0.76,7,0,497,Ramadan 2026
O202600788,C0013,2026-03-14,2026,March,11,In-store,Cash,7.02,0,7.02,70,0,202,Ramadan 2026
O202600789,C0082,2026-03-14,2026,March,11,In-store,Wallet,0.7,0,0.7,7,0,194,Ramadan 2026
O202600790,C0137,2026-03-14,2026,March,11,Pickup,Card,4.94,0,4.94,49,0,342,Ramadan 2026
O202600791,C0052,2026-03-14,2026,March,11,In-store,Card,9.3,0,9.3,93,0,345,Ramadan 2026
O202600792,C0064,2026-03-14,2026,March,11,Pickup,Card,7.5,0,7.5,75,0,247,Ramadan 2026
O202600793,C0084,2026-03-14,2026,March,11,Pickup,Card,0.76,0,0.76,7,0,387,Ramadan 2026
O202600794,C0150,2026-03-14,2026,March,11,Delivery,Card,3.85,0,3.85,38,0,143,Ramadan 2026
O202600795,C0016,2026-03-14,2026,March,11,Delivery,Cash,2.09,0.06,2.03,20,0,415,Ramadan 2026
O202600796,C0029,2026-03-14,2026,March,11,Delivery,Cash,2.81,0,2.81,28,0,154,Ramadan 2026
O202600797,C0125,2026-03-14,2026,March,11,Pickup,Card,5.2,0,5.2,52,0,430,Ramadan 2026
O202600798,C0067,2026-03-14,2026,March,11,Pickup,Cash,1.45,0,1.45,14,0,304,Ramadan 2026
O202600799,C0113,2026-03-15,2026,March,12,In-store,Card,9.18,0,9.18,91,0,383,Ramadan 2026
O202600800,C0149,2026-03-15,2026,March,12,In-store,Cash,2.65,0,2.65,26,0,150,Ramadan 2026
O202600801,C0112,2026-03-15,2026,March,12,In-store,Wallet,5.7,0,5.7,57,0,582,Ramadan 2026
O202600802,C0012,2026-03-15,2026,March,12,Delivery,Cash,8.5,0,8.5,85,0,310,Ramadan 2026
O202600803,C0105,2026-03-15,2026,March,12,Pickup,Cash,18.42,0,18.42,184,0,394,Ramadan 2026
O202600804,C0046,2026-03-15,2026,March,12,In-store,Card,2.5,0.07,2.43,24,0,257,Ramadan 2026
O202600805,C0093,2026-03-15,2026,March,12,Pickup,Card,3.5,0,3.5,35,0,274,Ramadan 2026
O202600806,C0098,2026-03-15,2026,March,12,Pickup,Cash,12.28,0,12.28,122,0,500,Ramadan 2026
O202600807,C0092,2026-03-15,2026,March,12,Pickup,Cash,4.99,0,4.99,49,0,122,Ramadan 2026
O202600808,C0147,2026-03-15,2026,March,12,Delivery,Card,1.2,0,1.2,12,0,61,Ramadan 2026
O202600809,C0143,2026-03-15,2026,March,12,Pickup,Cash,5.8,0,5.8,58,0,155,Ramadan 2026
O202600810,C0131,2026-03-15,2026,March,12,Delivery,Card,2.34,0,2.34,23,0,228,Ramadan 2026
O202600811,C0057,2026-03-15,2026,March,12,In-store,Cash,0.6,0,0.6,6,0,388,Ramadan 2026
O202600812,C0066,2026-03-15,2026,March,12,Delivery,Cash,0.79,0,0.79,7,0,256,Ramadan 2026
O202600813,C0105,2026-03-15,2026,March,12,Pickup,Card,2,0,2,20,0,414,Ramadan 2026
O202600814,C0143,2026-03-15,2026,March,12,In-store,Wallet,6.35,0,6.35,63,0,218,Ramadan 2026
O202600815,C0024,2026-03-16,2026,March,12,Delivery,Card,0.9,0,0.9,9,0,79,Ramadan 2026
O202600816,C0067,2026-03-16,2026,March,12,Pickup,Card,1.9,0,1.9,19,0,323,Ramadan 2026
O202600817,C0010,2026-03-16,2026,March,12,Pickup,Cash,11.53,0,11.53,115,0,445,Ramadan 2026
O202600818,C0017,2026-03-16,2026,March,12,In-store,Card,0.65,0,0.65,6,0,310,Ramadan 2026
O202600819,C0080,2026-03-16,2026,March,12,In-store,Card,1.75,0,1.75,17,0,196,Ramadan 2026
O202600820,C0069,2026-03-16,2026,March,12,In-store,Cash,8.8,0,8.8,88,0,358,Ramadan 2026
O202600821,C0139,2026-03-16,2026,March,12,In-store,Card,0.7,0.02,0.68,6,0,503,Ramadan 2026
O202600822,C0034,2026-03-16,2026,March,12,Pickup,Card,1.25,0,1.25,12,0,223,Ramadan 2026
O202600823,C0007,2026-03-16,2026,March,12,Pickup,Wallet,7.78,0,7.78,77,0,133,Ramadan 2026
O202600824,C0083,2026-03-16,2026,March,12,Pickup,Cash,1.33,0,1.33,13,0,355,Ramadan 2026
O202600825,C0007,2026-03-16,2026,March,12,In-store,Cash,2.09,0,2.09,20,0,153,Ramadan 2026
O202600826,C0044,2026-03-16,2026,March,12,Pickup,Wallet,3.75,0,3.75,37,0,156,Ramadan 2026
O202600827,C0095,2026-03-16,2026,March,12,Delivery,Card,6,0,6,60,0,491,Ramadan 2026
O202600828,C0031,2026-03-17,2026,March,12,In-store,Card,7.46,0,7.46,74,0,251,Ramadan 2026
O202600829,C0078,2026-03-17,2026,March,12,Delivery,Cash,1.43,0,1.43,14,0,326,Ramadan 2026
O202600830,C0046,2026-03-17,2026,March,12,Pickup,Card,3.7,0,3.7,37,0,294,Ramadan 2026
O202600831,C0079,2026-03-17,2026,March,12,Delivery,Cash,4.46,0.13,4.33,43,0,332,Ramadan 2026
O202600832,C0030,2026-03-17,2026,March,12,Pickup,Card,1.6,0,1.6,16,0,297,Ramadan 2026
O202600833,C0048,2026-03-17,2026,March,12,In-store,Card,2.05,0,2.05,20,0,703,Ramadan 2026
O202600834,C0076,2026-03-17,2026,March,12,Delivery,Wallet,6.21,0,6.21,62,0,269,Ramadan 2026
O202600835,C0008,2026-03-17,2026,March,12,In-store,Card,10.98,0,10.98,109,0,392,Ramadan 2026
O202600836,C0028,2026-03-17,2026,March,12,Delivery,Card,3.96,0,3.96,39,0,126,Ramadan 2026
O202600837,C0047,2026-03-17,2026,March,12,Pickup,Wallet,7.7,0,7.7,77,0,378,Ramadan 2026
O202600838,C0076,2026-03-17,2026,March,12,In-store,Card,1.9,0,1.9,19,0,288,Ramadan 2026
O202600839,C0048,2026-03-17,2026,March,12,Pickup,Wallet,2.89,0,2.89,28,0,731,Ramadan 2026
O202600840,C0106,2026-03-17,2026,March,12,In-store,Cash,8.14,0.24,7.9,79,0,204,Ramadan 2026
O202600841,C0044,2026-03-18,2026,March,12,Pickup,Card,2.89,0,2.89,28,0,184,Ramadan 2026
O202600842,C0062,2026-03-18,2026,March,12,Pickup,Cash,1.58,0,1.58,15,0,230,Ramadan 2026
O202600843,C0097,2026-03-18,2026,March,12,In-store,Wallet,1.98,0,1.98,19,0,199,Ramadan 2026
O202600844,C0070,2026-03-18,2026,March,12,Pickup,Cash,2.8,0,2.8,28,0,491,Ramadan 2026
O202600845,C0071,2026-03-18,2026,March,12,Delivery,Wallet,2.09,0.06,2.03,20,0,228,Ramadan 2026
O202600846,C0037,2026-03-18,2026,March,12,Pickup,Card,3.75,0.11,3.64,36,0,90,Ramadan 2026
O202600847,C0037,2026-03-18,2026,March,12,Delivery,Cash,3.69,0,3.69,36,0,126,Ramadan 2026
O202600848,C0147,2026-03-18,2026,March,12,Delivery,Wallet,6.66,0,6.66,66,0,127,Ramadan 2026
O202600849,C0060,2026-03-18,2026,March,12,In-store,Card,6.44,0,6.44,64,0,407,Ramadan 2026
O202600850,C0116,2026-03-19,2026,March,12,Delivery,Card,0.9,0.03,0.87,8,0,115,Ramadan 2026
O202600851,C0077,2026-03-19,2026,March,12,In-store,Card,16.03,0,16.03,160,0,510,Ramadan 2026
O202600852,C0027,2026-03-19,2026,March,12,In-store,Card,1.8,0,1.8,18,0,236,Ramadan 2026
O202600853,C0074,2026-03-19,2026,March,12,Pickup,Wallet,3.65,0,3.65,36,0,344,Ramadan 2026
O202600854,C0026,2026-03-19,2026,March,12,Delivery,Card,0.7,0.02,0.68,6,0,85,Ramadan 2026
O202600855,C0121,2026-03-19,2026,March,12,Pickup,Card,4.5,0,4.5,45,0,450,Ramadan 2026
O202600856,C0012,2026-03-19,2026,March,12,Delivery,Cash,2.5,0.07,2.43,24,0,334,Ramadan 2026
O202600857,C0049,2026-03-20,2026,March,12,Pickup,Cash,21.1,1.06,20.04,200,0,679,Eid al-Fitr 2026
O202600858,C0050,2026-03-20,2026,March,12,Delivery,Card,0.55,0.03,0.52,5,0,170,Eid al-Fitr 2026
O202600859,C0085,2026-03-20,2026,March,12,Delivery,Card,2.3,0.18,2.12,21,0,173,Eid al-Fitr 2026
O202600860,C0026,2026-03-20,2026,March,12,In-store,Card,2.56,0.26,2.3,23,0,108,Eid al-Fitr 2026
O202600861,C0064,2026-03-20,2026,March,12,In-store,Cash,1,0.05,0.95,9,0,256,Eid al-Fitr 2026
O202600862,C0123,2026-03-20,2026,March,12,Delivery,Cash,8.7,0.87,7.83,78,0,396,Eid al-Fitr 2026
O202600863,C0062,2026-03-20,2026,March,12,In-store,Cash,1.35,0.14,1.21,12,0,242,Eid al-Fitr 2026
O202600864,C0129,2026-03-20,2026,March,12,Pickup,Cash,7.41,0.74,6.67,66,0,151,Eid al-Fitr 2026
O202600865,C0079,2026-03-20,2026,March,12,Pickup,Cash,1.8,0.18,1.62,16,0,348,Eid al-Fitr 2026
O202600866,C0058,2026-03-20,2026,March,12,Delivery,Cash,0.6,0.06,0.54,5,0,74,Eid al-Fitr 2026
O202600867,C0086,2026-03-20,2026,March,12,In-store,Card,5.06,0.4,4.66,46,0,468,Eid al-Fitr 2026
O202600868,C0012,2026-03-20,2026,March,12,In-store,Cash,0.6,0.06,0.54,5,0,339,Eid al-Fitr 2026
O202600869,C0126,2026-03-20,2026,March,12,In-store,Wallet,1.1,0.11,0.99,9,0,38,Eid al-Fitr 2026
O202600870,C0053,2026-03-20,2026,March,12,Delivery,Cash,9.78,0.98,8.8,88,0,357,Eid al-Fitr 2026
O202600871,C0076,2026-03-20,2026,March,12,Pickup,Card,9.2,0.46,8.74,87,0,375,Eid al-Fitr 2026
O202600872,C0085,2026-03-20,2026,March,12,Pickup,Card,1.6,0.13,1.47,14,0,187,Eid al-Fitr 2026
O202600873,C0135,2026-03-20,2026,March,12,In-store,Card,1.54,0.15,1.39,13,0,326,Eid al-Fitr 2026
O202600874,C0005,2026-03-21,2026,March,12,Delivery,Cash,20.71,1.04,19.67,196,0,469,Eid al-Fitr 2026
O202600875,C0084,2026-03-21,2026,March,12,Delivery,Wallet,3.01,0.15,2.86,28,0,415,Eid al-Fitr 2026
O202600876,C0126,2026-03-21,2026,March,12,Pickup,Card,0.55,0.03,0.52,5,0,43,Eid al-Fitr 2026
O202600877,C0010,2026-03-21,2026,March,12,In-store,Card,5.89,0.47,5.42,54,0,499,Eid al-Fitr 2026
O202600878,C0009,2026-03-21,2026,March,12,Pickup,Card,6.9,0.35,6.55,65,0,192,Eid al-Fitr 2026
O202600879,C0066,2026-03-21,2026,March,12,In-store,Cash,3.49,0.17,3.32,33,0,289,Eid al-Fitr 2026
O202600880,C0147,2026-03-21,2026,March,12,In-store,Cash,5.67,0.57,5.1,51,0,178,Eid al-Fitr 2026
O202600881,C0051,2026-03-21,2026,March,12,Pickup,Cash,1.5,0.08,1.42,14,0,113,Eid al-Fitr 2026
O202600882,C0137,2026-03-21,2026,March,12,Pickup,Wallet,2.5,0.2,2.3,23,0,365,Eid al-Fitr 2026
O202600883,C0097,2026-03-21,2026,March,12,Delivery,Cash,1.75,0.09,1.66,16,0,215,Eid al-Fitr 2026
O202600884,C0147,2026-03-21,2026,March,12,In-store,Wallet,4.7,0.24,4.46,44,0,222,Eid al-Fitr 2026
O202600885,C0051,2026-03-21,2026,March,12,Delivery,Card,1.54,0.15,1.39,13,0,126,Eid al-Fitr 2026
O202600886,C0079,2026-03-21,2026,March,12,Pickup,Card,16.75,1.34,15.41,154,0,502,Eid al-Fitr 2026
O202600887,C0139,2026-03-21,2026,March,12,Pickup,Wallet,4.05,0.2,3.85,38,0,541,Eid al-Fitr 2026
O202600888,C0026,2026-03-21,2026,March,12,In-store,Card,1,0.08,0.92,9,0,117,Eid al-Fitr 2026
O202600889,C0006,2026-03-21,2026,March,12,In-store,Card,5.85,0.29,5.56,55,0,89,Eid al-Fitr 2026
O202600890,C0033,2026-03-21,2026,March,12,Pickup,Cash,9.74,0.49,9.25,92,0,602,Eid al-Fitr 2026
O202600891,C0130,2026-03-21,2026,March,12,Pickup,Cash,8.78,0.44,8.34,83,0,483,Eid al-Fitr 2026
O202600892,C0001,2026-03-21,2026,March,12,Delivery,Wallet,1.9,0.1,1.8,18,0,496,Eid al-Fitr 2026
O202600893,C0002,2026-03-21,2026,March,12,Delivery,Card,1,0.05,0.95,9,0,183,Eid al-Fitr 2026
O202600894,C0092,2026-03-21,2026,March,12,Pickup,Wallet,3.4,0.17,3.23,32,0,154,Eid al-Fitr 2026
O202600895,C0016,2026-03-21,2026,March,12,Delivery,Card,2.65,0.13,2.52,25,0,440,Eid al-Fitr 2026
O202600896,C0134,2026-03-21,2026,March,12,In-store,Cash,0.3,0.02,0.28,2,0,186,Eid al-Fitr 2026
O202600897,C0060,2026-03-22,2026,March,13,Pickup,Cash,7.6,0.76,6.84,68,0,475,Eid al-Fitr 2026
O202600898,C0019,2026-03-22,2026,March,13,Pickup,Cash,3.2,0.16,3.04,30,0,176,Eid al-Fitr 2026
O202600899,C0056,2026-03-22,2026,March,13,Delivery,Cash,0.39,0.02,0.37,3,0,355,Eid al-Fitr 2026
O202600900,C0033,2026-03-22,2026,March,13,Pickup,Cash,7.8,0.62,7.18,71,0,673,Eid al-Fitr 2026
O202600901,C0131,2026-03-22,2026,March,13,In-store,Card,0.3,0.02,0.28,2,0,230,Eid al-Fitr 2026
O202600902,C0032,2026-03-22,2026,March,13,In-store,Cash,7.54,0.38,7.16,71,0,416,Eid al-Fitr 2026
O202600903,C0046,2026-03-22,2026,March,13,In-store,Card,4.65,0.37,4.28,42,0,336,Eid al-Fitr 2026
O202600904,C0091,2026-03-22,2026,March,13,Delivery,Cash,7.25,0.36,6.89,68,0,310,Eid al-Fitr 2026
O202600905,C0020,2026-03-22,2026,March,13,Delivery,Card,4.99,0.5,4.49,44,0,153,Eid al-Fitr 2026
O202600906,C0074,2026-03-22,2026,March,13,In-store,Card,1.9,0.1,1.8,18,0,362,Eid al-Fitr 2026
O202600907,C0001,2026-03-22,2026,March,13,Pickup,Card,1.55,0.08,1.47,14,0,510,Eid al-Fitr 2026
O202600908,C0029,2026-03-22,2026,March,13,In-store,Cash,0.6,0.06,0.54,5,0,159,Eid al-Fitr 2026
O202600909,C0093,2026-03-22,2026,March,13,Pickup,Cash,0.1,0.01,0.09,0,0,274,Eid al-Fitr 2026
O202600910,C0075,2026-03-22,2026,March,13,In-store,Wallet,8.78,0.44,8.34,83,0,342,Eid al-Fitr 2026
O202600911,C0081,2026-03-22,2026,March,13,Delivery,Wallet,0.25,0.01,0.24,2,0,120,Eid al-Fitr 2026
O202600912,C0098,2026-03-22,2026,March,13,Delivery,Wallet,5.3,0.42,4.88,48,0,548,Eid al-Fitr 2026
O202600913,C0075,2026-03-22,2026,March,13,In-store,Card,0.75,0.04,0.71,7,0,349,Eid al-Fitr 2026
O202600914,C0058,2026-03-22,2026,March,13,Pickup,Cash,4.65,0.37,4.28,42,0,116,Eid al-Fitr 2026
O202600915,C0116,2026-03-22,2026,March,13,Pickup,Cash,2.31,0.18,2.13,21,0,136,Eid al-Fitr 2026
O202600916,C0052,2026-03-22,2026,March,13,Pickup,Cash,54.5,5.45,49.05,490,0,835,Eid al-Fitr 2026
O202600917,C0145,2026-03-22,2026,March,13,In-store,Cash,2.55,0.13,2.42,24,0,214,Eid al-Fitr 2026
O202600918,C0034,2026-03-22,2026,March,13,Delivery,Cash,1.4,0.14,1.26,12,0,235,Eid al-Fitr 2026
O202600919,C0125,2026-03-22,2026,March,13,Delivery,Card,6.6,0.53,6.07,60,0,490,Eid al-Fitr 2026
O202600920,C0053,2026-03-22,2026,March,13,Delivery,Card,3.37,0.17,3.2,32,0,389,Eid al-Fitr 2026
O202600921,C0027,2026-03-22,2026,March,13,In-store,Card,2.99,0.3,2.69,26,0,262,Eid al-Fitr 2026
O202600922,C0036,2026-03-23,2026,March,13,Pickup,Card,0.75,0.04,0.71,7,0,166,Eid al-Fitr 2026
O202600923,C0039,2026-03-23,2026,March,13,Pickup,Card,5.51,0.28,5.23,52,0,235,Eid al-Fitr 2026
O202600924,C0083,2026-03-23,2026,March,13,In-store,Card,4.86,0.24,4.62,46,0,401,Eid al-Fitr 2026
O202600925,C0064,2026-03-23,2026,March,13,In-store,Cash,4.85,0.39,4.46,44,0,300,Eid al-Fitr 2026
O202600926,C0032,2026-03-23,2026,March,13,Pickup,Wallet,1.33,0.07,1.26,12,0,428,Eid al-Fitr 2026
O202600927,C0116,2026-03-23,2026,March,13,In-store,Cash,0.7,0.07,0.63,6,0,142,Eid al-Fitr 2026
O202600928,C0042,2026-03-23,2026,March,13,In-store,Wallet,1.95,0.1,1.85,18,0,260,Eid al-Fitr 2026
O202600929,C0003,2026-03-23,2026,March,13,In-store,Card,1.2,0.06,1.14,11,0,340,Eid al-Fitr 2026
O202600930,C0108,2026-03-23,2026,March,13,In-store,Cash,5.4,0.43,4.97,49,0,649,Eid al-Fitr 2026
O202600931,C0115,2026-03-23,2026,March,13,Delivery,Card,15.64,0.78,14.86,148,0,625,Eid al-Fitr 2026
O202600932,C0097,2026-03-23,2026,March,13,Pickup,Wallet,3.65,0.18,3.47,34,0,249,Eid al-Fitr 2026
O202600933,C0130,2026-03-23,2026,March,13,In-store,Cash,0.6,0.05,0.55,5,0,488,Eid al-Fitr 2026
O202600934,C0040,2026-03-23,2026,March,13,In-store,Card,1.5,0.08,1.42,14,0,154,Eid al-Fitr 2026
O202600935,C0146,2026-03-23,2026,March,13,Pickup,Wallet,3.8,0.3,3.5,35,0,704,Eid al-Fitr 2026
O202600936,C0024,2026-03-24,2026,March,13,In-store,Cash,2.21,0.07,2.14,21,0,100,Normal
O202600937,C0029,2026-03-24,2026,March,13,Pickup,Card,12,0,12,120,0,279,Normal
O202600938,C0134,2026-03-24,2026,March,13,Delivery,Cash,0.25,0,0.25,2,0,188,Normal
O202600939,C0131,2026-03-24,2026,March,13,In-store,Cash,4.1,0,4.1,41,0,271,Normal
O202600940,C0138,2026-03-24,2026,March,13,In-store,Card,3.1,0,3.1,31,0,391,Normal
O202600941,C0109,2026-03-24,2026,March,13,Pickup,Card,2.53,0.08,2.45,24,0,316,Normal
O202600942,C0037,2026-03-24,2026,March,13,In-store,Card,0.25,0,0.25,2,0,128,Normal
O202600943,C0134,2026-03-25,2026,March,13,Pickup,Card,0.6,0.02,0.58,5,0,193,Normal
O202600944,C0097,2026-03-25,2026,March,13,In-store,Cash,0.65,0,0.65,6,0,255,Normal
O202600945,C0042,2026-03-25,2026,March,13,Pickup,Card,10.44,0,10.44,104,0,364,Normal
O202600946,C0122,2026-03-25,2026,March,13,In-store,Card,25.97,0.78,25.19,251,0,353,Normal
O202600947,C0035,2026-03-25,2026,March,13,In-store,Card,21.03,0,21.03,210,0,669,Normal
O202600948,C0115,2026-03-25,2026,March,13,Pickup,Wallet,1.31,0,1.31,13,0,638,Normal
O202600949,C0138,2026-03-25,2026,March,13,Pickup,Cash,2.6,0,2.6,26,0,417,Normal
O202600950,C0109,2026-03-25,2026,March,13,Delivery,Cash,3.5,0,3.5,35,0,351,Normal
O202600951,C0114,2026-03-26,2026,March,13,Delivery,Cash,1,0,1,10,0,285,Normal
O202600952,C0001,2026-03-26,2026,March,13,Delivery,Wallet,2.1,0,2.1,21,0,531,Normal
O202600953,C0103,2026-03-26,2026,March,13,In-store,Wallet,9.8,0.29,9.51,95,0,361,Normal
O202600954,C0015,2026-03-26,2026,March,13,In-store,Cash,5.07,0,5.07,50,0,253,Normal
O202600955,C0045,2026-03-26,2026,March,13,In-store,Wallet,0.9,0,0.9,9,0,191,Normal
O202600956,C0124,2026-03-27,2026,March,13,In-store,Card,2.35,0,2.35,23,100,470,Normal
O202600957,C0024,2026-03-27,2026,March,13,In-store,Card,1.6,0,1.6,16,0,116,Normal
O202600958,C0052,2026-03-27,2026,March,13,Pickup,Card,3.8,0,3.8,38,0,873,Normal
O202600959,C0108,2026-03-27,2026,March,13,Pickup,Wallet,3.1,0,3.1,31,0,680,Normal
O202600960,C0071,2026-03-27,2026,March,13,Delivery,Cash,1,0,1,10,0,238,Normal
O202600961,C0070,2026-03-27,2026,March,13,Delivery,Card,8.23,0,8.23,82,0,573,Normal
O202600962,C0034,2026-03-27,2026,March,13,Delivery,Cash,5.6,0,5.6,56,0,291,Normal
O202600963,C0099,2026-03-27,2026,March,13,Delivery,Cash,3.35,0,3.35,33,0,297,Normal
O202600964,C0057,2026-03-27,2026,March,13,In-store,Card,14.45,0,14.45,144,0,532,Normal
O202600965,C0056,2026-03-27,2026,March,13,In-store,Card,12.97,0,12.97,129,0,484,Normal
O202600966,C0139,2026-03-28,2026,March,13,In-store,Cash,3.81,0,3.81,38,0,579,Normal
O202600967,C0011,2026-03-28,2026,March,13,In-store,Card,4.3,0,4.3,43,0,422,Normal
O202600968,C0128,2026-03-28,2026,March,13,Delivery,Card,13.55,0,13.55,135,0,393,Normal
O202600969,C0150,2026-03-28,2026,March,13,Pickup,Card,3.24,0,3.24,32,0,175,Normal
O202600970,C0145,2026-03-28,2026,March,13,Delivery,Card,6.5,0,6.5,65,0,279,Normal
O202600971,C0046,2026-03-28,2026,March,13,Delivery,Cash,1.9,0,1.9,19,0,355,Normal
O202600972,C0095,2026-03-28,2026,March,13,In-store,Card,6.99,0,6.99,69,0,560,Normal
O202600973,C0119,2026-03-28,2026,March,13,In-store,Card,1.15,0,1.15,11,0,967,Normal
O202600974,C0145,2026-03-28,2026,March,13,In-store,Card,0.6,0,0.6,6,0,285,Normal
O202600975,C0036,2026-03-28,2026,March,13,In-store,Wallet,3.1,0,3.1,31,0,197,Normal
O202600976,C0042,2026-03-28,2026,March,13,Delivery,Wallet,0.65,0,0.65,6,0,370,Normal
O202600977,C0002,2026-03-28,2026,March,13,Pickup,Cash,1.5,0.04,1.46,14,0,197,Normal
O202600978,C0023,2026-03-29,2026,March,14,In-store,Card,0.9,0,0.9,9,0,83,Normal
O202600979,C0132,2026-03-29,2026,March,14,Pickup,Wallet,1.1,0,1.1,11,0,280,Normal
O202600980,C0092,2026-03-29,2026,March,14,In-store,Wallet,1.7,0,1.7,17,0,171,Normal
O202600981,C0005,2026-03-29,2026,March,14,Delivery,Cash,17.01,0,17.01,170,0,639,Normal
O202600982,C0049,2026-03-29,2026,March,14,Pickup,Card,2.9,0,2.9,29,0,708,Normal
O202600983,C0084,2026-03-29,2026,March,14,In-store,Cash,1.1,0,1.1,11,0,426,Normal
O202600984,C0134,2026-03-29,2026,March,14,In-store,Wallet,1,0,1,10,0,203,Normal
O202600985,C0044,2026-03-29,2026,March,14,In-store,Cash,5.48,0,5.48,54,0,238,Normal
O202600986,C0056,2026-03-30,2026,March,14,In-store,Card,2.26,0,2.26,22,0,506,Normal
O202600987,C0071,2026-03-30,2026,March,14,Delivery,Card,4.9,0.15,4.75,47,0,285,Normal
O202600988,C0123,2026-03-30,2026,March,14,Delivery,Wallet,1.44,0,1.44,14,0,410,Normal
O202600989,C0041,2026-03-30,2026,March,14,Delivery,Card,4.8,0,4.8,48,0,412,Normal
O202600990,C0011,2026-03-30,2026,March,14,In-store,Card,1.9,0,1.9,19,0,441,Normal
O202600991,C0011,2026-03-30,2026,March,14,In-store,Cash,8.15,0,8.15,81,0,522,Normal
O202600992,C0122,2026-03-30,2026,March,14,In-store,Cash,1.8,0,1.8,18,0,371,Normal
O202600993,C0014,2026-03-31,2026,March,14,In-store,Cash,1.1,0,1.1,11,0,206,Normal
O202600994,C0111,2026-03-31,2026,March,14,Delivery,Cash,4.99,0,4.99,49,0,88,Normal
O202600995,C0064,2026-03-31,2026,March,14,Delivery,Cash,22.42,0,22.42,224,0,524,Normal
O202600996,C0028,2026-03-31,2026,March,14,Delivery,Cash,4.75,0,4.75,47,0,173,Normal
O202600997,C0086,2026-03-31,2026,March,14,Pickup,Card,9.74,0,9.74,97,0,565,Normal
O202600998,C0115,2026-03-31,2026,March,14,In-store,Card,3.86,0,3.86,38,0,676,Normal
O202600999,C0086,2026-03-31,2026,March,14,Delivery,Card,1,0,1,10,0,575,Normal
O202601000,C0008,2026-03-31,2026,March,14,Delivery,Card,0.5,0,0.5,5,0,397,Normal
O202601001,C0067,2026-03-31,2026,March,14,In-store,Card,0.9,0.03,0.87,8,0,331,Normal
O202601002,C0054,2026-03-31,2026,March,14,In-store,Card,8.05,0.24,7.81,78,0,287,Normal
O202601003,C0141,2026-04-01,2026,April,14,Delivery,Card,4.35,0,4.35,43,0,267,Normal
O202601004,C0117,2026-04-01,2026,April,14,In-store,Cash,8.6,0,8.6,86,0,450,Normal
O202601005,C0002,2026-04-01,2026,April,14,In-store,Card,2.6,0,2.6,26,0,223,Normal
O202601006,C0006,2026-04-01,2026,April,14,In-store,Card,0.6,0,0.6,6,0,95,Normal
O202601007,C0029,2026-04-01,2026,April,14,Delivery,Card,2.5,0,2.5,25,0,304,Normal
O202601008,C0127,2026-04-01,2026,April,14,Pickup,Card,3.95,0.12,3.83,38,0,270,Normal
O202601009,C0099,2026-04-01,2026,April,14,In-store,Card,1.28,0,1.28,12,0,309,Normal
O202601010,C0066,2026-04-01,2026,April,14,Pickup,Wallet,1.05,0,1.05,10,0,299,Normal
O202601011,C0051,2026-04-01,2026,April,14,Delivery,Card,3.7,0,3.7,37,0,163,Normal
O202601012,C0113,2026-04-01,2026,April,14,In-store,Card,0.25,0,0.25,2,0,385,Normal
O202601013,C0033,2026-04-02,2026,April,14,Pickup,Card,1.7,0,1.7,17,0,690,Normal
O202601014,C0079,2026-04-02,2026,April,14,Delivery,Cash,0.65,0,0.65,6,0,508,Normal
O202601015,C0081,2026-04-02,2026,April,14,Delivery,Cash,3.84,0,3.84,38,0,158,Normal
O202601016,C0097,2026-04-02,2026,April,14,Pickup,Cash,2,0,2,20,0,275,Normal
O202601017,C0118,2026-04-02,2026,April,14,Pickup,Card,2.49,0,2.49,24,0,453,Normal
O202601018,C0057,2026-04-02,2026,April,14,Delivery,Card,2.4,0,2.4,24,0,556,Normal
O202601019,C0027,2026-04-02,2026,April,14,Delivery,Cash,2.35,0.07,2.28,22,0,284,Normal
O202601020,C0131,2026-04-02,2026,April,14,Pickup,Card,1.2,0,1.2,12,0,283,Normal
O202601021,C0025,2026-04-03,2026,April,14,Delivery,Card,1,0,1,10,0,294,Normal
O202601022,C0042,2026-04-03,2026,April,14,Delivery,Card,12.1,0,12.1,121,0,491,Normal
O202601023,C0006,2026-04-03,2026,April,14,In-store,Wallet,1.6,0.05,1.55,15,0,110,Normal
O202601024,C0032,2026-04-03,2026,April,14,Delivery,Cash,5,0,5,50,0,478,Normal
O202601025,C0046,2026-04-03,2026,April,14,In-store,Card,6.96,0,6.96,69,0,424,Normal
O202601026,C0139,2026-04-04,2026,April,14,In-store,Wallet,12.58,0,12.58,125,0,704,Normal
O202601027,C0108,2026-04-04,2026,April,14,In-store,Card,1.44,0,1.44,14,0,694,Normal
O202601028,C0110,2026-04-04,2026,April,14,In-store,Card,5.47,0,5.47,54,0,433,Normal
O202601029,C0066,2026-04-04,2026,April,14,In-store,Cash,1.65,0,1.65,16,0,315,Normal
O202601030,C0003,2026-04-04,2026,April,14,In-store,Cash,7.7,0.23,7.47,74,0,414,Normal
O202601031,C0143,2026-04-04,2026,April,14,Delivery,Cash,1.08,0,1.08,10,0,228,Normal
O202601032,C0066,2026-04-04,2026,April,14,In-store,Card,7.68,0.23,7.45,74,0,389,Normal
O202601033,C0084,2026-04-04,2026,April,14,Pickup,Card,2.1,0,2.1,21,0,447,Normal
O202601034,C0068,2026-04-04,2026,April,14,Pickup,Cash,1.6,0,1.6,16,0,183,Normal
O202601035,C0056,2026-04-04,2026,April,14,Pickup,Cash,4,0,4,40,0,546,Normal
O202601036,C0078,2026-04-04,2026,April,14,In-store,Cash,10.31,0,10.31,103,0,429,Normal
O202601037,C0104,2026-04-04,2026,April,14,In-store,Card,3.27,0,3.27,32,0,329,Normal
O202601038,C0028,2026-04-04,2026,April,14,Pickup,Cash,1.2,0,1.2,12,0,185,Normal
O202601039,C0024,2026-04-05,2026,April,15,In-store,Card,2.31,0,2.31,23,0,139,Normal
O202601040,C0068,2026-04-05,2026,April,15,Pickup,Wallet,4.68,0,4.68,46,0,229,Normal
O202601041,C0086,2026-04-05,2026,April,15,In-store,Cash,7.67,0,7.67,76,0,651,Normal
O202601042,C0107,2026-04-05,2026,April,15,Delivery,Card,4.8,0,4.8,48,0,189,Normal
O202601043,C0086,2026-04-05,2026,April,15,Delivery,Card,4.42,0,4.42,44,0,695,Normal
O202601044,C0093,2026-04-05,2026,April,15,Delivery,Cash,20.13,0,20.13,201,0,475,Normal
O202601045,C0057,2026-04-05,2026,April,15,Delivery,Cash,3.34,0.1,3.24,32,0,588,Normal
O202601046,C0143,2026-04-05,2026,April,15,Pickup,Card,1.5,0,1.5,15,0,243,Normal
O202601047,C0138,2026-04-05,2026,April,15,Delivery,Card,7.6,0,7.6,76,0,493,Normal
O202601048,C0102,2026-04-05,2026,April,15,Pickup,Card,2.75,0,2.75,27,0,181,Normal
O202601049,C0030,2026-04-05,2026,April,15,Pickup,Card,6.86,0,6.86,68,0,365,Normal
O202601050,C0122,2026-04-05,2026,April,15,Pickup,Card,1.75,0,1.75,17,0,388,Normal
O202601051,C0069,2026-04-05,2026,April,15,Pickup,Card,17.65,0.53,17.12,171,0,529,Normal
O202601052,C0043,2026-04-06,2026,April,15,Pickup,Cash,3.7,0,3.7,37,0,102,Normal
O202601053,C0121,2026-04-06,2026,April,15,In-store,Cash,0.6,0,0.6,6,0,456,Normal
O202601054,C0087,2026-04-06,2026,April,15,In-store,Cash,19,0,19,190,0,386,Normal
O202601055,C0091,2026-04-06,2026,April,15,Pickup,Card,13.95,0,13.95,139,0,449,Normal
O202601056,C0085,2026-04-06,2026,April,15,Pickup,Card,2.49,0.07,2.42,24,0,211,Normal
O202601057,C0071,2026-04-06,2026,April,15,Pickup,Cash,2.69,0,2.69,26,0,311,Normal
O202601058,C0122,2026-04-07,2026,April,15,Delivery,Card,11.29,0,11.29,112,0,500,Normal
O202601059,C0033,2026-04-07,2026,April,15,In-store,Card,2.8,0,2.8,28,0,718,Normal
O202601060,C0093,2026-04-07,2026,April,15,In-store,Cash,2.54,0,2.54,25,0,500,Normal
O202601061,C0140,2026-04-07,2026,April,15,In-store,Cash,2.55,0.08,2.47,24,0,137,Normal
O202601062,C0071,2026-04-07,2026,April,15,In-store,Wallet,1.08,0.03,1.05,10,0,321,Normal
O202601063,C0013,2026-04-07,2026,April,15,Pickup,Cash,3.69,0,3.69,36,0,238,Normal
O202601064,C0090,2026-04-07,2026,April,15,In-store,Card,2.15,0,2.15,21,0,82,Normal
O202601065,C0086,2026-04-07,2026,April,15,Delivery,Cash,7.27,0,7.27,72,0,767,Normal
O202601066,C0096,2026-04-08,2026,April,15,Pickup,Card,7.69,0,7.69,76,0,434,Normal
O202601067,C0085,2026-04-08,2026,April,15,In-store,Card,18.31,0,18.31,183,0,394,Normal
O202601068,C0047,2026-04-08,2026,April,15,Delivery,Cash,1.57,0,1.57,15,0,393,Normal
O202601069,C0083,2026-04-08,2026,April,15,Pickup,Card,28.79,0,28.79,287,0,688,Normal
O202601070,C0097,2026-04-08,2026,April,15,Pickup,Cash,12.37,0,12.37,123,0,398,Normal
O202601071,C0119,2026-04-08,2026,April,15,In-store,Wallet,0.4,0,0.4,4,0,971,Normal
O202601072,C0145,2026-04-08,2026,April,15,Pickup,Card,14.25,0,14.25,142,0,427,Normal
O202601073,C0001,2026-04-09,2026,April,15,Delivery,Wallet,0.49,0,0.49,4,0,535,Normal
O202601074,C0133,2026-04-09,2026,April,15,In-store,Card,1,0,1,10,0,378,Normal
O202601075,C0005,2026-04-09,2026,April,15,Delivery,Cash,1.65,0,1.65,16,0,655,Normal
O202601076,C0113,2026-04-09,2026,April,15,Delivery,Card,10.6,0,10.6,106,0,491,Normal
O202601077,C0043,2026-04-09,2026,April,15,Pickup,Cash,6.68,0,6.68,66,0,168,Normal
O202601078,C0046,2026-04-09,2026,April,15,Delivery,Cash,6,0,6,60,0,484,Normal
O202601079,C0059,2026-04-10,2026,April,15,Delivery,Cash,4.09,0,4.09,40,0,439,Normal
O202601080,C0038,2026-04-10,2026,April,15,Pickup,Card,6.59,0,6.59,65,0,393,Normal
O202601081,C0026,2026-04-10,2026,April,15,In-store,Cash,1,0.03,0.97,9,0,126,Normal
O202601082,C0015,2026-04-10,2026,April,15,Delivery,Card,0.25,0,0.25,2,0,255,Normal
O202601083,C0119,2026-04-10,2026,April,15,Pickup,Card,5.8,0,5.8,58,150,879,Normal
O202601084,C0097,2026-04-10,2026,April,15,In-store,Cash,5.32,0,5.32,53,0,451,Normal
O202601085,C0067,2026-04-10,2026,April,15,Pickup,Card,0.75,0,0.75,7,0,338,Normal
O202601086,C0037,2026-04-10,2026,April,15,Delivery,Card,18.68,0,18.68,186,0,314,Normal
O202601087,C0148,2026-04-10,2026,April,15,Pickup,Card,1.5,0,1.5,15,0,273,Normal
O202601088,C0113,2026-04-11,2026,April,15,Delivery,Cash,3.6,0.11,3.49,34,0,525,Normal
O202601089,C0032,2026-04-11,2026,April,15,In-store,Card,4.5,0.14,4.36,43,0,521,Normal
O202601090,C0140,2026-04-11,2026,April,15,In-store,Card,1.2,0,1.2,12,0,149,Normal
O202601091,C0014,2026-04-11,2026,April,15,Delivery,Wallet,1.24,0,1.24,12,0,218,Normal
O202601092,C0150,2026-04-11,2026,April,15,In-store,Card,0.35,0,0.35,3,0,178,Normal
O202601093,C0133,2026-04-11,2026,April,15,In-store,Cash,6.35,0,6.35,63,0,441,Normal
O202601094,C0065,2026-04-11,2026,April,15,Pickup,Cash,6.69,0.2,6.49,64,0,292,Normal
O202601095,C0079,2026-04-11,2026,April,15,In-store,Card,5.45,0,5.45,54,0,562,Normal
O202601096,C0050,2026-04-11,2026,April,15,Delivery,Cash,6.76,0,6.76,67,0,237,Normal
O202601097,C0088,2026-04-11,2026,April,15,Pickup,Card,2.25,0,2.25,22,0,130,Normal
O202601098,C0017,2026-04-11,2026,April,15,In-store,Card,7.34,0.22,7.12,71,0,381,Normal
O202601099,C0014,2026-04-12,2026,April,16,Delivery,Wallet,7.05,0,7.05,70,0,288,Normal
O202601100,C0037,2026-04-12,2026,April,16,Pickup,Card,2.4,0,2.4,24,0,338,Normal
O202601101,C0094,2026-04-12,2026,April,16,Delivery,Card,1.9,0,1.9,19,0,558,Normal
O202601102,C0140,2026-04-12,2026,April,16,Delivery,Card,26.1,0,26.1,261,0,410,Normal
O202601103,C0049,2026-04-12,2026,April,16,In-store,Card,2.25,0,2.25,22,0,730,Normal
O202601104,C0129,2026-04-12,2026,April,16,Delivery,Card,0.6,0,0.6,6,0,157,Normal
O202601105,C0076,2026-04-12,2026,April,16,In-store,Cash,4,0,4,40,0,415,Normal
O202601106,C0027,2026-04-12,2026,April,16,Pickup,Cash,4.8,0,4.8,48,0,332,Normal
O202601107,C0060,2026-04-12,2026,April,16,Pickup,Card,11.09,0,11.09,110,0,585,Normal
O202601108,C0020,2026-04-12,2026,April,16,In-store,Card,2.4,0,2.4,24,0,177,Normal
O202601109,C0002,2026-04-12,2026,April,16,Delivery,Card,2.04,0,2.04,20,0,243,Normal
O202601110,C0044,2026-04-12,2026,April,16,In-store,Card,2.25,0,2.25,22,0,260,Normal
O202601111,C0091,2026-04-13,2026,April,16,In-store,Card,2.25,0,2.25,22,0,471,Normal
O202601112,C0110,2026-04-13,2026,April,16,Pickup,Card,0.6,0,0.6,6,0,439,Normal
O202601113,C0025,2026-04-13,2026,April,16,Delivery,Cash,1.8,0,1.8,18,0,312,Normal
O202601114,C0084,2026-04-13,2026,April,16,Delivery,Cash,1.75,0,1.75,17,0,464,Normal
O202601115,C0113,2026-04-13,2026,April,16,Delivery,Wallet,3.28,0,3.28,32,100,457,Normal
O202601116,C0136,2026-04-13,2026,April,16,Pickup,Wallet,4.74,0,4.74,47,0,312,Normal
O202601117,C0057,2026-04-13,2026,April,16,In-store,Wallet,3.95,0.12,3.83,38,0,626,Normal
O202601118,C0113,2026-04-14,2026,April,16,In-store,Card,5.89,0,5.89,58,0,515,Normal
O202601119,C0148,2026-04-14,2026,April,16,Delivery,Cash,23.69,0.71,22.98,229,0,502,Normal
O202601120,C0036,2026-04-14,2026,April,16,In-store,Cash,7.14,0,7.14,71,0,268,Normal
O202601121,C0118,2026-04-14,2026,April,16,Pickup,Card,2.7,0,2.7,27,0,480,Normal
O202601122,C0035,2026-04-14,2026,April,16,In-store,Card,1.95,0,1.95,19,0,688,Normal
O202601123,C0018,2026-04-14,2026,April,16,Delivery,Cash,5.8,0,5.8,58,0,269,Normal
O202601124,C0111,2026-04-14,2026,April,16,Pickup,Cash,4.8,0,4.8,48,0,136,Normal
O202601125,C0102,2026-04-14,2026,April,16,Delivery,Cash,1.85,0,1.85,18,0,199,Normal
O202601126,C0037,2026-04-14,2026,April,16,Delivery,Cash,7.35,0,7.35,73,0,411,Normal
O202601127,C0147,2026-04-14,2026,April,16,Pickup,Wallet,1.42,0,1.42,14,0,236,Normal
O202601128,C0123,2026-04-15,2026,April,16,Delivery,Card,5.3,0,5.3,53,0,463,Normal
O202601129,C0053,2026-04-15,2026,April,16,Delivery,Cash,5.86,0,5.86,58,0,447,Normal
O202601130,C0002,2026-04-15,2026,April,16,Pickup,Cash,22.29,0.67,21.62,216,0,459,Normal
O202601131,C0140,2026-04-15,2026,April,16,In-store,Card,9.2,0,9.2,92,0,502,Normal
O202601132,C0043,2026-04-16,2026,April,16,In-store,Card,4.68,0,4.68,46,0,214,Normal
O202601133,C0142,2026-04-16,2026,April,16,Pickup,Cash,11.01,0,11.01,110,0,404,Normal
O202601134,C0097,2026-04-16,2026,April,16,Pickup,Card,2.24,0.07,2.17,21,0,472,Normal
O202601135,C0131,2026-04-16,2026,April,16,Pickup,Card,12.99,0,12.99,129,0,412,Normal
O202601136,C0024,2026-04-16,2026,April,16,In-store,Cash,9.35,0,9.35,93,0,232,Normal
O202601137,C0113,2026-04-16,2026,April,16,Delivery,Card,10.25,0,10.25,102,0,617,Normal
O202601138,C0010,2026-04-16,2026,April,16,In-store,Cash,2.7,0,2.7,27,0,526,Normal
O202601139,C0092,2026-04-17,2026,April,16,Delivery,Cash,3.35,0,3.35,33,0,204,Normal
O202601140,C0086,2026-04-17,2026,April,16,In-store,Cash,8.13,0,8.13,81,0,848,Normal
O202601141,C0147,2026-04-17,2026,April,16,In-store,Cash,1,0,1,10,0,246,Normal
O202601142,C0032,2026-04-17,2026,April,16,Delivery,Cash,3.5,0,3.5,35,0,556,Normal
O202601143,C0077,2026-04-17,2026,April,16,In-store,Card,2.83,0,2.83,28,0,538,Normal
O202601144,C0143,2026-04-17,2026,April,16,In-store,Cash,3.1,0,3.1,31,0,274,Normal
O202601145,C0132,2026-04-17,2026,April,16,Pickup,Cash,1.13,0,1.13,11,0,291,Normal
O202601146,C0146,2026-04-18,2026,April,16,In-store,Card,7.24,0,7.24,72,0,776,Normal
O202601147,C0044,2026-04-18,2026,April,16,Delivery,Card,1.5,0,1.5,15,0,275,Normal
O202601148,C0120,2026-04-18,2026,April,16,Pickup,Card,8.6,0,8.6,86,0,168,Normal
O202601149,C0036,2026-04-18,2026,April,16,Delivery,Card,5.44,0,5.44,54,0,322,Normal
O202601150,C0129,2026-04-18,2026,April,16,Delivery,Card,2.95,0,2.95,29,0,186,Normal
O202601151,C0080,2026-04-18,2026,April,16,Delivery,Wallet,2.37,0,2.37,23,0,219,Normal
O202601152,C0001,2026-04-18,2026,April,16,Pickup,Wallet,1.39,0.04,1.35,13,0,548,Normal
O202601153,C0122,2026-04-18,2026,April,16,Delivery,Wallet,2.79,0.08,2.71,27,0,527,Normal
O202601154,C0063,2026-04-18,2026,April,16,Delivery,Wallet,1.95,0,1.95,19,0,257,Normal
O202601155,C0147,2026-04-18,2026,April,16,In-store,Wallet,2.25,0,2.25,22,0,268,Normal
O202601156,C0017,2026-04-18,2026,April,16,Pickup,Card,1.99,0,1.99,19,0,400,Normal
O202601157,C0064,2026-04-18,2026,April,16,Pickup,Card,5.24,0,5.24,52,0,576,Normal
O202601158,C0093,2026-04-19,2026,April,17,In-store,Cash,9.25,0,9.25,92,0,592,Normal
O202601159,C0107,2026-04-19,2026,April,17,Delivery,Cash,0.6,0,0.6,6,0,195,Normal
O202601160,C0100,2026-04-19,2026,April,17,Pickup,Cash,1.89,0,1.89,18,0,198,Normal
O202601161,C0083,2026-04-19,2026,April,17,Pickup,Card,12.55,0,12.55,125,0,813,Normal
O202601162,C0130,2026-04-19,2026,April,17,In-store,Card,2.36,0,2.36,23,0,511,Normal
O202601163,C0134,2026-04-19,2026,April,17,Pickup,Card,5.76,0.17,5.59,55,0,258,Normal
O202601164,C0094,2026-04-19,2026,April,17,Pickup,Wallet,1.95,0,1.95,19,0,577,Normal
O202601165,C0037,2026-04-19,2026,April,17,In-store,Cash,1.12,0.03,1.09,10,0,421,Normal
O202601166,C0056,2026-04-19,2026,April,17,Delivery,Card,17.3,0,17.3,173,0,719,Normal
O202601167,C0076,2026-04-19,2026,April,17,In-store,Card,1.6,0,1.6,16,0,431,Normal
O202601168,C0088,2026-04-19,2026,April,17,Delivery,Cash,5.6,0,5.6,56,0,186,Normal
O202601169,C0085,2026-04-20,2026,April,17,Delivery,Card,1.25,0,1.25,12,0,406,Normal
O202601170,C0013,2026-04-20,2026,April,17,Delivery,Card,11.3,0,11.3,113,0,351,Normal
O202601171,C0023,2026-04-20,2026,April,17,In-store,Cash,13.6,0,13.6,136,0,219,Normal
O202601172,C0073,2026-04-20,2026,April,17,Pickup,Cash,7.05,0.21,6.84,68,0,266,Normal
O202601173,C0104,2026-04-20,2026,April,17,Pickup,Cash,0.66,0,0.66,6,0,335,Normal
O202601174,C0065,2026-04-20,2026,April,17,Pickup,Card,0.75,0,0.75,7,0,299,Normal
O202601175,C0090,2026-04-20,2026,April,17,Pickup,Card,2.05,0,2.05,20,0,102,Normal
O202601176,C0005,2026-04-21,2026,April,17,In-store,Cash,3.59,0,3.59,35,0,690,Normal
O202601177,C0037,2026-04-21,2026,April,17,In-store,Cash,4.23,0,4.23,42,0,463,Normal
O202601178,C0056,2026-04-21,2026,April,17,Pickup,Card,5.55,0,5.55,55,150,624,Normal
O202601179,C0045,2026-04-21,2026,April,17,Delivery,Cash,18.49,0,18.49,184,0,375,Normal
O202601180,C0147,2026-04-21,2026,April,17,Pickup,Cash,9.21,0,9.21,92,0,360,Normal
O202601181,C0002,2026-04-22,2026,April,17,In-store,Wallet,4.74,0,4.74,47,0,506,Normal
O202601182,C0141,2026-04-22,2026,April,17,Delivery,Card,3.24,0,3.24,32,0,299,Normal
O202601183,C0106,2026-04-22,2026,April,17,Delivery,Card,0.35,0,0.35,3,0,207,Normal
O202601184,C0025,2026-04-22,2026,April,17,Delivery,Card,5.3,0,5.3,53,0,365,Normal
O202601185,C0045,2026-04-22,2026,April,17,Delivery,Card,0.65,0,0.65,6,0,381,Normal
O202601186,C0033,2026-04-22,2026,April,17,Pickup,Card,5.64,0,5.64,56,0,774,Normal
O202601187,C0052,2026-04-22,2026,April,17,In-store,Card,1.31,0.04,1.27,12,0,885,Normal
O202601188,C0144,2026-04-22,2026,April,17,Pickup,Wallet,4.5,0,4.5,45,0,55,Normal
O202601189,C0051,2026-04-22,2026,April,17,Delivery,Card,5.86,0,5.86,58,0,221,Normal
O202601190,C0133,2026-04-23,2026,April,17,Delivery,Cash,1.55,0,1.55,15,0,456,Normal
O202601191,C0040,2026-04-23,2026,April,17,In-store,Card,6.01,0,6.01,60,0,214,Normal
O202601192,C0057,2026-04-23,2026,April,17,Pickup,Cash,14.65,0,14.65,146,0,772,Normal
O202601193,C0044,2026-04-23,2026,April,17,In-store,Card,1.75,0,1.75,17,0,292,Normal
O202601194,C0002,2026-04-23,2026,April,17,In-store,Wallet,1.25,0,1.25,12,0,518,Normal
O202601195,C0140,2026-04-23,2026,April,17,In-store,Card,3.08,0,3.08,30,0,532,Normal
O202601196,C0024,2026-04-23,2026,April,17,Delivery,Card,7.3,0,7.3,73,0,305,Normal
O202601197,C0092,2026-04-23,2026,April,17,Pickup,Wallet,6.21,0,6.21,62,0,266,Normal
O202601198,C0063,2026-04-23,2026,April,17,Delivery,Cash,5.76,0.17,5.59,55,0,312,Normal
O202601199,C0011,2026-04-23,2026,April,17,In-store,Wallet,5.79,0,5.79,57,0,579,Normal
O202601200,C0041,2026-04-24,2026,April,17,In-store,Wallet,6.3,0,6.3,63,0,475,Normal
O202601201,C0073,2026-04-24,2026,April,17,Pickup,Card,3.9,0,3.9,39,0,305,Normal
O202601202,C0144,2026-04-24,2026,April,17,In-store,Cash,4.2,0,4.2,42,0,97,Normal
O202601203,C0100,2026-04-24,2026,April,17,Delivery,Card,0.9,0.03,0.87,8,0,206,Normal
O202601204,C0144,2026-04-24,2026,April,17,Delivery,Cash,1.91,0,1.91,19,0,116,Normal
O202601205,C0077,2026-04-24,2026,April,17,Delivery,Card,9.55,0,9.55,95,0,633,Normal
O202601206,C0128,2026-04-24,2026,April,17,Delivery,Cash,6.03,0.18,5.85,58,0,451,Normal
O202601207,C0143,2026-04-24,2026,April,17,In-store,Card,2.82,0,2.82,28,0,302,Normal
O202601208,C0022,2026-04-24,2026,April,17,Pickup,Cash,0.68,0.02,0.66,6,0,123,Normal
O202601209,C0086,2026-04-25,2026,April,17,Delivery,Wallet,0.49,0,0.49,4,0,852,Normal
O202601210,C0040,2026-04-25,2026,April,17,Delivery,Wallet,10.8,0,10.8,108,0,322,Normal
O202601211,C0012,2026-04-25,2026,April,17,Pickup,Card,4.3,0,4.3,43,0,382,Normal
O202601212,C0014,2026-04-25,2026,April,17,Pickup,Card,3.25,0,3.25,32,0,320,Normal
O202601213,C0010,2026-04-25,2026,April,17,Delivery,Cash,6.9,0,6.9,69,0,595,Normal
O202601214,C0058,2026-04-25,2026,April,17,Delivery,Cash,5.5,0,5.5,55,0,171,Normal
O202601215,C0075,2026-04-25,2026,April,17,Pickup,Card,3,0,3,30,0,379,Normal
O202601216,C0141,2026-04-25,2026,April,17,Delivery,Cash,0.49,0,0.49,4,0,303,Normal
O202601217,C0005,2026-04-25,2026,April,17,Delivery,Wallet,10.8,0,10.8,108,0,798,Normal
O202601218,C0073,2026-04-25,2026,April,17,In-store,Cash,2.25,0,2.25,22,0,327,Normal
O202601219,C0034,2026-04-25,2026,April,17,In-store,Card,3,0,3,30,0,321,Normal
O202601220,C0020,2026-04-25,2026,April,17,In-store,Wallet,5.75,0,5.75,57,0,234,Normal
O202601221,C0092,2026-04-26,2026,April,18,In-store,Card,4.7,0,4.7,47,0,313,Normal
O202601222,C0131,2026-04-26,2026,April,18,Delivery,Cash,2.05,0,2.05,20,0,432,Normal
O202601223,C0005,2026-04-26,2026,April,18,In-store,Card,9.79,0,9.79,97,0,895,Normal
O202601224,C0134,2026-04-26,2026,April,18,Pickup,Cash,3.85,0.12,3.73,37,0,295,Normal
O202601225,C0083,2026-04-26,2026,April,18,Pickup,Card,0.25,0,0.25,2,0,815,Normal
O202601226,C0113,2026-04-26,2026,April,18,Delivery,Card,1.31,0.04,1.27,12,0,629,Normal
O202601227,C0108,2026-04-26,2026,April,18,Delivery,Cash,20.38,0.61,19.77,197,0,891,Normal
O202601228,C0118,2026-04-26,2026,April,18,In-store,Cash,9.44,0,9.44,94,0,574,Normal
O202601229,C0077,2026-04-26,2026,April,18,Delivery,Wallet,6.59,0,6.59,65,0,698,Normal
O202601230,C0123,2026-04-26,2026,April,18,Delivery,Card,1.94,0,1.94,19,0,482,Normal
O202601231,C0059,2026-04-26,2026,April,18,Delivery,Cash,5.4,0.16,5.24,52,0,491,Normal
O202601232,C0130,2026-04-26,2026,April,18,Delivery,Card,0.75,0,0.75,7,0,518,Normal
O202601233,C0009,2026-04-27,2026,April,18,Delivery,Card,12.01,0,12.01,120,0,312,Normal
O202601234,C0060,2026-04-27,2026,April,18,Delivery,Wallet,7.18,0.22,6.96,69,0,654,Normal
O202601235,C0049,2026-04-27,2026,April,18,In-store,Cash,4.98,0,4.98,49,0,779,Normal
O202601236,C0030,2026-04-27,2026,April,18,In-store,Wallet,13.42,0,13.42,134,0,499,Normal
O202601237,C0010,2026-04-27,2026,April,18,Pickup,Card,1,0.03,0.97,9,0,604,Normal
O202601238,C0119,2026-04-27,2026,April,18,Pickup,Card,1.86,0,1.86,18,0,897,Normal
O202601239,C0082,2026-04-27,2026,April,18,In-store,Cash,12.75,0,12.75,127,0,321,Normal
O202601240,C0027,2026-04-27,2026,April,18,In-store,Card,3.95,0,3.95,39,0,371,Normal
O202601241,C0048,2026-04-27,2026,April,18,In-store,Card,8.43,0,8.43,84,100,715,Normal
O202601242,C0040,2026-04-27,2026,April,18,In-store,Wallet,3.7,0,3.7,37,0,359,Normal
O202601243,C0007,2026-04-27,2026,April,18,In-store,Cash,11.04,0,11.04,110,0,263,Normal
O202601244,C0045,2026-04-27,2026,April,18,Delivery,Wallet,5.29,0,5.29,52,0,433,Normal
O202601245,C0026,2026-04-28,2026,April,18,Pickup,Card,6.1,0.18,5.92,59,0,185,Normal
O202601246,C0017,2026-04-28,2026,April,18,Delivery,Card,0.6,0.02,0.58,5,0,405,Normal
O202601247,C0136,2026-04-28,2026,April,18,Pickup,Cash,4.87,0,4.87,48,0,360,Normal
O202601248,C0075,2026-04-28,2026,April,18,Delivery,Card,5.7,0,5.7,57,0,436,Normal
O202601249,C0119,2026-04-28,2026,April,18,In-store,Wallet,0.9,0,0.9,9,0,906,Normal
O202601250,C0007,2026-04-28,2026,April,18,Delivery,Cash,11.24,0,11.24,112,0,375,Normal
O202601251,C0020,2026-04-28,2026,April,18,Delivery,Card,2.35,0,2.35,23,0,257,Normal
O202601252,C0001,2026-04-29,2026,April,18,Pickup,Card,1.2,0,1.2,12,0,560,Normal
O202601253,C0099,2026-04-29,2026,April,18,Pickup,Cash,0.9,0,0.9,9,0,318,Normal
O202601254,C0104,2026-04-29,2026,April,18,In-store,Cash,2.55,0,2.55,25,0,360,Normal
O202601255,C0032,2026-04-29,2026,April,18,Pickup,Card,14.95,0,14.95,149,0,705,Normal
O202601256,C0027,2026-04-29,2026,April,18,Delivery,Cash,1.53,0,1.53,15,0,386,Normal
O202601257,C0038,2026-04-29,2026,April,18,In-store,Card,2,0,2,20,0,413,Normal
O202601258,C0015,2026-04-29,2026,April,18,Delivery,Cash,43.26,0,43.26,432,0,687,Normal
O202601259,C0135,2026-04-29,2026,April,18,In-store,Cash,3.03,0,3.03,30,0,356,Normal
O202601260,C0056,2026-04-29,2026,April,18,In-store,Card,0.35,0,0.35,3,0,627,Normal
O202601261,C0085,2026-04-30,2026,April,18,Pickup,Cash,4.3,0,4.3,43,0,449,Normal
O202601262,C0046,2026-04-30,2026,April,18,In-store,Cash,4.75,0,4.75,47,0,531,Normal
O202601263,C0016,2026-04-30,2026,April,18,In-store,Card,3.35,0,3.35,33,0,473,Normal
O202601264,C0045,2026-04-30,2026,April,18,In-store,Card,4.87,0,4.87,48,0,481,Normal
O202601265,C0135,2026-04-30,2026,April,18,Pickup,Card,4.75,0,4.75,47,0,403,Normal
O202601266,C0064,2026-04-30,2026,April,18,Pickup,Card,0.9,0,0.9,9,0,585,Normal
O202601267,C0049,2026-04-30,2026,April,18,In-store,Cash,4.9,0,4.9,49,0,828,Normal
O202601268,C0094,2026-04-30,2026,April,18,Delivery,Card,19.32,0,19.32,193,0,770,Normal
O202601269,C0041,2026-04-30,2026,April,18,Delivery,Card,1.2,0,1.2,12,0,487,Normal
O202601270,C0003,2026-04-30,2026,April,18,Delivery,Card,11.25,0,11.25,112,0,526,Normal
O202601271,C0013,2026-05-01,2026,May,18,Delivery,Wallet,2.1,0,2.1,21,0,372,Normal
O202601272,C0060,2026-05-01,2026,May,18,Pickup,Cash,3.35,0.1,3.25,32,0,686,Normal
O202601273,C0112,2026-05-01,2026,May,18,In-store,Cash,1,0,1,10,0,592,Normal
O202601274,C0023,2026-05-01,2026,May,18,Delivery,Cash,19.35,0,19.35,193,0,412,Normal
O202601275,C0135,2026-05-01,2026,May,18,Pickup,Cash,0.4,0,0.4,4,0,407,Normal
O202601276,C0041,2026-05-01,2026,May,18,In-store,Wallet,3.48,0,3.48,34,0,521,Normal
O202601277,C0076,2026-05-01,2026,May,18,Pickup,Card,12.38,0.37,12.01,120,0,551,Normal
O202601278,C0127,2026-05-01,2026,May,18,Pickup,Card,4.9,0,4.9,49,0,319,Normal
O202601279,C0123,2026-05-02,2026,May,18,Delivery,Cash,2,0,2,20,0,502,Normal
O202601280,C0073,2026-05-02,2026,May,18,Pickup,Cash,1.54,0,1.54,15,0,342,Normal
O202601281,C0092,2026-05-02,2026,May,18,Pickup,Card,0.9,0,0.9,9,0,322,Normal
O202601282,C0090,2026-05-02,2026,May,18,Delivery,Cash,6.35,0,6.35,63,0,165,Normal
O202601283,C0010,2026-05-02,2026,May,18,In-store,Cash,1.2,0,1.2,12,0,616,Normal
O202601284,C0119,2026-05-02,2026,May,18,Delivery,Card,2.28,0,2.28,22,0,928,Normal
O202601285,C0058,2026-05-02,2026,May,18,Pickup,Card,0.49,0,0.49,4,0,175,Normal
O202601286,C0050,2026-05-02,2026,May,18,In-store,Card,5.6,0.17,5.43,54,0,291,Normal
O202601287,C0120,2026-05-02,2026,May,18,Delivery,Card,5.7,0,5.7,57,0,225,Normal
O202601288,C0072,2026-05-02,2026,May,18,Pickup,Wallet,3.5,0,3.5,35,0,288,Normal
O202601289,C0073,2026-05-02,2026,May,18,In-store,Cash,10.97,0,10.97,109,0,451,Normal
O202601290,C0037,2026-05-02,2026,May,18,In-store,Cash,10.91,0,10.91,109,0,572,Normal
O202601291,C0025,2026-05-02,2026,May,18,Delivery,Card,15.17,0,15.17,151,0,516,Normal
O202601292,C0116,2026-05-03,2026,May,19,Pickup,Card,12.25,0,12.25,122,0,264,Normal
O202601293,C0051,2026-05-03,2026,May,19,Delivery,Cash,5.65,0,5.65,56,0,277,Normal
O202601294,C0136,2026-05-03,2026,May,19,Delivery,Cash,3.48,0,3.48,34,0,394,Normal
O202601295,C0037,2026-05-03,2026,May,19,Delivery,Card,4.64,0,4.64,46,0,618,Normal
O202601296,C0117,2026-05-03,2026,May,19,In-store,Cash,13.06,0,13.06,130,0,580,Normal
O202601297,C0020,2026-05-03,2026,May,19,In-store,Cash,1.85,0,1.85,18,0,275,Normal
O202601298,C0042,2026-05-03,2026,May,19,In-store,Cash,4.6,0,4.6,46,0,537,Normal
O202601299,C0057,2026-05-03,2026,May,19,Pickup,Cash,10.24,0,10.24,102,0,874,Normal
O202601300,C0131,2026-05-03,2026,May,19,In-store,Cash,11.63,0,11.63,116,0,548,Normal
O202601301,C0042,2026-05-03,2026,May,19,In-store,Card,4.89,0,4.89,48,0,585,Normal
O202601302,C0117,2026-05-03,2026,May,19,In-store,Card,2.69,0,2.69,26,0,606,Normal
O202601303,C0109,2026-05-03,2026,May,19,Delivery,Wallet,20.41,0,20.41,204,0,555,Normal
O202601304,C0043,2026-05-04,2026,May,19,Pickup,Cash,1.1,0,1.1,11,0,225,Normal
O202601305,C0107,2026-05-04,2026,May,19,Delivery,Wallet,5.85,0,5.85,58,0,253,Normal
O202601306,C0011,2026-05-04,2026,May,19,In-store,Cash,4.5,0,4.5,45,0,624,Normal
O202601307,C0146,2026-05-04,2026,May,19,Delivery,Cash,12.95,0,12.95,129,0,905,Normal
O202601308,C0001,2026-05-04,2026,May,19,Delivery,Card,2.15,0,2.15,21,0,581,Normal
O202601309,C0050,2026-05-04,2026,May,19,In-store,Card,11.24,0,11.24,112,0,403,Normal
O202601310,C0002,2026-05-04,2026,May,19,Delivery,Cash,4.78,0,4.78,47,0,565,Normal
O202601311,C0095,2026-05-04,2026,May,19,Delivery,Card,10.59,0,10.59,105,0,665,Normal
O202601312,C0124,2026-05-05,2026,May,19,Pickup,Cash,4.67,0,4.67,46,0,516,Normal
O202601313,C0131,2026-05-05,2026,May,19,Delivery,Card,4.8,0,4.8,48,0,596,Normal
O202601314,C0087,2026-05-05,2026,May,19,In-store,Cash,8.54,0,8.54,85,0,471,Normal
O202601315,C0046,2026-05-05,2026,May,19,Delivery,Card,7,0,7,70,200,401,Normal
O202601316,C0140,2026-05-05,2026,May,19,In-store,Card,4.11,0,4.11,41,0,573,Normal
O202601317,C0144,2026-05-05,2026,May,19,In-store,Cash,1.95,0,1.95,19,0,135,Normal
O202601318,C0061,2026-05-06,2026,May,19,In-store,Cash,1.75,0,1.75,17,0,370,Normal
O202601319,C0029,2026-05-06,2026,May,19,In-store,Cash,1.05,0,1.05,10,0,314,Normal
O202601320,C0083,2026-05-06,2026,May,19,In-store,Cash,3.9,0,3.9,39,0,854,Normal
O202601321,C0090,2026-05-06,2026,May,19,In-store,Wallet,2.9,0,2.9,29,0,194,Normal
O202601322,C0038,2026-05-06,2026,May,19,Pickup,Card,0.55,0,0.55,5,0,418,Normal
O202601323,C0117,2026-05-06,2026,May,19,In-store,Wallet,1.5,0,1.5,15,0,621,Normal
O202601324,C0011,2026-05-06,2026,May,19,Delivery,Cash,0.25,0,0.25,2,0,626,Normal
O202601325,C0005,2026-05-06,2026,May,19,Delivery,Card,16.9,0,16.9,169,200,864,Normal
O202601326,C0044,2026-05-06,2026,May,19,Delivery,Cash,3.8,0,3.8,38,0,330,Normal
O202601327,C0125,2026-05-06,2026,May,19,Pickup,Cash,4.05,0,4.05,40,0,530,Normal
O202601328,C0044,2026-05-06,2026,May,19,In-store,Card,16.26,0,16.26,162,0,492,Normal
O202601329,C0099,2026-05-06,2026,May,19,Delivery,Cash,3.7,0,3.7,37,0,355,Normal
O202601330,C0027,2026-05-07,2026,May,19,Delivery,Card,4.1,0.12,3.98,39,0,425,Normal
O202601331,C0124,2026-05-07,2026,May,19,Delivery,Wallet,13.25,0.4,12.85,128,0,644,Normal
O202601332,C0104,2026-05-07,2026,May,19,Delivery,Cash,2.31,0,2.31,23,0,383,Normal
O202601333,C0043,2026-05-07,2026,May,19,Delivery,Cash,0.85,0,0.85,8,0,233,Normal
O202601334,C0065,2026-05-07,2026,May,19,Pickup,Wallet,11.64,0,11.64,116,0,415,Normal
O202601335,C0060,2026-05-07,2026,May,19,Delivery,Card,4.1,0,4.1,41,0,727,Normal
O202601336,C0028,2026-05-07,2026,May,19,Pickup,Card,9.36,0,9.36,93,0,278,Normal
O202601337,C0071,2026-05-07,2026,May,19,In-store,Wallet,1.7,0,1.7,17,0,338,Normal
O202601338,C0060,2026-05-07,2026,May,19,Pickup,Cash,1,0,1,10,0,737,Normal
O202601339,C0132,2026-05-08,2026,May,19,In-store,Card,4.35,0,4.35,43,0,334,Normal
O202601340,C0061,2026-05-08,2026,May,19,Delivery,Card,21.45,0.64,20.81,208,0,578,Normal
O202601341,C0021,2026-05-08,2026,May,19,Delivery,Cash,6.6,0,6.6,66,0,334,Normal
O202601342,C0018,2026-05-08,2026,May,19,Delivery,Cash,10.76,0,10.76,107,0,376,Normal
O202601343,C0080,2026-05-08,2026,May,19,In-store,Card,2.05,0,2.05,20,0,239,Normal
O202601344,C0082,2026-05-08,2026,May,19,In-store,Card,8.08,0.24,7.84,78,0,399,Normal
O202601345,C0141,2026-05-08,2026,May,19,Delivery,Cash,2.4,0,2.4,24,0,327,Normal
O202601346,C0083,2026-05-08,2026,May,19,Delivery,Wallet,36.22,0,36.22,362,0,1216,Normal
O202601347,C0087,2026-05-08,2026,May,19,In-store,Card,2.4,0,2.4,24,0,495,Normal
O202601348,C0014,2026-05-08,2026,May,19,Delivery,Cash,0.7,0,0.7,7,0,327,Normal
O202601349,C0137,2026-05-09,2026,May,19,In-store,Card,3.95,0,3.95,39,0,404,Normal
O202601350,C0083,2026-05-09,2026,May,19,Delivery,Card,2.95,0,2.95,29,100,1145,Normal
O202601351,C0041,2026-05-09,2026,May,19,Delivery,Cash,3.08,0,3.08,30,0,551,Normal
O202601352,C0106,2026-05-09,2026,May,19,Pickup,Card,14.73,0.44,14.29,142,0,349,Normal
O202601353,C0054,2026-05-09,2026,May,19,Delivery,Wallet,19.42,0,19.42,194,0,481,Normal
O202601354,C0085,2026-05-09,2026,May,19,Delivery,Cash,3.65,0,3.65,36,0,485,Normal
O202601355,C0135,2026-05-09,2026,May,19,In-store,Card,8.69,0.26,8.43,84,0,491,Normal
O202601356,C0006,2026-05-10,2026,May,20,In-store,Cash,2.8,0.08,2.72,27,0,137,Normal
O202601357,C0127,2026-05-10,2026,May,20,In-store,Card,0.75,0,0.75,7,0,326,Normal
O202601358,C0124,2026-05-10,2026,May,20,Pickup,Cash,4.59,0,4.59,45,0,689,Normal
O202601359,C0140,2026-05-10,2026,May,20,Delivery,Wallet,6.78,0,6.78,67,0,640,Normal
O202601360,C0022,2026-05-10,2026,May,20,Pickup,Card,2.23,0.07,2.16,21,0,144,Normal
O202601361,C0073,2026-05-10,2026,May,20,Delivery,Cash,4.03,0,4.03,40,0,491,Normal
O202601362,C0067,2026-05-10,2026,May,20,Delivery,Card,0.25,0.01,0.24,2,0,340,Normal
O202601363,C0110,2026-05-10,2026,May,20,Delivery,Card,0.5,0,0.5,5,0,444,Normal
O202601364,C0123,2026-05-10,2026,May,20,Pickup,Card,5.29,0,5.29,52,0,554,Normal
O202601365,C0006,2026-05-10,2026,May,20,Delivery,Wallet,1.5,0,1.5,15,0,152,Normal
O202601366,C0101,2026-05-10,2026,May,20,Delivery,Cash,9.34,0,9.34,93,0,441,Normal
O202601367,C0053,2026-05-10,2026,May,20,In-store,Cash,11.84,0.36,11.48,114,0,561,Normal
O202601368,C0016,2026-05-11,2026,May,20,In-store,Card,1.9,0,1.9,19,0,492,Normal
O202601369,C0145,2026-05-11,2026,May,20,In-store,Wallet,4.75,0,4.75,47,0,474,Normal
O202601370,C0058,2026-05-11,2026,May,20,Pickup,Card,0.65,0,0.65,6,0,181,Normal
O202601371,C0031,2026-05-11,2026,May,20,Delivery,Card,11.6,0,11.6,116,0,367,Normal
O202601372,C0097,2026-05-11,2026,May,20,Pickup,Card,1.6,0,1.6,16,0,488,Normal
O202601373,C0014,2026-05-12,2026,May,20,Pickup,Cash,4.99,0,4.99,49,0,376,Normal
O202601374,C0069,2026-05-12,2026,May,20,Pickup,Cash,5.25,0,5.25,52,0,581,Normal
O202601375,C0060,2026-05-12,2026,May,20,Delivery,Card,0.5,0.01,0.49,4,200,541,Normal
O202601376,C0063,2026-05-12,2026,May,20,Delivery,Card,6.9,0,6.9,69,0,381,Normal
O202601377,C0091,2026-05-12,2026,May,20,In-store,Wallet,3.4,0,3.4,34,0,505,Normal
O202601378,C0096,2026-05-12,2026,May,20,Delivery,Card,1.84,0,1.84,18,0,452,Normal
O202601379,C0017,2026-05-12,2026,May,20,Delivery,Cash,5.58,0,5.58,55,0,460,Normal
O202601380,C0082,2026-05-12,2026,May,20,In-store,Card,4.71,0,4.71,47,0,446,Normal
O202601381,C0121,2026-05-12,2026,May,20,In-store,Cash,2.5,0,2.5,25,0,481,Normal
O202601382,C0118,2026-05-12,2026,May,20,Delivery,Cash,7.38,0,7.38,73,0,647,Normal
O202601383,C0147,2026-05-13,2026,May,20,Pickup,Cash,12.01,0,12.01,120,0,480,Normal
O202601384,C0004,2026-05-13,2026,May,20,Pickup,Card,5.33,0,5.33,53,0,355,Normal
O202601385,C0085,2026-05-13,2026,May,20,In-store,Card,3.6,0,3.6,36,0,521,Normal
O202601386,C0132,2026-05-13,2026,May,20,Delivery,Card,1.6,0,1.6,16,0,350,Normal
O202601387,C0077,2026-05-13,2026,May,20,Pickup,Card,5.8,0,5.8,58,0,756,Normal
O202601388,C0056,2026-05-13,2026,May,20,In-store,Cash,13.05,0,13.05,130,0,757,Normal
O202601389,C0093,2026-05-13,2026,May,20,Delivery,Cash,16.62,0,16.62,166,0,758,Normal
O202601390,C0050,2026-05-13,2026,May,20,Pickup,Card,2.5,0,2.5,25,0,428,Normal
O202601391,C0096,2026-05-13,2026,May,20,In-store,Cash,0.6,0,0.6,6,0,458,Normal
O202601392,C0021,2026-05-13,2026,May,20,In-store,Card,3.04,0,3.04,30,0,364,Normal
O202601393,C0067,2026-05-13,2026,May,20,Pickup,Wallet,3.08,0,3.08,30,0,370,Normal
O202601394,C0098,2026-05-14,2026,May,20,Delivery,Wallet,1.9,0.06,1.84,18,0,566,Normal
O202601395,C0004,2026-05-14,2026,May,20,Pickup,Cash,10.96,0,10.96,109,0,464,Normal
O202601396,C0110,2026-05-14,2026,May,20,Delivery,Cash,1,0,1,10,0,454,Normal
O202601397,C0142,2026-05-14,2026,May,20,In-store,Wallet,0.55,0,0.55,5,0,409,Normal
O202601398,C0141,2026-05-14,2026,May,20,Delivery,Wallet,0.75,0,0.75,7,0,334,Normal
O202601399,C0034,2026-05-14,2026,May,20,Pickup,Wallet,5.4,0,5.4,54,0,375,Normal
O202601400,C0083,2026-05-14,2026,May,20,Pickup,Cash,0.9,0,0.9,9,0,1154,Normal
O202601401,C0128,2026-05-14,2026,May,20,Delivery,Cash,5.8,0,5.8,58,0,509,Normal
O202601402,C0117,2026-05-14,2026,May,20,In-store,Card,0.25,0.01,0.24,2,0,623,Normal
O202601403,C0075,2026-05-14,2026,May,20,Delivery,Cash,9.65,0,9.65,96,0,532,Normal
O202601404,C0138,2026-05-14,2026,May,20,In-store,Cash,6.93,0,6.93,69,0,562,Normal
O202601405,C0099,2026-05-14,2026,May,20,In-store,Cash,2.25,0,2.25,22,0,377,Normal
O202601406,C0048,2026-05-15,2026,May,20,Pickup,Cash,2.31,0,2.31,23,0,738,Normal
O202601407,C0082,2026-05-15,2026,May,20,In-store,Wallet,2.7,0,2.7,27,0,473,Normal
O202601408,C0100,2026-05-15,2026,May,20,In-store,Cash,3,0,3,30,0,236,Normal
O202601409,C0090,2026-05-15,2026,May,20,Delivery,Wallet,1.3,0,1.3,13,0,207,Normal
O202601410,C0017,2026-05-15,2026,May,20,In-store,Card,2.1,0,2.1,21,0,481,Normal
O202601411,C0100,2026-05-16,2026,May,20,Delivery,Cash,2.31,0,2.31,23,0,259,Normal
O202601412,C0118,2026-05-16,2026,May,20,In-store,Cash,1.32,0,1.32,13,0,660,Normal
O202601413,C0120,2026-05-16,2026,May,20,Pickup,Card,0.5,0.01,0.49,4,0,229,Normal
O202601414,C0041,2026-05-16,2026,May,20,In-store,Card,0.55,0,0.55,5,0,556,Normal
O202601415,C0012,2026-05-16,2026,May,20,Pickup,Card,1.1,0,1.1,11,0,393,Normal
O202601416,C0020,2026-05-16,2026,May,20,In-store,Card,2.3,0,2.3,23,0,298,Normal
O202601417,C0049,2026-05-16,2026,May,20,In-store,Card,2.39,0,2.39,23,0,851,Normal
O202601418,C0040,2026-05-16,2026,May,20,Pickup,Cash,4.7,0.14,4.56,45,0,404,Normal
O202601419,C0014,2026-05-16,2026,May,20,Delivery,Cash,3.6,0,3.6,36,0,412,Normal
O202601420,C0007,2026-05-16,2026,May,20,In-store,Card,6.73,0.2,6.53,65,0,440,Normal
O202601421,C0145,2026-05-16,2026,May,20,In-store,Cash,5.38,0.16,5.22,52,0,526,Normal
O202601422,C0057,2026-05-17,2026,May,21,In-store,Cash,3.36,0,3.36,33,0,907,Normal
O202601423,C0131,2026-05-17,2026,May,21,Delivery,Cash,6.32,0,6.32,63,0,659,Normal
O202601424,C0080,2026-05-17,2026,May,21,In-store,Wallet,4.24,0,4.24,42,0,281,Normal
O202601425,C0085,2026-05-17,2026,May,21,Pickup,Card,12.37,0,12.37,123,0,644,Normal
O202601426,C0023,2026-05-17,2026,May,21,Pickup,Wallet,3.59,0,3.59,35,0,447,Normal
O202601427,C0062,2026-05-17,2026,May,21,Pickup,Cash,0.9,0,0.9,9,0,251,Normal
O202601428,C0107,2026-05-17,2026,May,21,Delivery,Cash,7.85,0,7.85,78,0,331,Normal
O202601429,C0035,2026-05-17,2026,May,21,In-store,Cash,3.19,0,3.19,31,0,719,Normal
O202601430,C0036,2026-05-17,2026,May,21,In-store,Cash,9.21,0,9.21,92,0,414,Normal
O202601431,C0133,2026-05-17,2026,May,21,Delivery,Cash,0.25,0,0.25,2,0,458,Normal
O202601432,C0011,2026-05-17,2026,May,21,In-store,Card,3,0,3,30,0,656,Normal
O202601433,C0081,2026-05-17,2026,May,21,In-store,Cash,11.75,0,11.75,117,0,275,Normal
O202601434,C0136,2026-05-17,2026,May,21,Delivery,Cash,2.75,0,2.75,27,0,421,Normal
O202601435,C0053,2026-05-17,2026,May,21,In-store,Cash,4.89,0,4.89,48,0,609,Normal
O202601436,C0108,2026-05-17,2026,May,21,Pickup,Cash,10.99,0,10.99,109,100,900,Normal
O202601437,C0095,2026-05-18,2026,May,21,Pickup,Card,4.65,0,4.65,46,0,711,Normal
O202601438,C0068,2026-05-18,2026,May,21,Delivery,Cash,6.64,0,6.64,66,0,295,Normal
O202601439,C0057,2026-05-18,2026,May,21,In-store,Cash,6.4,0.19,6.21,62,0,969,Normal
O202601440,C0015,2026-05-18,2026,May,21,Pickup,Cash,8,0,8,80,0,767,Normal
O202601441,C0057,2026-05-18,2026,May,21,Delivery,Card,2.2,0,2.2,22,0,991,Normal
O202601442,C0039,2026-05-19,2026,May,21,Pickup,Card,8.91,0,8.91,89,0,324,Normal
O202601443,C0145,2026-05-19,2026,May,21,Delivery,Wallet,3.88,0,3.88,38,0,564,Normal
O202601444,C0114,2026-05-19,2026,May,21,In-store,Card,9.8,0,9.8,98,0,383,Normal
O202601445,C0099,2026-05-19,2026,May,21,Pickup,Cash,2.25,0.07,2.18,21,0,398,Normal
O202601446,C0029,2026-05-19,2026,May,21,Delivery,Cash,3.54,0,3.54,35,0,349,Normal
O202601447,C0145,2026-05-19,2026,May,21,In-store,Cash,10.48,0,10.48,104,0,668,Normal
O202601448,C0133,2026-05-19,2026,May,21,Pickup,Card,4.71,0,4.71,47,0,505,Normal
O202601449,C0068,2026-05-19,2026,May,21,In-store,Cash,0.35,0,0.35,3,0,298,Normal
O202601450,C0099,2026-05-20,2026,May,21,Delivery,Cash,1.5,0,1.5,15,0,413,Normal
O202601451,C0051,2026-05-20,2026,May,21,Pickup,Card,6.25,0,6.25,62,0,339,Normal
O202601452,C0139,2026-05-20,2026,May,21,Pickup,Cash,3.2,0,3.2,32,0,736,Normal
O202601453,C0107,2026-05-20,2026,May,21,Pickup,Wallet,10.76,0,10.76,107,0,438,Normal
O202601454,C0110,2026-05-20,2026,May,21,In-store,Cash,1.25,0,1.25,12,0,466,Normal
O202601455,C0108,2026-05-20,2026,May,21,In-store,Wallet,9.43,0,9.43,94,0,994,Normal
O202601456,C0076,2026-05-20,2026,May,21,Delivery,Cash,4.89,0,4.89,48,0,599,Normal
O202601457,C0111,2026-05-20,2026,May,21,Pickup,Cash,5,0,5,50,0,186,Normal
O202601458,C0123,2026-05-20,2026,May,21,In-store,Cash,0.97,0,0.97,9,0,563,Normal
O202601459,C0088,2026-05-21,2026,May,21,Pickup,Cash,6.61,0,6.61,66,0,252,Normal
O202601460,C0121,2026-05-21,2026,May,21,Pickup,Wallet,57.14,0,57.14,571,0,1052,Normal
O202601461,C0016,2026-05-21,2026,May,21,Pickup,Cash,13.1,0,13.1,131,0,623,Normal
O202601462,C0148,2026-05-21,2026,May,21,Pickup,Card,3.05,0,3.05,30,0,532,Normal
O202601463,C0122,2026-05-21,2026,May,21,In-store,Card,1.8,0,1.8,18,0,545,Normal
O202601464,C0134,2026-05-21,2026,May,21,Pickup,Wallet,3.09,0,3.09,30,0,325,Normal
O202601465,C0033,2026-05-21,2026,May,21,Delivery,Cash,7.45,0,7.45,74,0,848,Normal
O202601466,C0138,2026-05-21,2026,May,21,In-store,Card,5.44,0,5.44,54,100,516,Normal
O202601467,C0121,2026-05-22,2026,May,21,In-store,Card,4.99,0.15,4.84,48,0,1100,Normal
O202601468,C0142,2026-05-22,2026,May,21,Delivery,Wallet,6.51,0,6.51,65,0,474,Normal
O202601469,C0148,2026-05-22,2026,May,21,Delivery,Card,0.25,0,0.25,2,0,534,Normal
O202601470,C0039,2026-05-22,2026,May,21,Delivery,Card,2.25,0,2.25,22,0,346,Normal
O202601471,C0130,2026-05-22,2026,May,21,Delivery,Wallet,0.55,0.02,0.53,5,0,523,Normal
O202601472,C0107,2026-05-22,2026,May,21,In-store,Card,6.96,0,6.96,69,0,507,Normal
O202601473,C0130,2026-05-22,2026,May,21,Delivery,Card,1.8,0,1.8,18,0,541,Normal
O202601474,C0105,2026-05-22,2026,May,21,Delivery,Wallet,0.66,0,0.66,6,0,420,Normal
O202601475,C0075,2026-05-23,2026,May,21,Pickup,Card,2.17,0,2.17,21,0,553,Normal
O202601476,C0007,2026-05-23,2026,May,21,In-store,Card,3.3,0,3.3,33,0,473,Normal
O202601477,C0054,2026-05-23,2026,May,21,Delivery,Card,7.89,0,7.89,78,0,559,Normal
O202601478,C0002,2026-05-23,2026,May,21,Delivery,Wallet,1.8,0,1.8,18,0,583,Normal
O202601479,C0082,2026-05-23,2026,May,21,In-store,Card,5,0,5,50,0,523,Normal
O202601480,C0075,2026-05-23,2026,May,21,Pickup,Card,3.53,0,3.53,35,200,388,Normal
O202601481,C0087,2026-05-23,2026,May,21,Delivery,Cash,10.89,0.33,10.56,105,0,600,Normal
O202601482,C0118,2026-05-23,2026,May,21,Delivery,Card,7.04,0,7.04,70,0,730,Normal
O202601483,C0089,2026-05-23,2026,May,21,Delivery,Card,6.8,0,6.8,68,0,403,Normal
O202601484,C0012,2026-05-23,2026,May,21,Delivery,Card,3.55,0,3.55,35,0,428,Normal
O202601485,C0064,2026-05-23,2026,May,21,In-store,Card,18.3,0,18.3,183,0,768,Normal
O202601486,C0081,2026-05-24,2026,May,22,In-store,Card,10.7,0,10.7,107,0,382,Normal
O202601487,C0146,2026-05-24,2026,May,22,In-store,Wallet,10.7,0,10.7,107,0,1012,Normal
O202601488,C0032,2026-05-24,2026,May,22,Delivery,Cash,5.5,0,5.5,55,0,760,Normal
O202601489,C0086,2026-05-24,2026,May,22,Delivery,Cash,9.21,0,9.21,92,0,944,Normal
O202601490,C0108,2026-05-24,2026,May,22,Delivery,Card,2.29,0.07,2.22,22,0,1016,Normal
O202601491,C0027,2026-05-24,2026,May,22,Pickup,Cash,3.3,0,3.3,33,0,458,Normal
O202601492,C0077,2026-05-24,2026,May,22,Pickup,Card,2.4,0,2.4,24,0,780,Normal
O202601493,C0120,2026-05-24,2026,May,22,Delivery,Card,16.03,0,16.03,160,0,389,Normal
O202601494,C0112,2026-05-24,2026,May,22,Pickup,Wallet,0.25,0.01,0.24,2,0,594,Normal
O202601495,C0041,2026-05-25,2026,May,22,In-store,Card,3.93,0.31,3.62,36,0,592,Jordan Independence Day 2026
O202601496,C0050,2026-05-25,2026,May,22,In-store,Card,9.67,0.77,8.9,89,0,517,Jordan Independence Day 2026
O202601497,C0042,2026-05-25,2026,May,22,In-store,Card,9.01,0.45,8.56,85,0,670,Jordan Independence Day 2026
O202601498,C0036,2026-05-25,2026,May,22,Delivery,Card,2.2,0.11,2.09,20,0,434,Jordan Independence Day 2026
O202601499,C0133,2026-05-25,2026,May,22,Pickup,Card,3.15,0.16,2.99,29,0,534,Jordan Independence Day 2026
O202601500,C0112,2026-05-25,2026,May,22,Delivery,Card,2.5,0.25,2.25,22,0,616,Jordan Independence Day 2026
O202601501,C0021,2026-05-25,2026,May,22,Delivery,Card,6.3,0.32,5.98,59,0,423,Jordan Independence Day 2026
O202601502,C0135,2026-05-25,2026,May,22,In-store,Cash,2.37,0.24,2.13,21,0,512,Jordan Independence Day 2026
O202601503,C0052,2026-05-25,2026,May,22,Pickup,Card,8.59,0.86,7.73,77,0,962,Jordan Independence Day 2026
O202601504,C0097,2026-05-25,2026,May,22,Delivery,Cash,1.9,0.1,1.8,18,0,506,Jordan Independence Day 2026
O202601505,C0104,2026-05-25,2026,May,22,Delivery,Cash,1.3,0.13,1.17,11,0,394,Jordan Independence Day 2026
O202601506,C0043,2026-05-25,2026,May,22,In-store,Wallet,1.83,0.18,1.65,16,0,249,Jordan Independence Day 2026
O202601507,C0017,2026-05-25,2026,May,22,Pickup,Cash,2.2,0.18,2.02,20,0,501,Jordan Independence Day 2026
O202601508,C0101,2026-05-26,2026,May,22,Pickup,Cash,0.75,0.02,0.73,7,0,448,Normal
O202601509,C0046,2026-05-26,2026,May,22,In-store,Cash,9.75,0.29,9.46,94,0,495,Normal
O202601510,C0098,2026-05-26,2026,May,22,Pickup,Card,3.9,0,3.9,39,0,605,Normal
O202601511,C0115,2026-05-26,2026,May,22,In-store,Card,14.16,0,14.16,141,0,817,Normal
O202601512,C0028,2026-05-26,2026,May,22,Delivery,Card,9.98,0.3,9.68,96,0,374,Normal
O202601513,C0005,2026-05-26,2026,May,22,In-store,Cash,1.25,0,1.25,12,0,876,Normal
O202601514,C0097,2026-05-26,2026,May,22,In-store,Card,14.3,0,14.3,143,0,649,Normal
O202601515,C0142,2026-05-26,2026,May,22,In-store,Card,0.85,0.03,0.82,8,0,482,Normal
O202601516,C0052,2026-05-27,2026,May,22,Pickup,Cash,22.26,1.11,21.15,211,0,1173,Eid al-Adha 2026
O202601517,C0022,2026-05-27,2026,May,22,Delivery,Cash,11.33,0.91,10.42,104,0,248,Eid al-Adha 2026
O202601518,C0140,2026-05-27,2026,May,22,Pickup,Cash,1.28,0.1,1.18,11,0,651,Eid al-Adha 2026
O202601519,C0131,2026-05-27,2026,May,22,Pickup,Card,2.86,0.23,2.63,26,0,685,Eid al-Adha 2026
O202601520,C0094,2026-05-27,2026,May,22,Delivery,Card,1.1,0.09,1.01,10,200,580,Eid al-Adha 2026
O202601521,C0015,2026-05-27,2026,May,22,In-store,Wallet,2.2,0.11,2.09,20,0,787,Eid al-Adha 2026
O202601522,C0042,2026-05-27,2026,May,22,Pickup,Cash,6,0.3,5.7,57,0,727,Eid al-Adha 2026
O202601523,C0134,2026-05-27,2026,May,22,Delivery,Card,13.28,0.66,12.62,126,0,451,Eid al-Adha 2026
O202601524,C0002,2026-05-27,2026,May,22,Pickup,Cash,1.05,0.11,0.94,9,0,592,Eid al-Adha 2026
O202601525,C0087,2026-05-27,2026,May,22,Pickup,Wallet,2.89,0.29,2.6,26,0,626,Eid al-Adha 2026
O202601526,C0132,2026-05-27,2026,May,22,Delivery,Card,1.28,0.1,1.18,11,0,361,Eid al-Adha 2026
O202601527,C0147,2026-05-28,2026,May,22,Delivery,Cash,11.25,1.12,10.13,101,0,581,Eid al-Adha 2026
O202601528,C0102,2026-05-28,2026,May,22,Delivery,Card,4.05,0.32,3.73,37,0,236,Eid al-Adha 2026
O202601529,C0141,2026-05-28,2026,May,22,In-store,Wallet,10.45,0.84,9.61,96,0,430,Eid al-Adha 2026
O202601530,C0113,2026-05-28,2026,May,22,In-store,Card,4.4,0.22,4.18,41,0,670,Eid al-Adha 2026
O202601531,C0068,2026-05-28,2026,May,22,Delivery,Card,1.43,0.07,1.36,13,0,311,Eid al-Adha 2026
O202601532,C0111,2026-05-28,2026,May,22,In-store,Wallet,5.15,0.52,4.63,46,0,232,Eid al-Adha 2026
O202601533,C0135,2026-05-28,2026,May,22,In-store,Card,0.5,0.04,0.46,4,0,516,Eid al-Adha 2026
O202601534,C0087,2026-05-28,2026,May,22,Pickup,Wallet,15,1.2,13.8,138,0,764,Eid al-Adha 2026
O202601535,C0060,2026-05-28,2026,May,22,Delivery,Cash,14.52,0.73,13.79,137,0,678,Eid al-Adha 2026
O202601536,C0149,2026-05-28,2026,May,22,Pickup,Card,0.8,0.04,0.76,7,0,157,Eid al-Adha 2026
O202601537,C0087,2026-05-28,2026,May,22,Pickup,Wallet,0.9,0.07,0.83,8,0,772,Eid al-Adha 2026
O202601538,C0057,2026-05-28,2026,May,22,In-store,Card,6.7,0.54,6.16,61,0,1052,Eid al-Adha 2026
O202601539,C0104,2026-05-28,2026,May,22,Pickup,Wallet,2,0.1,1.9,19,0,413,Eid al-Adha 2026
O202601540,C0040,2026-05-28,2026,May,22,Delivery,Wallet,7.02,0.35,6.67,66,0,470,Eid al-Adha 2026
O202601541,C0007,2026-05-29,2026,May,22,In-store,Card,2.86,0.29,2.57,25,0,498,Eid al-Adha 2026
O202601542,C0111,2026-05-29,2026,May,22,Delivery,Card,4.9,0.49,4.41,44,0,276,Eid al-Adha 2026
O202601543,C0121,2026-05-29,2026,May,22,Delivery,Wallet,2.2,0.22,1.98,19,100,1019,Eid al-Adha 2026
O202601544,C0097,2026-05-29,2026,May,22,In-store,Wallet,7.62,0.38,7.24,72,0,721,Eid al-Adha 2026
O202601545,C0122,2026-05-29,2026,May,22,In-store,Card,0.8,0.06,0.74,7,0,552,Eid al-Adha 2026
O202601546,C0031,2026-05-29,2026,May,22,Pickup,Card,1.99,0.2,1.79,17,0,384,Eid al-Adha 2026
O202601547,C0144,2026-05-29,2026,May,22,In-store,Card,3.35,0.34,3.01,30,0,165,Eid al-Adha 2026
O202601548,C0092,2026-05-29,2026,May,22,In-store,Cash,6.64,0.53,6.11,61,0,383,Eid al-Adha 2026
O202601549,C0014,2026-05-29,2026,May,22,Pickup,Card,2.04,0.1,1.94,19,0,431,Eid al-Adha 2026
O202601550,C0053,2026-05-29,2026,May,22,Delivery,Card,5.35,0.43,4.92,49,0,658,Eid al-Adha 2026
O202601551,C0109,2026-05-29,2026,May,22,In-store,Wallet,3.99,0.4,3.59,35,0,590,Eid al-Adha 2026
O202601552,C0016,2026-05-29,2026,May,22,Delivery,Card,15.6,1.25,14.35,143,0,766,Eid al-Adha 2026
O202601553,C0133,2026-05-29,2026,May,22,Delivery,Card,1.6,0.16,1.44,14,0,548,Eid al-Adha 2026
O202601554,C0010,2026-05-29,2026,May,22,Delivery,Cash,0.6,0.03,0.57,5,0,621,Eid al-Adha 2026
O202601555,C0055,2026-05-29,2026,May,22,Delivery,Card,0.72,0.07,0.65,6,0,112,Eid al-Adha 2026
O202601556,C0094,2026-05-30,2026,May,22,In-store,Cash,11.49,0.57,10.92,109,0,689,Eid al-Adha 2026
O202601557,C0019,2026-05-30,2026,May,22,Pickup,Card,3.94,0.2,3.74,37,0,213,Eid al-Adha 2026
O202601558,C0141,2026-05-30,2026,May,22,Pickup,Card,2.25,0.23,2.02,20,0,450,Eid al-Adha 2026
O202601559,C0102,2026-05-30,2026,May,22,In-store,Cash,0.8,0.08,0.72,7,0,243,Eid al-Adha 2026
O202601560,C0132,2026-05-30,2026,May,22,In-store,Cash,2.29,0.11,2.18,21,0,382,Eid al-Adha 2026
O202601561,C0063,2026-05-30,2026,May,22,Delivery,Card,16.27,0.81,15.46,154,0,535,Eid al-Adha 2026
O202601562,C0008,2026-05-30,2026,May,22,Pickup,Card,6.02,0.3,5.72,57,0,454,Eid al-Adha 2026
O202601563,C0067,2026-05-30,2026,May,22,Pickup,Cash,11.78,0.59,11.19,111,0,481,Eid al-Adha 2026
O202601564,C0144,2026-05-30,2026,May,22,Pickup,Card,1.6,0.16,1.44,14,0,179,Eid al-Adha 2026
O202601565,C0016,2026-05-30,2026,May,22,Pickup,Cash,0.25,0.01,0.24,2,0,768,Eid al-Adha 2026
O202601566,C0077,2026-05-30,2026,May,22,Delivery,Cash,6,0.3,5.7,57,0,837,Eid al-Adha 2026
O202601567,C0006,2026-05-30,2026,May,22,In-store,Cash,15,0.75,14.25,142,0,294,Eid al-Adha 2026
O202601568,C0042,2026-05-30,2026,May,22,Delivery,Cash,6.85,0.55,6.3,63,150,640,Eid al-Adha 2026
O202601569,C0073,2026-05-30,2026,May,22,In-store,Cash,3.85,0.39,3.46,34,0,525,Eid al-Adha 2026
O202601570,C0142,2026-05-30,2026,May,22,In-store,Wallet,16.74,1.67,15.07,150,0,632,Eid al-Adha 2026
O202601571,C0008,2026-05-30,2026,May,22,In-store,Cash,7.1,0.35,6.75,67,0,521,Eid al-Adha 2026
O202601572,C0105,2026-05-30,2026,May,22,In-store,Card,2.9,0.29,2.61,26,0,446,Eid al-Adha 2026
O202601573,C0130,2026-05-30,2026,May,22,Pickup,Cash,4.4,0.44,3.96,39,0,580,Eid al-Adha 2026
O202601574,C0037,2026-05-30,2026,May,22,In-store,Cash,1.2,0.1,1.1,11,0,629,Eid al-Adha 2026
O202601575,C0005,2026-05-30,2026,May,22,Pickup,Card,8.74,0.87,7.87,78,0,954,Eid al-Adha 2026
O202601576,C0101,2026-05-30,2026,May,22,Delivery,Card,1.4,0.11,1.29,12,0,460,Eid al-Adha 2026
O202601577,C0082,2026-05-31,2026,May,23,Pickup,Wallet,1.7,0,1.7,17,0,540,Normal
O202601578,C0096,2026-05-31,2026,May,23,Delivery,Cash,6.28,0.19,6.09,60,0,518,Normal
O202601579,C0040,2026-05-31,2026,May,23,Delivery,Wallet,5.15,0,5.15,51,0,521,Normal
O202601580,C0051,2026-05-31,2026,May,23,In-store,Wallet,1.6,0,1.6,16,0,355,Normal
O202601581,C0099,2026-05-31,2026,May,23,In-store,Card,3.9,0,3.9,39,0,452,Normal
O202601582,C0053,2026-05-31,2026,May,23,In-store,Card,27.23,0,27.23,272,0,930,Normal
O202601583,C0144,2026-05-31,2026,May,23,Delivery,Wallet,0.25,0,0.25,2,0,181,Normal
O202601584,C0059,2026-05-31,2026,May,23,Pickup,Cash,0.6,0,0.6,6,0,497,Normal
O202601585,C0140,2026-05-31,2026,May,23,Delivery,Cash,6.69,0,6.69,66,0,717,Normal
O202601586,C0011,2026-05-31,2026,May,23,Delivery,Wallet,1.3,0,1.3,13,0,669,Normal
O202601587,C0041,2026-05-31,2026,May,23,Pickup,Cash,2.7,0,2.7,27,0,619,Normal
O202601588,C0143,2026-06-01,2026,June,23,Pickup,Cash,0.25,0,0.25,2,0,304,Summer 2026
O202601589,C0083,2026-06-01,2026,June,23,In-store,Cash,1.2,0,1.2,12,0,1166,Summer 2026
O202601590,C0059,2026-06-01,2026,June,23,Pickup,Wallet,8.13,0,8.13,81,0,578,Summer 2026
O202601591,C0117,2026-06-01,2026,June,23,In-store,Cash,2.18,0,2.18,21,0,644,Summer 2026
O202601592,C0133,2026-06-01,2026,June,23,Delivery,Card,1.35,0,1.35,13,0,561,Summer 2026
O202601593,C0079,2026-06-01,2026,June,23,Pickup,Card,4.8,0,4.8,48,0,610,Summer 2026
O202601594,C0108,2026-06-01,2026,June,23,Delivery,Card,64.45,0,64.45,644,0,1660,Summer 2026
O202601595,C0091,2026-06-01,2026,June,23,In-store,Card,7.1,0.21,6.89,68,0,573,Summer 2026
O202601596,C0067,2026-06-01,2026,June,23,Delivery,Card,10.49,0,10.49,104,0,585,Summer 2026
O202601597,C0074,2026-06-01,2026,June,23,Delivery,Cash,7.19,0,7.19,71,0,433,Summer 2026
O202601598,C0082,2026-06-01,2026,June,23,In-store,Cash,5.69,0,5.69,56,0,596,Summer 2026
O202601599,C0140,2026-06-01,2026,June,23,Delivery,Card,1.4,0,1.4,14,0,731,Summer 2026
O202601600,C0110,2026-06-01,2026,June,23,Delivery,Wallet,1.85,0.06,1.79,17,0,483,Summer 2026
O202601601,C0131,2026-06-02,2026,June,23,Delivery,Wallet,7.22,0,7.22,72,0,757,Summer 2026
O202601602,C0136,2026-06-02,2026,June,23,Pickup,Wallet,3.59,0.11,3.48,34,0,455,Summer 2026
O202601603,C0079,2026-06-02,2026,June,23,In-store,Cash,33.45,0,33.45,334,0,944,Summer 2026
O202601604,C0101,2026-06-02,2026,June,23,In-store,Card,3,0,3,30,0,490,Summer 2026
O202601605,C0070,2026-06-02,2026,June,23,Delivery,Card,0.6,0,0.6,6,0,579,Summer 2026
O202601606,C0036,2026-06-02,2026,June,23,In-store,Card,4.39,0,4.39,43,0,477,Summer 2026
O202601607,C0002,2026-06-02,2026,June,23,Pickup,Cash,14.64,0,14.64,146,0,738,Summer 2026
O202601608,C0071,2026-06-03,2026,June,23,Pickup,Cash,12.72,0,12.72,127,0,465,Summer 2026
O202601609,C0047,2026-06-03,2026,June,23,In-store,Wallet,6,0,6,60,0,453,Summer 2026
O202601610,C0020,2026-06-03,2026,June,23,Delivery,Wallet,8.29,0,8.29,82,0,380,Summer 2026
O202601611,C0028,2026-06-03,2026,June,23,In-store,Card,6,0,6,60,0,434,Summer 2026
O202601612,C0140,2026-06-03,2026,June,23,Pickup,Card,4,0,4,40,0,771,Summer 2026
O202601613,C0088,2026-06-03,2026,June,23,Delivery,Cash,0.25,0,0.25,2,0,254,Summer 2026
O202601614,C0099,2026-06-03,2026,June,23,Pickup,Card,3.22,0,3.22,32,0,484,Summer 2026
O202601615,C0115,2026-06-04,2026,June,23,Delivery,Wallet,4.5,0,4.5,45,0,862,Summer 2026
O202601616,C0143,2026-06-04,2026,June,23,Delivery,Cash,1.97,0,1.97,19,0,323,Summer 2026
O202601617,C0131,2026-06-04,2026,June,23,In-store,Card,11.9,0,11.9,119,150,726,Summer 2026
O202601618,C0025,2026-06-04,2026,June,23,Pickup,Card,2.35,0,2.35,23,0,539,Summer 2026
O202601619,C0149,2026-06-04,2026,June,23,Delivery,Card,10.23,0.31,9.92,99,0,256,Summer 2026
O202601620,C0071,2026-06-04,2026,June,23,Delivery,Card,3.55,0,3.55,35,0,500,Summer 2026
O202601621,C0076,2026-06-04,2026,June,23,Delivery,Cash,4.03,0,4.03,40,0,639,Summer 2026
O202601622,C0067,2026-06-04,2026,June,23,In-store,Wallet,2.25,0,2.25,22,0,607,Summer 2026
O202601623,C0145,2026-06-04,2026,June,23,Delivery,Card,7.6,0,7.6,76,0,744,Summer 2026
O202601624,C0136,2026-06-04,2026,June,23,Delivery,Wallet,13.59,0,13.59,135,0,590,Summer 2026
O202601625,C0127,2026-06-04,2026,June,23,In-store,Cash,1.33,0,1.33,13,0,339,Summer 2026
O202601626,C0081,2026-06-05,2026,June,23,In-store,Cash,13.59,0,13.59,135,0,517,Summer 2026
O202601627,C0050,2026-06-05,2026,June,23,Pickup,Card,3.1,0,3.1,31,0,548,Summer 2026
O202601628,C0013,2026-06-05,2026,June,23,Delivery,Cash,16.27,0,16.27,162,0,534,Summer 2026
O202601629,C0073,2026-06-05,2026,June,23,Delivery,Card,7.6,0,7.6,76,0,601,Summer 2026
O202601630,C0113,2026-06-05,2026,June,23,Delivery,Wallet,2.97,0,2.97,29,0,699,Summer 2026
O202601631,C0081,2026-06-05,2026,June,23,In-store,Card,3.85,0,3.85,38,0,555,Summer 2026
O202601632,C0143,2026-06-05,2026,June,23,In-store,Cash,8.81,0,8.81,88,0,411,Summer 2026
O202601633,C0035,2026-06-05,2026,June,23,In-store,Card,5.49,0,5.49,54,0,773,Summer 2026
O202601634,C0139,2026-06-05,2026,June,23,Pickup,Wallet,53.99,0,53.99,539,0,1275,Summer 2026
O202601635,C0144,2026-06-05,2026,June,23,Pickup,Cash,0.25,0,0.25,2,0,183,Summer 2026
O202601636,C0002,2026-06-05,2026,June,23,Delivery,Cash,3.65,0,3.65,36,0,774,Summer 2026
O202601637,C0137,2026-06-06,2026,June,23,In-store,Card,4.8,0.14,4.66,46,0,450,Summer 2026
O202601638,C0061,2026-06-06,2026,June,23,Delivery,Wallet,2.45,0,2.45,24,0,602,Summer 2026
O202601639,C0009,2026-06-06,2026,June,23,Pickup,Cash,4.4,0,4.4,44,0,356,Summer 2026
O202601640,C0125,2026-06-06,2026,June,23,Delivery,Wallet,11.3,0,11.3,113,0,643,Summer 2026
O202601641,C0015,2026-06-06,2026,June,23,In-store,Card,1.8,0,1.8,18,0,805,Summer 2026
O202601642,C0126,2026-06-06,2026,June,23,Delivery,Card,1.95,0.06,1.89,18,0,61,Summer 2026
O202601643,C0089,2026-06-06,2026,June,23,Pickup,Card,1.93,0,1.93,19,0,422,Summer 2026
O202601644,C0014,2026-06-06,2026,June,23,In-store,Wallet,1.2,0,1.2,12,0,443,Summer 2026
O202601645,C0060,2026-06-06,2026,June,23,Delivery,Cash,17.56,0,17.56,175,0,853,Summer 2026
O202601646,C0109,2026-06-06,2026,June,23,In-store,Card,1.9,0,1.9,19,0,609,Summer 2026
O202601647,C0074,2026-06-06,2026,June,23,In-store,Card,2.66,0,2.66,26,0,459,Summer 2026
O202601648,C0133,2026-06-06,2026,June,23,Pickup,Cash,1.85,0,1.85,18,0,579,Summer 2026
O202601649,C0040,2026-06-06,2026,June,23,Delivery,Card,5.45,0,5.45,54,0,575,Summer 2026
O202601650,C0136,2026-06-06,2026,June,23,In-store,Card,7.93,0,7.93,79,0,669,Summer 2026
O202601651,C0137,2026-06-07,2026,June,24,In-store,Wallet,3.96,0.12,3.84,38,0,488,Summer 2026
O202601652,C0080,2026-06-07,2026,June,24,Delivery,Cash,8.49,0,8.49,84,0,365,Summer 2026
O202601653,C0121,2026-06-07,2026,June,24,Pickup,Cash,0.5,0,0.5,5,0,1024,Summer 2026
O202601654,C0084,2026-06-07,2026,June,24,Delivery,Card,3.09,0.09,3,30,0,494,Summer 2026
O202601655,C0114,2026-06-07,2026,June,24,In-store,Card,5.8,0,5.8,58,0,441,Summer 2026
O202601656,C0116,2026-06-07,2026,June,24,Delivery,Card,0.25,0,0.25,2,0,266,Summer 2026
O202601657,C0083,2026-06-07,2026,June,24,Delivery,Wallet,4.41,0,4.41,44,0,1210,Summer 2026
O202601658,C0104,2026-06-07,2026,June,24,Delivery,Wallet,1.98,0,1.98,19,0,432,Summer 2026
O202601659,C0148,2026-06-07,2026,June,24,In-store,Cash,7.88,0,7.88,78,0,612,Summer 2026
O202601660,C0107,2026-06-07,2026,June,24,Pickup,Cash,3.75,0,3.75,37,0,544,Summer 2026
O202601661,C0039,2026-06-07,2026,June,24,In-store,Wallet,0.55,0,0.55,5,0,351,Summer 2026
O202601662,C0065,2026-06-07,2026,June,24,In-store,Wallet,6.87,0,6.87,68,0,483,Summer 2026
O202601663,C0060,2026-06-07,2026,June,24,Delivery,Card,1.33,0,1.33,13,150,716,Summer 2026
O202601664,C0002,2026-06-07,2026,June,24,Delivery,Card,0.25,0,0.25,2,0,776,Summer 2026
O202601665,C0007,2026-06-07,2026,June,24,Delivery,Card,20.1,0,20.1,201,0,699,Summer 2026
O202601666,C0086,2026-06-07,2026,June,24,Delivery,Card,0.35,0,0.35,3,150,797,Summer 2026
O202601667,C0125,2026-06-08,2026,June,24,Pickup,Card,0.6,0,0.6,6,0,649,Summer 2026
O202601668,C0093,2026-06-08,2026,June,24,In-store,Card,3.99,0,3.99,39,0,797,Summer 2026
O202601669,C0019,2026-06-08,2026,June,24,Delivery,Card,1,0,1,10,0,223,Summer 2026
O202601670,C0002,2026-06-08,2026,June,24,In-store,Cash,5.7,0,5.7,57,0,833,Summer 2026
O202601671,C0150,2026-06-08,2026,June,24,Delivery,Cash,10.28,0.31,9.97,99,0,277,Summer 2026
O202601672,C0095,2026-06-08,2026,June,24,Delivery,Cash,4.65,0,4.65,46,0,757,Summer 2026
O202601673,C0095,2026-06-08,2026,June,24,In-store,Cash,18.54,0,18.54,185,0,942,Summer 2026
O202601674,C0086,2026-06-08,2026,June,24,Delivery,Card,3.59,0,3.59,35,0,832,Summer 2026
O202601675,C0110,2026-06-08,2026,June,24,Delivery,Card,13.05,0,13.05,130,0,613,Summer 2026
O202601676,C0048,2026-06-08,2026,June,24,Delivery,Cash,4.05,0.12,3.93,39,0,777,Summer 2026
O202601677,C0145,2026-06-09,2026,June,24,In-store,Card,1.95,0.06,1.89,18,0,762,Summer 2026
O202601678,C0021,2026-06-09,2026,June,24,Pickup,Cash,2.5,0,2.5,25,0,448,Summer 2026
O202601679,C0018,2026-06-09,2026,June,24,In-store,Cash,4.65,0,4.65,46,0,422,Summer 2026
O202601680,C0105,2026-06-09,2026,June,24,Pickup,Cash,5.74,0,5.74,57,0,503,Summer 2026
O202601681,C0060,2026-06-09,2026,June,24,In-store,Card,0.9,0.03,0.87,8,0,724,Summer 2026
O202601682,C0140,2026-06-10,2026,June,24,Delivery,Card,6.84,0,6.84,68,0,839,Summer 2026
O202601683,C0008,2026-06-10,2026,June,24,Delivery,Cash,3.3,0,3.3,33,0,554,Summer 2026
O202601684,C0072,2026-06-10,2026,June,24,In-store,Cash,3.45,0,3.45,34,0,322,Summer 2026
O202601685,C0115,2026-06-10,2026,June,24,Delivery,Cash,22.74,0,22.74,227,0,1089,Summer 2026
O202601686,C0039,2026-06-10,2026,June,24,Pickup,Wallet,5.43,0,5.43,54,0,405,Summer 2026
O202601687,C0104,2026-06-10,2026,June,24,Pickup,Card,4.84,0,4.84,48,0,480,Summer 2026
O202601688,C0064,2026-06-10,2026,June,24,Delivery,Card,8.85,0,8.85,88,0,856,Summer 2026
O202601689,C0131,2026-06-10,2026,June,24,Delivery,Wallet,10.6,0,10.6,106,0,832,Summer 2026
O202601690,C0018,2026-06-11,2026,June,24,Delivery,Cash,7.12,0,7.12,71,0,493,Summer 2026
O202601691,C0114,2026-06-11,2026,June,24,Delivery,Card,5.65,0,5.65,56,0,497,Summer 2026
O202601692,C0134,2026-06-11,2026,June,24,In-store,Cash,10,0,10,100,0,551,Summer 2026
O202601693,C0124,2026-06-11,2026,June,24,Pickup,Cash,3.63,0,3.63,36,0,725,Summer 2026
O202601694,C0084,2026-06-11,2026,June,24,Pickup,Card,8.1,0.24,7.86,78,0,572,Summer 2026
O202601695,C0025,2026-06-11,2026,June,24,Delivery,Card,8.2,0,8.2,82,0,621,Summer 2026
O202601696,C0046,2026-06-11,2026,June,24,Pickup,Cash,2.39,0,2.39,23,0,518,Summer 2026
O202601697,C0079,2026-06-11,2026,June,24,Pickup,Card,7.6,0.23,7.37,73,0,1017,Summer 2026
O202601698,C0006,2026-06-11,2026,June,24,Pickup,Cash,6.4,0,6.4,64,0,358,Summer 2026
O202601699,C0001,2026-06-11,2026,June,24,Delivery,Cash,4.44,0,4.44,44,0,625,Summer 2026
O202601700,C0086,2026-06-12,2026,June,24,Delivery,Cash,3.8,0,3.8,38,0,870,Summer 2026
O202601701,C0150,2026-06-12,2026,June,24,Delivery,Cash,4.51,0,4.51,45,0,322,Summer 2026
O202601702,C0083,2026-06-12,2026,June,24,In-store,Cash,20.38,0,20.38,203,0,1413,Summer 2026
O202601703,C0129,2026-06-12,2026,June,24,Delivery,Cash,8.7,0,8.7,87,0,273,Summer 2026
O202601704,C0070,2026-06-12,2026,June,24,Delivery,Cash,0.65,0,0.65,6,0,585,Summer 2026
O202601705,C0033,2026-06-12,2026,June,24,Pickup,Card,4,0,4,40,0,888,Summer 2026
O202601706,C0074,2026-06-12,2026,June,24,Delivery,Cash,9.66,0,9.66,96,0,555,Summer 2026
O202601707,C0076,2026-06-12,2026,June,24,Pickup,Card,3.55,0,3.55,35,0,674,Summer 2026
O202601708,C0035,2026-06-12,2026,June,24,In-store,Card,6.45,0.19,6.26,62,100,735,Summer 2026
O202601709,C0100,2026-06-12,2026,June,24,Pickup,Cash,1.2,0.04,1.16,11,0,270,Summer 2026
O202601710,C0022,2026-06-12,2026,June,24,In-store,Cash,7.5,0,7.5,75,0,323,Summer 2026
O202601711,C0081,2026-06-12,2026,June,24,In-store,Card,3,0,3,30,0,585,Summer 2026
O202601712,C0123,2026-06-12,2026,June,24,Pickup,Card,2.35,0,2.35,23,0,586,Summer 2026
O202601713,C0015,2026-06-12,2026,June,24,In-store,Cash,7.71,0,7.71,77,0,882,Summer 2026
O202601714,C0139,2026-06-13,2026,June,24,Delivery,Card,7.6,0,7.6,76,0,1351,Summer 2026
O202601715,C0083,2026-06-13,2026,June,24,Delivery,Card,11.42,0,11.42,114,0,1527,Summer 2026
O202601716,C0090,2026-06-13,2026,June,24,In-store,Wallet,7.5,0,7.5,75,0,282,Summer 2026
O202601717,C0015,2026-06-13,2026,June,24,In-store,Card,1.7,0,1.7,17,0,899,Summer 2026
O202601718,C0096,2026-06-13,2026,June,24,Pickup,Wallet,5.8,0,5.8,58,0,576,Summer 2026
O202601719,C0068,2026-06-13,2026,June,24,Pickup,Card,4,0,4,40,0,351,Summer 2026
O202601720,C0125,2026-06-13,2026,June,24,Pickup,Cash,8.1,0,8.1,81,0,730,Summer 2026
O202601721,C0063,2026-06-13,2026,June,24,In-store,Cash,3.9,0.12,3.78,37,0,572,Summer 2026
O202601722,C0093,2026-06-13,2026,June,24,In-store,Wallet,11.78,0,11.78,117,0,914,Summer 2026
O202601723,C0126,2026-06-13,2026,June,24,Delivery,Wallet,2,0,2,20,0,81,Summer 2026
O202601724,C0003,2026-06-13,2026,June,24,In-store,Card,1.9,0,1.9,19,0,545,Summer 2026
O202601725,C0132,2026-06-13,2026,June,24,In-store,Card,9.3,0,9.3,93,0,475,Summer 2026
O202601726,C0126,2026-06-13,2026,June,24,In-store,Card,2.2,0,2.2,22,0,103,Summer 2026
O202601727,C0125,2026-06-13,2026,June,24,Delivery,Card,1.8,0.05,1.75,17,0,747,Summer 2026
O202601728,C0001,2026-06-13,2026,June,24,Pickup,Card,2,0,2,20,0,645,Summer 2026
O202601729,C0006,2026-06-13,2026,June,24,Delivery,Cash,7.45,0.22,7.23,72,0,430,Summer 2026
O202601730,C0121,2026-06-13,2026,June,24,Delivery,Cash,6.72,0,6.72,67,0,1091,Summer 2026
O202601731,C0144,2026-06-13,2026,June,24,In-store,Cash,8.79,0,8.79,87,0,270,Summer 2026
O202601732,C0111,2026-06-14,2026,June,25,In-store,Wallet,1.85,0,1.85,18,0,294,Summer 2026
O202601733,C0092,2026-06-14,2026,June,25,Pickup,Wallet,3.13,0,3.13,31,0,414,Summer 2026
O202601734,C0060,2026-06-14,2026,June,25,In-store,Card,8.57,0.26,8.31,83,0,807,Summer 2026
O202601735,C0141,2026-06-14,2026,June,25,In-store,Cash,2.03,0,2.03,20,0,470,Summer 2026
O202601736,C0024,2026-06-14,2026,June,25,In-store,Card,4.34,0.13,4.21,42,0,347,Summer 2026
O202601737,C0138,2026-06-14,2026,June,25,Delivery,Card,3.2,0,3.2,32,0,548,Summer 2026
O202601738,C0025,2026-06-14,2026,June,25,Pickup,Wallet,6.05,0,6.05,60,200,481,Summer 2026
O202601739,C0098,2026-06-14,2026,June,25,Delivery,Card,20.21,0,20.21,202,0,807,Summer 2026
O202601740,C0014,2026-06-14,2026,June,25,Delivery,Cash,22.68,0,22.68,226,0,669,Summer 2026
O202601741,C0103,2026-06-14,2026,June,25,In-store,Cash,3.8,0,3.8,38,0,399,Summer 2026
O202601742,C0109,2026-06-14,2026,June,25,Delivery,Card,1.9,0.06,1.84,18,0,627,Summer 2026
O202601743,C0072,2026-06-14,2026,June,25,In-store,Card,1.65,0,1.65,16,0,338,Summer 2026
O202601744,C0124,2026-06-15,2026,June,25,In-store,Card,5.98,0,5.98,59,0,784,Summer 2026
O202601745,C0142,2026-06-15,2026,June,25,In-store,Wallet,2.97,0,2.97,29,100,561,Summer 2026
O202601746,C0010,2026-06-15,2026,June,25,In-store,Cash,4.3,0,4.3,43,0,664,Summer 2026
O202601747,C0116,2026-06-15,2026,June,25,Delivery,Cash,3.9,0,3.9,39,0,305,Summer 2026
O202601748,C0035,2026-06-15,2026,June,25,In-store,Card,2.3,0,2.3,23,0,758,Summer 2026
O202601749,C0135,2026-06-15,2026,June,25,In-store,Cash,2.05,0,2.05,20,0,536,Summer 2026
O202601750,C0126,2026-06-15,2026,June,25,Delivery,Wallet,2.4,0.07,2.33,23,0,126,Summer 2026
O202601751,C0124,2026-06-15,2026,June,25,Delivery,Wallet,8.78,0,8.78,87,0,871,Summer 2026
O202601752,C0086,2026-06-15,2026,June,25,In-store,Cash,0.25,0,0.25,2,0,872,Summer 2026
O202601753,C0077,2026-06-15,2026,June,25,Pickup,Cash,5.32,0,5.32,53,0,890,Summer 2026
O202601754,C0150,2026-06-15,2026,June,25,Delivery,Cash,4.65,0,4.65,46,0,368,Summer 2026
O202601755,C0082,2026-06-15,2026,June,25,Pickup,Card,2.02,0,2.02,20,0,616,Summer 2026
O202601756,C0027,2026-06-15,2026,June,25,In-store,Card,9.9,0,9.9,99,0,557,Summer 2026
O202601757,C0018,2026-06-16,2026,June,25,In-store,Card,4,0,4,40,0,533,Islamic New Year 2026
O202601758,C0133,2026-06-16,2026,June,25,Pickup,Cash,4.88,0.15,4.73,47,100,526,Islamic New Year 2026
O202601759,C0001,2026-06-16,2026,June,25,Delivery,Card,2.98,0,2.98,29,0,674,Islamic New Year 2026
O202601760,C0023,2026-06-16,2026,June,25,Delivery,Card,4.77,0.14,4.63,46,0,493,Islamic New Year 2026
O202601761,C0084,2026-06-16,2026,June,25,Pickup,Card,6.09,0,6.09,60,0,632,Islamic New Year 2026
O202601762,C0032,2026-06-16,2026,June,25,Pickup,Card,0.55,0,0.55,5,0,765,Islamic New Year 2026
O202601763,C0127,2026-06-16,2026,June,25,Delivery,Cash,6.7,0,6.7,67,0,406,Islamic New Year 2026
O202601764,C0030,2026-06-16,2026,June,25,Delivery,Card,2.66,0,2.66,26,0,525,Islamic New Year 2026
O202601765,C0136,2026-06-16,2026,June,25,Pickup,Card,8.13,0,8.13,81,0,750,Islamic New Year 2026
O202601766,C0068,2026-06-16,2026,June,25,In-store,Card,14.07,0,14.07,140,0,491,Islamic New Year 2026
O202601767,C0147,2026-06-17,2026,June,25,In-store,Cash,5.6,0.17,5.43,54,0,635,Summer 2026
O202601768,C0059,2026-06-17,2026,June,25,Pickup,Cash,11.25,0,11.25,112,0,690,Summer 2026
O202601769,C0054,2026-06-17,2026,June,25,In-store,Cash,6.33,0,6.33,63,0,622,Summer 2026
O202601770,C0100,2026-06-17,2026,June,25,Pickup,Cash,6.55,0,6.55,65,0,335,Summer 2026
O202601771,C0084,2026-06-17,2026,June,25,Delivery,Cash,3,0.09,2.91,29,0,661,Summer 2026
O202601772,C0050,2026-06-17,2026,June,25,Delivery,Cash,0.75,0,0.75,7,0,555,Summer 2026
O202601773,C0133,2026-06-17,2026,June,25,In-store,Card,3.1,0,3.1,31,0,557,Summer 2026
O202601774,C0101,2026-06-17,2026,June,25,In-store,Card,3.65,0.11,3.54,35,0,525,Summer 2026
O202601775,C0009,2026-06-17,2026,June,25,Pickup,Card,0.8,0.02,0.78,7,0,363,Summer 2026
O202601776,C0137,2026-06-17,2026,June,25,Pickup,Cash,1.9,0,1.9,19,0,507,Summer 2026
O202601777,C0090,2026-06-17,2026,June,25,Delivery,Wallet,4.49,0,4.49,44,0,326,Summer 2026
O202601778,C0029,2026-06-17,2026,June,25,Delivery,Card,0.6,0,0.6,6,0,355,Summer 2026
