order_item_id,order_id,order_date,customer_id,product_id,product_name,category,association_group,quantity,unit_price_jd,line_total_jd,season_event
I2026000001,O202600001,2026-01-01,C0114,101,Mandi Basmati Rice 4 kg,rice,Rice,3,4.97,14.91,Winter 2026
I2026000002,O202600002,2026-01-01,C0056,101,Mandi Basmati Rice 4 kg,rice,Rice,1,4.97,4.97,Winter 2026
I2026000003,O202600002,2026-01-01,C0056,109,"Mazola Sunflower Oil, 1.5L",oil,Oil,1,3.39,3.39,Winter 2026
I2026000004,O202600002,2026-01-01,C0056,166,Maxim's Sliced Tuna With Garlic And Black Pepper 120 g,Canned Seafood,Spices & Seasonings,1,2.29,2.29,Winter 2026
I2026000005,O202600002,2026-01-01,C0056,45,"Al Youm Labneh, 200g",labneh,Eggs,3,1.25,3.75,Winter 2026
I2026000006,O202600002,2026-01-01,C0056,76,"Nadec Banana Flavor Milk, 6x125ml",Long Life Milk,Dairy,1,1.35,1.35,Winter 2026
I2026000007,O202600003,2026-01-01,C0076,106,Barilla Rigatoni 500 g,pasta,Pasta,1,1.68,1.68,Winter 2026
I2026000008,O202600004,2026-01-02,C0024,133,Spice Classics Basil Leaves 6.25 g,Cooking & Baking,Spices & Seasonings,1,1.99,1.99,Winter 2026
I2026000009,O202600005,2026-01-02,C0022,112,"Kasih Vegetable Oil Cooking Spray, 141g",oil,Oil,1,2.25,2.25,Winter 2026
I2026000010,O202600005,2026-01-02,C0022,100,Tiger Rice 3.5 kg,rice,Rice,1,3.65,3.65,Winter 2026
I2026000011,O202600005,2026-01-02,C0022,144,"Aroma Garden Magloubeh Spices, 100g",Cooking & Baking,Spices & Seasonings,1,2.09,2.09,Winter 2026
I2026000012,O202600006,2026-01-02,C0070,103,"Abu Kass Basmati Rice, 4kg",rice,Rice,1,5.49,5.49,Winter 2026
I2026000013,O202600006,2026-01-02,C0070,105,"Al-Ghazal Pasta Bucatini 1, 300g",pasta,Pasta,1,0.49,0.49,Winter 2026
I2026000014,O202600006,2026-01-02,C0070,109,"Mazola Sunflower Oil, 1.5L",oil,Oil,1,3.39,3.39,Winter 2026
I2026000015,O202600006,2026-01-02,C0070,129,Blue Mill Paprika 200 g,Cooking & Baking,Spices & Seasonings,1,3.85,3.85,Winter 2026
I2026000016,O202600006,2026-01-02,C0070,87,"Pascual Vive Soy High Calcium Oat Drink, 1L",Milk Alternatives,Eggs,2,3.5,7,Winter 2026
I2026000017,O202600006,2026-01-02,C0070,178,"Luna Red Kidney Beans, 380g",Canned Vegetables,Canned Food,1,0.76,0.76,Winter 2026
I2026000018,O202600007,2026-01-03,C0019,55,"Hammoudeh Fresh Yoghurt, 700g",youghurt,Dairy,1,1,1,Winter 2026
I2026000019,O202600008,2026-01-03,C0038,175,"American Garden Red Kidney Beans (Easy Open Lids), 400g",Canned Vegetables,Canned Vegetables,1,0.79,0.79,Winter 2026
I2026000020,O202600008,2026-01-03,C0038,104,"Pasta Zara Conchiglie No.54, 500g",pasta,Pasta,1,1.31,1.31,Winter 2026
I2026000021,O202600009,2026-01-03,C0101,103,"Abu Kass Basmati Rice, 4kg",rice,Rice,1,5.49,5.49,Winter 2026
I2026000022,O202600010,2026-01-03,C0118,167,Maxim's Smoked Tuna Oil 185 g,Canned Seafood,Oil,1,3,3,Winter 2026
I2026000023,O202600010,2026-01-03,C0118,103,"Abu Kass Basmati Rice, 4kg",rice,Rice,1,5.49,5.49,Winter 2026
I2026000024,O202600010,2026-01-03,C0118,297,"Mr.Chips Paprika Potato Chips, 68g",Chips,Spices & Seasonings,2,0.6,1.2,Winter 2026
I2026000025,O202600011,2026-01-03,C0117,46,"Teeba 9% Fat Labneh, 500g",labneh,Dairy,2,2.25,4.5,Winter 2026
I2026000026,O202600012,2026-01-03,C0080,145,"Aroma Garden Biryani Spices, 100g",Cooking & Baking,Spices & Seasonings,1,2.09,2.09,Winter 2026
I2026000027,O202600012,2026-01-03,C0080,69,"Nadec Long Life Full Fat UHT Milk, 4x1L",Long Life Milk,Dairy,1,3.35,3.35,Winter 2026
I2026000028,O202600013,2026-01-03,C0021,56,"Almarai Cream Cheese, 6 Portion, 108g",cheese,Dairy,1,1.02,1.02,Winter 2026
I2026000029,O202600014,2026-01-03,C0085,107,"Barakah Al Sanabel Chiffari Lisci, 450g",pasta,Pasta,1,0.35,0.35,Winter 2026
I2026000030,O202600015,2026-01-03,C0086,107,"Barakah Al Sanabel Chiffari Lisci, 450g",pasta,Pasta,3,0.35,1.05,Winter 2026
I2026000031,O202600016,2026-01-04,C0028,277,"Ozmo Milk Chocolate Egg Shapes, 20g",Chocolate,Dairy,1,0.75,0.75,Winter 2026
I2026000032,O202600017,2026-01-04,C0007,93,"Alyoum Fresh Jameed Liquid, 1kg",Yoghurts,Dairy,1,1.75,1.75,Winter 2026
I2026000033,O202600018,2026-01-04,C0019,297,"Mr.Chips Paprika Potato Chips, 68g",Chips,Spices & Seasonings,1,0.6,0.6,Winter 2026
I2026000034,O202600019,2026-01-04,C0144,105,"Al-Ghazal Pasta Bucatini 1, 300g",pasta,Pasta,1,0.49,0.49,Winter 2026
I2026000035,O202600020,2026-01-04,C0103,306,"Lay's Chili Potato Chips, 110g",Chips,Chips,1,1,1,Winter 2026
I2026000036,O202600020,2026-01-04,C0103,178,"Luna Red Kidney Beans, 380g",Canned Vegetables,Canned Food,1,0.76,0.76,Winter 2026
I2026000037,O202600021,2026-01-04,C0033,152,"Benina Garlic Chili Sauce, 280g",Cooking & Baking,Spices & Seasonings,1,1.49,1.49,Winter 2026
I2026000038,O202600021,2026-01-04,C0033,284,"Kinder Happy Hippo Biscuits with Double Cream Filling, 103.5g",Chocolate,Dairy,1,1.95,1.95,Winter 2026
I2026000039,O202600021,2026-01-04,C0033,100,Tiger Rice 3.5 kg,rice,Rice,1,3.65,3.65,Winter 2026
I2026000040,O202600022,2026-01-04,C0017,297,"Mr.Chips Paprika Potato Chips, 68g",Chips,Spices & Seasonings,2,0.6,1.2,Winter 2026
I2026000041,O202600023,2026-01-04,C0065,142,"Aroma Garden Organic Meat Spices, 120g",Cooking & Baking,Spices & Seasonings,1,2.09,2.09,Winter 2026
I2026000042,O202600024,2026-01-04,C0130,179,"California Garden Whole Kernal Sweet Corn, 400g",Canned Vegetables,Canned Vegetables,2,1.05,2.1,Winter 2026
I2026000043,O202600024,2026-01-04,C0130,107,"Barakah Al Sanabel Chiffari Lisci, 450g",pasta,Pasta,1,0.35,0.35,Winter 2026
I2026000044,O202600025,2026-01-05,C0017,195,Maxim's Mushrooms 425 g 3+1,Canned Fruit,Canned Food,3,6.35,19.05,Winter 2026
I2026000045,O202600025,2026-01-05,C0017,46,"Teeba 9% Fat Labneh, 500g",labneh,Dairy,1,2.25,2.25,Winter 2026
I2026000046,O202600025,2026-01-05,C0017,104,"Pasta Zara Conchiglie No.54, 500g",pasta,Pasta,1,1.31,1.31,Winter 2026
I2026000047,O202600026,2026-01-05,C0060,62,"Lurpak Unsalted Butter, 100g",butter,Dairy,3,1.13,3.39,Winter 2026
I2026000048,O202600027,2026-01-05,C0115,152,"Benina Garlic Chili Sauce, 280g",Cooking & Baking,Spices & Seasonings,1,1.49,1.49,Winter 2026
I2026000049,O202600027,2026-01-05,C0115,233,"Baladna Coffee with Milk Low Fat Cow Milk, 250ml",Specialty Drinks,Dairy,3,0.8,2.4,Winter 2026
I2026000050,O202600028,2026-01-05,C0099,175,"American Garden Red Kidney Beans (Easy Open Lids), 400g",Canned Vegetables,Canned Vegetables,2,0.79,1.58,Winter 2026
I2026000051,O202600028,2026-01-05,C0099,106,Barilla Rigatoni 500 g,pasta,Pasta,1,1.68,1.68,Winter 2026
I2026000052,O202600029,2026-01-05,C0012,83,"Alinor Organic Plant Based Almond Barista Drink, 1L",Milk Alternatives,Dairy,1,3.5,3.5,Winter 2026
I2026000053,O202600030,2026-01-05,C0049,143,"Aroma Garden Seven Spices, 100g",Cooking & Baking,Spices & Seasonings,1,2.09,2.09,Winter 2026
I2026000054,O202600030,2026-01-05,C0049,314,"Mr.Chips Pizza Flavor Corn Chips, 58g",Chips,Canned Vegetables,1,0.25,0.25,Winter 2026
I2026000055,O202600030,2026-01-05,C0049,105,"Al-Ghazal Pasta Bucatini 1, 300g",pasta,Pasta,1,0.49,0.49,Winter 2026
I2026000056,O202600031,2026-01-05,C0116,88,"Almarai Greek Style Mango Yoghurt, 150g",Yoghurts,Dairy,1,0.9,0.9,Winter 2026
I2026000057,O202600032,2026-01-05,C0104,154,"Benina Chili Oil, 150ml",Cooking & Baking,Oil,1,1.49,1.49,Winter 2026
I2026000058,O202600032,2026-01-05,C0104,103,"Abu Kass Basmati Rice, 4kg",rice,Rice,1,5.49,5.49,Winter 2026
I2026000059,O202600032,2026-01-05,C0104,143,"Aroma Garden Seven Spices, 100g",Cooking & Baking,Spices & Seasonings,1,2.09,2.09,Winter 2026
I2026000060,O202600032,2026-01-05,C0104,251,"Red Bull Energy Drink Watermelon, 250ml",Sports & Energy Drinks,Water,1,1.6,1.6,Winter 2026
I2026000061,O202600033,2026-01-06,C0036,44,"Almarai Labneh, 500g",labneh,Dairy,1,2.21,2.21,Winter 2026
I2026000062,O202600034,2026-01-06,C0038,83,"Alinor Organic Plant Based Almond Barista Drink, 1L",Milk Alternatives,Dairy,1,3.5,3.5,Winter 2026
I2026000063,O202600035,2026-01-06,C0089,101,Mandi Basmati Rice 4 kg,rice,Rice,1,4.97,4.97,Winter 2026
I2026000064,O202600035,2026-01-06,C0089,168,"Al Sayad Tuna In Vegetable Oil, 160g",Canned Seafood,Oil,1,0.79,0.79,Winter 2026
I2026000065,O202600035,2026-01-06,C0089,165,NewLand Mayonnaise Garlic Flavor 300ml,Cooking & Baking,Spices & Seasonings,1,1.61,1.61,Winter 2026
I2026000066,O202600035,2026-01-06,C0089,83,"Alinor Organic Plant Based Almond Barista Drink, 1L",Milk Alternatives,Eggs,1,3.5,3.5,Winter 2026
I2026000067,O202600035,2026-01-06,C0089,312,"Pringles Sour Cream & Onion Chips Can, 165g",Chips,Dairy,1,1.7,1.7,Winter 2026
I2026000068,O202600036,2026-01-06,C0109,100,Tiger Rice 3.5 kg,rice,Rice,3,3.65,10.95,Winter 2026
I2026000069,O202600037,2026-01-06,C0109,107,"Barakah Al Sanabel Chiffari Lisci, 450g",pasta,Pasta,1,0.35,0.35,Winter 2026
I2026000070,O202600037,2026-01-06,C0109,333,"Bifa Keks Roll Cake with Cocoa Cream, 50g",Cakes and Rolls,Bakery,2,0.25,0.5,Winter 2026
I2026000071,O202600038,2026-01-06,C0139,62,"Lurpak Unsalted Butter, 100g",butter,Dairy,1,1.13,1.13,Winter 2026
I2026000072,O202600039,2026-01-06,C0017,62,"Lurpak Unsalted Butter, 100g",butter,Dairy,1,1.13,1.13,Winter 2026
I2026000073,O202600039,2026-01-06,C0017,105,"Al-Ghazal Pasta Bucatini 1, 300g",pasta,Pasta,1,0.49,0.49,Winter 2026
I2026000074,O202600040,2026-01-06,C0133,192,Zwan Chicken Hotdogs Ã— 2 Special Offer,Canned Meat,Canned Food,1,4.5,4.5,Winter 2026
I2026000075,O202600041,2026-01-06,C0124,176,"NewLand Crushed Italian Tomatoes, 400g",Canned Vegetables,Canned Food,1,1.17,1.17,Winter 2026
I2026000076,O202600041,2026-01-06,C0124,106,Barilla Rigatoni 500 g,pasta,Pasta,1,1.68,1.68,Winter 2026
I2026000077,O202600042,2026-01-06,C0138,179,"California Garden Whole Kernal Sweet Corn, 400g",Canned Vegetables,Canned Vegetables,1,1.05,1.05,Winter 2026
I2026000078,O202600042,2026-01-06,C0138,171,"Rio Mare Tuna In Olive Oil, 2x160g",Canned Seafood,Canned Food,1,5.5,5.5,Winter 2026
I2026000079,O202600042,2026-01-06,C0138,106,Barilla Rigatoni 500 g,pasta,Pasta,1,1.68,1.68,Winter 2026
I2026000080,O202600043,2026-01-07,C0095,47,"Teeba Labneh, 180g",labneh,Dairy,2,1,2,Winter 2026
I2026000081,O202600044,2026-01-07,C0053,166,Maxim's Sliced Tuna With Garlic And Black Pepper 120 g,Canned Seafood,Canned Food,1,2.29,2.29,Winter 2026
I2026000082,O202600044,2026-01-07,C0053,329,"Americana Chocolate Pound Cake, 300g",Cakes and Rolls,Bakery,1,1.9,1.9,Winter 2026
I2026000083,O202600045,2026-01-07,C0018,48,"Almarai Uht Full Fat Milk with Vitamins, 4x1L",milk,Dairy,1,3.77,3.77,Winter 2026
I2026000084,O202600046,2026-01-07,C0140,106,Barilla Rigatoni 500 g,pasta,Pasta,2,1.68,3.36,Winter 2026
I2026000085,O202600047,2026-01-07,C0047,280,"Ferrero Rocher Fine Crunchy Hazelnuts Dipped in Smooth Milk Chocolate, (3 Pieces), 37.5g",Chocolate,Dairy,1,1,1,Winter 2026
I2026000086,O202600048,2026-01-07,C0041,73,"Koita Organic Whole Cream Milk, 1L",Long Life Milk,Dairy,1,3.1,3.1,Winter 2026
I2026000087,O202600048,2026-01-07,C0041,107,"Barakah Al Sanabel Chiffari Lisci, 450g",pasta,Pasta,3,0.35,1.05,Winter 2026
I2026000088,O202600049,2026-01-07,C0148,106,Barilla Rigatoni 500 g,pasta,Pasta,2,1.68,3.36,Winter 2026
I2026000089,O202600050,2026-01-08,C0080,302,"Mr.Chips Cheese Pop Corn, 58g",Chips,Canned Vegetables,1,0.65,0.65,Winter 2026
I2026000090,O202600050,2026-01-08,C0080,106,Barilla Rigatoni 500 g,pasta,Pasta,1,1.68,1.68,Winter 2026
I2026000091,O202600051,2026-01-08,C0117,144,"Aroma Garden Magloubeh Spices, 100g",Cooking & Baking,Spices & Seasonings,1,2.09,2.09,Winter 2026
I2026000092,O202600052,2026-01-08,C0085,145,"Aroma Garden Biryani Spices, 100g",Cooking & Baking,Spices & Seasonings,2,2.09,4.18,Winter 2026
I2026000093,O202600053,2026-01-08,C0067,133,Spice Classics Basil Leaves 6.25 g,Cooking & Baking,Spices & Seasonings,1,1.99,1.99,Winter 2026
I2026000094,O202600054,2026-01-08,C0085,144,"Aroma Garden Magloubeh Spices, 100g",Cooking & Baking,Spices & Seasonings,1,2.09,2.09,Winter 2026
I2026000095,O202600055,2026-01-08,C0080,180,Albayrouty Mushroom Slices 400 g,Canned Vegetables,Canned Vegetables,1,1.05,1.05,Winter 2026
I2026000096,O202600055,2026-01-08,C0080,107,"Barakah Al Sanabel Chiffari Lisci, 450g",pasta,Pasta,1,0.35,0.35,Winter 2026
I2026000097,O202600055,2026-01-08,C0080,321,"Molto XL Croissant Chocolate With Hazelnut, 42.5g",Cakes and Rolls,Bakery,1,0.25,0.25,Winter 2026
I2026000098,O202600056,2026-01-08,C0133,141,"Aroma Garden Chicken Spices, 100g",Cooking & Baking,Spices & Seasonings,1,2.09,2.09,Winter 2026
I2026000099,O202600056,2026-01-08,C0133,78,"Nadec Full Fat Fresh Milk, 6x125ml",Long Life Milk,Eggs,2,1.13,2.26,Winter 2026
I2026000100,O202600057,2026-01-09,C0032,85,"Alpro Plant-Based Barista Soya Drink, 1L",Milk Alternatives,Dairy,1,2.8,2.8,Winter 2026
I2026000101,O202600058,2026-01-09,C0038,62,"Lurpak Unsalted Butter, 100g",butter,Dairy,1,1.13,1.13,Winter 2026
I2026000102,O202600059,2026-01-09,C0086,331,"L'usine Soft Cupcakes Filled with Strawberry Cream, 18x30g",Cakes and Rolls,Dairy,1,1.8,1.8,Winter 2026
I2026000103,O202600060,2026-01-10,C0060,148,"Durra Lemon Seasoning, 1000ml",Cooking & Baking,Spices & Seasonings,2,1.85,3.7,Winter 2026
I2026000104,O202600060,2026-01-10,C0060,312,"Pringles Sour Cream & Onion Chips Can, 165g",Chips,Dairy,1,1.7,1.7,Winter 2026
I2026000105,O202600061,2026-01-10,C0119,171,"Rio Mare Tuna In Olive Oil, 2x160g",Canned Seafood,Oil,1,5.5,5.5,Winter 2026
I2026000106,O202600061,2026-01-10,C0119,174,"Maxims Sweet Corn, 340g",Canned Vegetables,Canned Food,1,1.5,1.5,Winter 2026
I2026000107,O202600061,2026-01-10,C0119,100,Tiger Rice 3.5 kg,rice,Rice,2,3.65,7.3,Winter 2026
I2026000108,O202600061,2026-01-10,C0119,145,"Aroma Garden Biryani Spices, 100g",Cooking & Baking,Spices & Seasonings,1,2.09,2.09,Winter 2026
I2026000109,O202600062,2026-01-10,C0121,141,"Aroma Garden Chicken Spices, 100g",Cooking & Baking,Spices & Seasonings,1,2.09,2.09,Winter 2026
I2026000110,O202600062,2026-01-10,C0121,341,"Cool Gear Water Bottle - Pink, 650ml",back to school,Water,2,3.75,7.5,Winter 2026
I2026000111,O202600063,2026-01-10,C0139,291,"Mr.Chips Bugles Cheese Flavor Corn Snacks, 33g",Chips,Canned Vegetables,2,0.3,0.6,Winter 2026
I2026000112,O202600063,2026-01-10,C0139,107,"Barakah Al Sanabel Chiffari Lisci, 450g",pasta,Pasta,1,0.35,0.35,Winter 2026
I2026000113,O202600064,2026-01-10,C0121,143,"Aroma Garden Seven Spices, 100g",Cooking & Baking,Spices & Seasonings,1,2.09,2.09,Winter 2026
I2026000114,O202600064,2026-01-10,C0121,106,Barilla Rigatoni 500 g,pasta,Pasta,1,1.68,1.68,Winter 2026
I2026000115,O202600064,2026-01-10,C0121,324,"Eti Adicto Gold Mini Chocolate Brown Cake, 180g",Cakes and Rolls,Chocolate,1,1.7,1.7,Winter 2026
I2026000116,O202600065,2026-01-10,C0052,73,"Koita Organic Whole Cream Milk, 1L",Long Life Milk,Dairy,1,3.1,3.1,Winter 2026
I2026000117,O202600066,2026-01-10,C0128,105,"Al-Ghazal Pasta Bucatini 1, 300g",pasta,Pasta,1,0.49,0.49,Winter 2026
I2026000118,O202600067,2026-01-10,C0071,106,Barilla Rigatoni 500 g,pasta,Pasta,1,1.68,1.68,Winter 2026
I2026000119,O202600067,2026-01-10,C0071,110,"Golden Corn Oil, 2.9L",oil,Canned Vegetables,1,5.69,5.69,Winter 2026
I2026000120,O202600067,2026-01-10,C0071,297,"Mr.Chips Paprika Potato Chips, 68g",Chips,Spices & Seasonings,1,0.6,0.6,Winter 2026
I2026000121,O202600067,2026-01-10,C0071,300,"Mr.Chips Chilli Potato Chips, 68g",Chips,Chips,1,0.6,0.6,Winter 2026
I2026000122,O202600067,2026-01-10,C0071,75,"KDD Strawberry Flavored Milk, 6x250ml",Long Life Milk,Dairy,1,2.25,2.25,Winter 2026
I2026000123,O202600068,2026-01-10,C0009,274,"Nestle Kitkat Hazelnut 4 Fingers Chocolate, 41.5g",Chocolate,Chocolate,1,0.8,0.8,Winter 2026
I2026000124,O202600068,2026-01-10,C0009,70,"Koita Lactose Free Skim Milk, 1L",Long Life Milk,Dairy,2,3.1,6.2,Winter 2026
I2026000125,O202600069,2026-01-10,C0133,78,"Nadec Full Fat Fresh Milk, 6x125ml",Long Life Milk,Dairy,1,1.13,1.13,Winter 2026
I2026000126,O202600070,2026-01-10,C0119,54,"Teeba Yoghurt, 700g",youghurt,Dairy,1,1,1,Winter 2026
I2026000127,O202600070,2026-01-10,C0119,106,Barilla Rigatoni 500 g,pasta,Pasta,1,1.68,1.68,Winter 2026
I2026000128,O202600071,2026-01-11,C0145,144,"Aroma Garden Magloubeh Spices, 100g",Cooking & Baking,Spices & Seasonings,1,2.09,2.09,Winter 2026
I2026000129,O202600072,2026-01-11,C0096,288,"Galaxy Jewels Assorted Chocolate Box, 650g",Chocolate,Chocolate,1,17.3,17.3,Winter 2026
I2026000130,O202600072,2026-01-11,C0096,81,"Koita Organic Almond Milk, 1L",Milk Alternatives,Dairy,1,3.7,3.7,Winter 2026
I2026000131,O202600072,2026-01-11,C0096,100,Tiger Rice 3.5 kg,rice,Rice,1,3.65,3.65,Winter 2026
I2026000132,O202600073,2026-01-11,C0132,48,"Almarai Uht Full Fat Milk with Vitamins, 4x1L",milk,Dairy,1,3.77,3.77,Winter 2026
I2026000133,O202600074,2026-01-11,C0069,117,"Kasih Corn Starch Pouches, 350g",Cooking & Baking,Canned Vegetables,1,1.19,1.19,Winter 2026
I2026000134,O202600074,2026-01-11,C0069,107,"Barakah Al Sanabel Chiffari Lisci, 450g",pasta,Pasta,1,0.35,0.35,Winter 2026
I2026000135,O202600075,2026-01-11,C0112,76,"Nadec Banana Flavor Milk, 6x125ml",Long Life Milk,Dairy,1,1.35,1.35,Winter 2026
I2026000136,O202600076,2026-01-11,C0146,55,"Hammoudeh Fresh Yoghurt, 700g",youghurt,Dairy,1,1,1,Winter 2026
I2026000137,O202600077,2026-01-11,C0007,317,"Spuds Sour Cream & Onion Craft Cooked Chips, 65g",Chips,Dairy,1,0.75,0.75,Winter 2026
I2026000138,O202600078,2026-01-11,C0073,319,"Spuds Sweet & Chilli Salsa Craft Cooked Chips, 65g",Chips,Chips,1,0.75,0.75,Winter 2026
I2026000139,O202600078,2026-01-11,C0073,52,"Almarai Full Fat Fresh Yoghurt, 700g",youghurt,Dairy,2,1,2,Winter 2026
I2026000140,O202600079,2026-01-11,C0135,165,NewLand Mayonnaise Garlic Flavor 300ml,Cooking & Baking,Spices & Seasonings,1,1.61,1.61,Winter 2026
I2026000141,O202600080,2026-01-11,C0009,304,"Lay's Salt & Vinegar Chips, 110g",Chips,Chips,1,1,1,Winter 2026
I2026000142,O202600080,2026-01-11,C0009,198,"Pomi Whole Peeled Tomatoes, 400g",Canned Fruit,Canned Food,1,1.75,1.75,Winter 2026
I2026000143,O202600081,2026-01-11,C0100,280,"Ferrero Rocher Fine Crunchy Hazelnuts Dipped in Smooth Milk Chocolate, (3 Pieces), 37.5g",Chocolate,Chocolate,2,1,2,Winter 2026
I2026000144,O202600081,2026-01-11,C0100,66,"Almarai Cooking Cream, 500ml",cream,Dairy,2,2.65,5.3,Winter 2026
I2026000145,O202600082,2026-01-11,C0116,48,"Almarai Uht Full Fat Milk with Vitamins, 4x1L",milk,Dairy,1,3.77,3.77,Winter 2026
I2026000146,O202600083,2026-01-11,C0112,148,"Durra Lemon Seasoning, 1000ml",Cooking & Baking,Spices & Seasonings,1,1.85,1.85,Winter 2026
I2026000147,O202600084,2026-01-11,C0020,330,"L'usine Cupcakes Filled with Chocolate Cream, 18x30g",Cakes and Rolls,Dairy,1,1.8,1.8,Winter 2026
I2026000148,O202600084,2026-01-11,C0020,100,Tiger Rice 3.5 kg,rice,Rice,1,3.65,3.65,Winter 2026
I2026000149,O202600085,2026-01-12,C0048,282,"Storck Toffifee Hazelnut In Caramel Candy, 125g",Chocolate,Chocolate,1,2.15,2.15,Winter 2026
I2026000150,O202600085,2026-01-12,C0048,52,"Almarai Full Fat Fresh Yoghurt, 700g",youghurt,Dairy,1,1,1,Winter 2026
I2026000151,O202600085,2026-01-12,C0048,101,Mandi Basmati Rice 4 kg,rice,Rice,3,4.97,14.91,Winter 2026
I2026000152,O202600086,2026-01-12,C0131,331,"L'usine Soft Cupcakes Filled with Strawberry Cream, 18x30g",Cakes and Rolls,Dairy,1,1.8,1.8,Winter 2026
I2026000153,O202600086,2026-01-12,C0131,321,"Molto XL Croissant Chocolate With Hazelnut, 42.5g",Cakes and Rolls,Bakery,1,0.25,0.25,Winter 2026
I2026000154,O202600087,2026-01-12,C0133,167,Maxim's Smoked Tuna Oil 185 g,Canned Seafood,Oil,1,3,3,Winter 2026
I2026000155,O202600087,2026-01-12,C0133,48,"Almarai Uht Full Fat Milk with Vitamins, 4x1L",milk,Dairy,1,3.77,3.77,Winter 2026
I2026000156,O202600087,2026-01-12,C0133,101,Mandi Basmati Rice 4 kg,rice,Rice,1,4.97,4.97,Winter 2026
I2026000157,O202600088,2026-01-12,C0106,144,"Aroma Garden Magloubeh Spices, 100g",Cooking & Baking,Spices & Seasonings,3,2.09,6.27,Winter 2026
I2026000158,O202600089,2026-01-12,C0102,142,"Aroma Garden Organic Meat Spices, 120g",Cooking & Baking,Spices & Seasonings,1,2.09,2.09,Winter 2026
I2026000159,O202600090,2026-01-12,C0137,232,"KDD Milk Coffee Latte, 250ml",Specialty Drinks,Dairy,1,0.7,0.7,Winter 2026
I2026000160,O202600090,2026-01-12,C0137,104,"Pasta Zara Conchiglie No.54, 500g",pasta,Pasta,3,1.31,3.93,Winter 2026
I2026000161,O202600091,2026-01-12,C0125,300,"Mr.Chips Chilli Potato Chips, 68g",Chips,Chips,1,0.6,0.6,Winter 2026
I2026000162,O202600091,2026-01-12,C0125,52,"Almarai Full Fat Fresh Yoghurt, 700g",youghurt,Dairy,1,1,1,Winter 2026
I2026000163,O202600092,2026-01-12,C0006,169,Sayad Tuna Meat With Natural Chili 160 g,Canned Seafood,Canned Food,1,0.85,0.85,Winter 2026
I2026000164,O202600092,2026-01-12,C0006,107,"Barakah Al Sanabel Chiffari Lisci, 450g",pasta,Pasta,3,0.35,1.05,Winter 2026
I2026000165,O202600093,2026-01-13,C0089,302,"Mr.Chips Cheese Pop Corn, 58g",Chips,Canned Vegetables,2,0.65,1.3,Winter 2026
I2026000166,O202600093,2026-01-13,C0089,74,Koita Organic Chocolate Milk Uht 200 ml,Long Life Milk,Dairy,1,1.65,1.65,Winter 2026
I2026000167,O202600093,2026-01-13,C0089,105,"Al-Ghazal Pasta Bucatini 1, 300g",pasta,Pasta,1,0.49,0.49,Winter 2026
I2026000168,O202600094,2026-01-13,C0016,179,"California Garden Whole Kernal Sweet Corn, 400g",Canned Vegetables,Canned Vegetables,1,1.05,1.05,Winter 2026
I2026000169,O202600094,2026-01-13,C0016,107,"Barakah Al Sanabel Chiffari Lisci, 450g",pasta,Pasta,1,0.35,0.35,Winter 2026
I2026000170,O202600095,2026-01-13,C0070,104,"Pasta Zara Conchiglie No.54, 500g",pasta,Pasta,1,1.31,1.31,Winter 2026
I2026000171,O202600096,2026-01-13,C0029,101,Mandi Basmati Rice 4 kg,rice,Rice,1,4.97,4.97,Winter 2026
I2026000172,O202600097,2026-01-13,C0139,84,"Orasi Soy Milk Sugar Free, 1L",Milk Alternatives,Dairy,1,2.5,2.5,Winter 2026
I2026000173,O202600098,2026-01-13,C0100,103,"Abu Kass Basmati Rice, 4kg",rice,Rice,1,5.49,5.49,Winter 2026
I2026000174,O202600099,2026-01-13,C0067,91,"AlSafi Mixed Berries Greek Yoghurt, 150g",Yoghurts,Dairy,1,0.8,0.8,Winter 2026
I2026000175,O202600100,2026-01-13,C0011,145,"Aroma Garden Biryani Spices, 100g",Cooking & Baking,Spices & Seasonings,1,2.09,2.09,Winter 2026
I2026000176,O202600100,2026-01-13,C0011,104,"Pasta Zara Conchiglie No.54, 500g",pasta,Pasta,1,1.31,1.31,Winter 2026
I2026000177,O202600100,2026-01-13,C0011,338,"Alyoum Burger Buns with Sesame Seeds, 6 Pieces",Burger Buns,Bakery,1,0.55,0.55,Winter 2026
I2026000178,O202600101,2026-01-14,C0040,71,"Koita Low Fat Lactose Free Non Harmone Milk, 1L",Long Life Milk,Dairy,2,2.9,5.8,Winter 2026
I2026000179,O202600102,2026-01-14,C0094,266,"Bounty Coconut Milk Chocolate Bar, 50g",Chocolate,Dairy,1,0.65,0.65,Winter 2026
I2026000180,O202600103,2026-01-14,C0003,154,"Benina Chili Oil, 150ml",Cooking & Baking,Oil,1,1.49,1.49,Winter 2026
I2026000181,O202600103,2026-01-14,C0003,100,Tiger Rice 3.5 kg,rice,Rice,1,3.65,3.65,Winter 2026
I2026000182,O202600103,2026-01-14,C0003,141,"Aroma Garden Chicken Spices, 100g",Cooking & Baking,Spices & Seasonings,1,2.09,2.09,Winter 2026
I2026000183,O202600104,2026-01-15,C0001,117,"Kasih Corn Starch Pouches, 350g",Cooking & Baking,Canned Vegetables,1,1.19,1.19,Winter 2026
I2026000184,O202600104,2026-01-15,C0001,105,"Al-Ghazal Pasta Bucatini 1, 300g",pasta,Pasta,1,0.49,0.49,Winter 2026
I2026000185,O202600105,2026-01-15,C0084,101,Mandi Basmati Rice 4 kg,rice,Rice,1,4.97,4.97,Winter 2026
I2026000186,O202600106,2026-01-15,C0128,169,Sayad Tuna Meat With Natural Chili 160 g,Canned Seafood,Canned Food,3,0.85,2.55,Winter 2026
I2026000187,O202600106,2026-01-15,C0128,85,"Alpro Plant-Based Barista Soya Drink, 1L",Milk Alternatives,Dairy,1,2.8,2.8,Winter 2026
I2026000188,O202600107,2026-01-15,C0137,95,"Al Mazraa Jameed Pasteurized Liquid, 1L",Yoghurts,Dairy,1,2.75,2.75,Winter 2026
I2026000189,O202600107,2026-01-15,C0137,337,"Alyoum Burger Buns, 6 Pieces",Burger Buns,Bakery,1,0.55,0.55,Winter 2026
I2026000190,O202600108,2026-01-16,C0112,71,"Koita Low Fat Lactose Free Non Harmone Milk, 1L",Long Life Milk,Dairy,1,2.9,2.9,Winter 2026
I2026000191,O202600108,2026-01-16,C0112,335,"Bifa Keks Cocoa Oval Banana Sauce Cake, 45g",Cakes and Rolls,Bakery,2,0.25,0.5,Winter 2026
I2026000192,O202600109,2026-01-16,C0054,95,"Al Mazraa Jameed Pasteurized Liquid, 1L",Yoghurts,Dairy,1,2.75,2.75,Winter 2026
I2026000193,O202600110,2026-01-16,C0048,103,"Abu Kass Basmati Rice, 4kg",rice,Rice,1,5.49,5.49,Winter 2026
I2026000194,O202600111,2026-01-16,C0004,180,Albayrouty Mushroom Slices 400 g,Canned Vegetables,Canned Vegetables,1,1.05,1.05,Winter 2026
I2026000195,O202600111,2026-01-16,C0004,104,"Pasta Zara Conchiglie No.54, 500g",pasta,Pasta,1,1.31,1.31,Winter 2026
I2026000196,O202600112,2026-01-16,C0074,175,"American Garden Red Kidney Beans (Easy Open Lids), 400g",Canned Vegetables,Canned Vegetables,1,0.79,0.79,Winter 2026
I2026000197,O202600112,2026-01-16,C0074,104,"Pasta Zara Conchiglie No.54, 500g",pasta,Pasta,1,1.31,1.31,Winter 2026
I2026000198,O202600113,2026-01-16,C0077,107,"Barakah Al Sanabel Chiffari Lisci, 450g",pasta,Pasta,1,0.35,0.35,Winter 2026
I2026000199,O202600114,2026-01-16,C0050,117,"Kasih Corn Starch Pouches, 350g",Cooking & Baking,Canned Vegetables,1,1.19,1.19,Winter 2026
I2026000200,O202600114,2026-01-16,C0050,107,"Barakah Al Sanabel Chiffari Lisci, 450g",pasta,Pasta,1,0.35,0.35,Winter 2026
I2026000201,O202600114,2026-01-16,C0050,331,"L'usine Soft Cupcakes Filled with Strawberry Cream, 18x30g",Cakes and Rolls,Bakery,1,1.8,1.8,Winter 2026
I2026000202,O202600115,2026-01-16,C0113,136,"Ard Jdadna Powder Garlic, 200g",Cooking & Baking,Spices & Seasonings,1,2.2,2.2,Winter 2026
I2026000203,O202600115,2026-01-16,C0113,178,"Luna Red Kidney Beans, 380g",Canned Vegetables,Canned Food,1,0.76,0.76,Winter 2026
I2026000204,O202600116,2026-01-17,C0060,106,Barilla Rigatoni 500 g,pasta,Pasta,1,1.68,1.68,Winter 2026
I2026000205,O202600117,2026-01-17,C0065,165,NewLand Mayonnaise Garlic Flavor 300ml,Cooking & Baking,Spices & Seasonings,2,1.61,3.22,Winter 2026
I2026000206,O202600118,2026-01-17,C0029,136,"Ard Jdadna Powder Garlic, 200g",Cooking & Baking,Spices & Seasonings,1,2.2,2.2,Winter 2026
I2026000207,O202600119,2026-01-17,C0047,266,"Bounty Coconut Milk Chocolate Bar, 50g",Chocolate,Dairy,1,0.65,0.65,Winter 2026
I2026000208,O202600120,2026-01-17,C0141,83,"Alinor Organic Plant Based Almond Barista Drink, 1L",Milk Alternatives,Eggs,2,3.5,7,Winter 2026
I2026000209,O202600120,2026-01-17,C0141,105,"Al-Ghazal Pasta Bucatini 1, 300g",pasta,Pasta,1,0.49,0.49,Winter 2026
I2026000210,O202600121,2026-01-17,C0064,110,"Golden Corn Oil, 2.9L",oil,Canned Vegetables,1,5.69,5.69,Winter 2026
I2026000211,O202600121,2026-01-17,C0064,297,"Mr.Chips Paprika Potato Chips, 68g",Chips,Chips,1,0.6,0.6,Winter 2026
I2026000212,O202600121,2026-01-17,C0064,107,"Barakah Al Sanabel Chiffari Lisci, 450g",pasta,Pasta,1,0.35,0.35,Winter 2026
I2026000213,O202600122,2026-01-17,C0015,182,Durra Hummus Grains 400 g,Canned Vegetables,Canned Vegetables,1,0.68,0.68,Winter 2026
I2026000214,O202600122,2026-01-17,C0015,105,"Al-Ghazal Pasta Bucatini 1, 300g",pasta,Pasta,1,0.49,0.49,Winter 2026
I2026000215,O202600123,2026-01-17,C0077,106,Barilla Rigatoni 500 g,pasta,Pasta,1,1.68,1.68,Winter 2026
I2026000216,O202600124,2026-01-17,C0130,105,"Al-Ghazal Pasta Bucatini 1, 300g",pasta,Pasta,1,0.49,0.49,Winter 2026
I2026000217,O202600125,2026-01-17,C0023,92,"AL Safi Greek Yogurt Lemon Pie, 150g",Yoghurts,Dairy,1,0.8,0.8,Winter 2026
I2026000218,O202600125,2026-01-17,C0023,199,"Nestle Mineral Water, 6x1.5L",water,Water,3,2.2,6.6,Winter 2026
I2026000219,O202600126,2026-01-17,C0100,144,"Aroma Garden Magloubeh Spices, 100g",Cooking & Baking,Spices & Seasonings,1,2.09,2.09,Winter 2026
I2026000220,O202600126,2026-01-17,C0100,49,Al Youm 3% Milk Full Fat 1 L,milk,Dairy,1,1.5,1.5,Winter 2026
I2026000221,O202600127,2026-01-17,C0063,312,"Pringles Sour Cream & Onion Chips Can, 165g",Chips,Dairy,1,1.7,1.7,Winter 2026
I2026000222,O202600128,2026-01-17,C0075,45,"Al Youm Labneh, 200g",labneh,Eggs,3,1.25,3.75,Winter 2026
I2026000223,O202600128,2026-01-17,C0075,171,"Rio Mare Tuna In Olive Oil, 2x160g",Canned Seafood,Canned Food,1,5.5,5.5,Winter 2026
I2026000224,O202600128,2026-01-17,C0075,48,"Almarai Uht Full Fat Milk with Vitamins, 4x1L",milk,Dairy,1,3.77,3.77,Winter 2026
I2026000225,O202600128,2026-01-17,C0075,107,"Barakah Al Sanabel Chiffari Lisci, 450g",pasta,Pasta,2,0.35,0.7,Winter 2026
I2026000226,O202600129,2026-01-17,C0128,166,Maxim's Sliced Tuna With Garlic And Black Pepper 120 g,Canned Seafood,Spices & Seasonings,3,2.29,6.87,Winter 2026
I2026000227,O202600129,2026-01-17,C0128,71,"Koita Low Fat Lactose Free Non Harmone Milk, 1L",Long Life Milk,Eggs,2,2.9,5.8,Winter 2026
I2026000228,O202600130,2026-01-17,C0013,331,"L'usine Soft Cupcakes Filled with Strawberry Cream, 18x30g",Cakes and Rolls,Dairy,1,1.8,1.8,Winter 2026
I2026000229,O202600131,2026-01-17,C0070,196,Maxims Sweet Corn 180 g 3 pcs get 1 pc Free,Canned Fruit,Canned Food,1,3.79,3.79,Winter 2026
I2026000230,O202600131,2026-01-17,C0070,50,Baladna Full Cream Milk 1 L,milk,Dairy,1,1.03,1.03,Winter 2026
I2026000231,O202600132,2026-01-17,C0119,191,"Exeter Canned Corned Beef, 340g",Canned Meat,Canned Food,1,2.35,2.35,Winter 2026
I2026000232,O202600132,2026-01-17,C0119,63,"Lurpak Unsalted Butter, 6x50g",butter,Eggs,3,4.23,12.69,Winter 2026
I2026000233,O202600133,2026-01-17,C0057,142,"Aroma Garden Organic Meat Spices, 120g",Cooking & Baking,Spices & Seasonings,1,2.09,2.09,Winter 2026
I2026000234,O202600133,2026-01-17,C0057,76,"Nadec Banana Flavor Milk, 6x125ml",Long Life Milk,Dairy,1,1.35,1.35,Winter 2026
I2026000235,O202600133,2026-01-17,C0057,334,"Bifa Keks Roll Black and White Cake, 50g",Cakes and Rolls,Bakery,1,0.25,0.25,Winter 2026
I2026000236,O202600134,2026-01-18,C0147,90,"Almarai Greek Style Full Fat Blueberry Yoghurt, 150g",Yoghurts,Dairy,1,0.9,0.9,Winter 2026
I2026000237,O202600135,2026-01-18,C0147,165,NewLand Mayonnaise Garlic Flavor 300ml,Cooking & Baking,Spices & Seasonings,1,1.61,1.61,Winter 2026
I2026000238,O202600135,2026-01-18,C0147,202,Crystal Ice Cubes 2 kg,water,Water,1,0.99,0.99,Winter 2026
I2026000239,O202600136,2026-01-18,C0107,131,Blue Mill Garlic Powder 200 g,Cooking & Baking,Spices & Seasonings,1,2.89,2.89,Winter 2026
I2026000240,O202600137,2026-01-18,C0125,102,"Sunwhite Calrose Rice, 4kg",rice,Rice,1,4.99,4.99,Winter 2026
I2026000241,O202600138,2026-01-18,C0123,320,"Spuds Tomato Bruschetta Craft Cooked Chips, 65g",Chips,Chips,3,0.75,2.25,Winter 2026
I2026000242,O202600138,2026-01-18,C0123,268,"Kinder Chocolate Milk Chocolate Bars With Milky Filling (4 Bars), 50g",Chocolate,Dairy,1,0.6,0.6,Winter 2026
I2026000243,O202600139,2026-01-18,C0011,256,"Almarai Strawberry Banana Fat Free Protein Milk No Added Sugar, 400ml",Sports & Energy Drinks,Dairy,1,1.62,1.62,Winter 2026
I2026000244,O202600140,2026-01-18,C0138,88,"Almarai Greek Style Mango Yoghurt, 150g",Yoghurts,Dairy,1,0.9,0.9,Winter 2026
I2026000245,O202600141,2026-01-18,C0055,175,"American Garden Red Kidney Beans (Easy Open Lids), 400g",Canned Vegetables,Canned Vegetables,1,0.79,0.79,Winter 2026
I2026000246,O202600141,2026-01-18,C0055,105,"Al-Ghazal Pasta Bucatini 1, 300g",pasta,Pasta,3,0.49,1.47,Winter 2026
I2026000247,O202600142,2026-01-18,C0142,94,"Alyoum Tang Taste Yoghurt Baladi, 1kg",Yoghurts,Dairy,1,1.75,1.75,Winter 2026
I2026000248,O202600143,2026-01-18,C0064,54,"Teeba Yoghurt, 700g",youghurt,Dairy,1,1,1,Winter 2026
I2026000249,O202600144,2026-01-18,C0005,193,"Unium Chicken Hot Dog, 415g",Canned Meat,Canned Food,1,1.45,1.45,Winter 2026
I2026000250,O202600145,2026-01-19,C0138,179,"California Garden Whole Kernal Sweet Corn, 400g",Canned Vegetables,Canned Vegetables,1,1.05,1.05,Winter 2026
I2026000251,O202600145,2026-01-19,C0138,102,"Sunwhite Calrose Rice, 4kg",rice,Rice,1,4.99,4.99,Winter 2026
I2026000252,O202600145,2026-01-19,C0138,107,"Barakah Al Sanabel Chiffari Lisci, 450g",pasta,Pasta,3,0.35,1.05,Winter 2026
I2026000253,O202600146,2026-01-19,C0004,297,"Mr.Chips Paprika Potato Chips, 68g",Chips,Spices & Seasonings,1,0.6,0.6,Winter 2026
I2026000254,O202600147,2026-01-19,C0094,168,"Al Sayad Tuna In Vegetable Oil, 160g",Canned Seafood,Canned Food,1,0.79,0.79,Winter 2026
I2026000255,O202600147,2026-01-19,C0094,48,"Almarai Uht Full Fat Milk with Vitamins, 4x1L",milk,Dairy,1,3.77,3.77,Winter 2026
I2026000256,O202600148,2026-01-19,C0072,110,"Golden Corn Oil, 2.9L",oil,Canned Vegetables,1,5.69,5.69,Winter 2026
I2026000257,O202600148,2026-01-19,C0072,68,"Al Safi UHT Full Fat Milk, 4x1L",Long Life Milk,Dairy,1,3.85,3.85,Winter 2026
I2026000258,O202600148,2026-01-19,C0072,105,"Al-Ghazal Pasta Bucatini 1, 300g",pasta,Pasta,1,0.49,0.49,Winter 2026
I2026000259,O202600149,2026-01-19,C0035,167,Maxim's Smoked Tuna Oil 185 g,Canned Seafood,Canned Food,2,3,6,Winter 2026
I2026000260,O202600149,2026-01-19,C0035,287,"Milka Choco Wafer, (5 Pieces), 150g",Chocolate,Dairy,1,2.31,2.31,Winter 2026
I2026000261,O202600150,2026-01-19,C0067,333,"Bifa Keks Roll Cake with Cocoa Cream, 50g",Cakes and Rolls,Dairy,1,0.25,0.25,Winter 2026
I2026000262,O202600151,2026-01-19,C0028,168,"Al Sayad Tuna In Vegetable Oil, 160g",Canned Seafood,Oil,1,0.79,0.79,Winter 2026
I2026000263,O202600151,2026-01-19,C0028,102,"Sunwhite Calrose Rice, 4kg",rice,Rice,1,4.99,4.99,Winter 2026
I2026000264,O202600152,2026-01-19,C0003,179,"California Garden Whole Kernal Sweet Corn, 400g",Canned Vegetables,Canned Food,1,1.05,1.05,Winter 2026
I2026000265,O202600153,2026-01-20,C0076,165,NewLand Mayonnaise Garlic Flavor 300ml,Cooking & Baking,Spices & Seasonings,2,1.61,3.22,Winter 2026
I2026000266,O202600154,2026-01-20,C0112,148,"Durra Lemon Seasoning, 1000ml",Cooking & Baking,Spices & Seasonings,1,1.85,1.85,Winter 2026
I2026000267,O202600155,2026-01-20,C0091,165,NewLand Mayonnaise Garlic Flavor 300ml,Cooking & Baking,Spices & Seasonings,2,1.61,3.22,Winter 2026
I2026000268,O202600156,2026-01-20,C0048,100,Tiger Rice 3.5 kg,rice,Rice,2,3.65,7.3,Winter 2026
I2026000269,O202600156,2026-01-20,C0048,107,"Barakah Al Sanabel Chiffari Lisci, 450g",pasta,Pasta,1,0.35,0.35,Winter 2026
I2026000270,O202600156,2026-01-20,C0048,117,"Kasih Corn Starch Pouches, 350g",Cooking & Baking,Canned Vegetables,1,1.19,1.19,Winter 2026
I2026000271,O202600156,2026-01-20,C0048,327,"Americana Marble Pound Cake, 300g",Cakes and Rolls,Bakery,1,1.9,1.9,Winter 2026
I2026000272,O202600156,2026-01-20,C0048,90,"Almarai Greek Style Full Fat Blueberry Yoghurt, 150g",Yoghurts,Dairy,2,0.9,1.8,Winter 2026
I2026000273,O202600157,2026-01-20,C0142,103,"Abu Kass Basmati Rice, 4kg",rice,Rice,3,5.49,16.47,Winter 2026
I2026000274,O202600158,2026-01-20,C0074,54,"Teeba Yoghurt, 700g",youghurt,Dairy,1,1,1,Winter 2026
I2026000275,O202600158,2026-01-20,C0074,202,Crystal Ice Cubes 2 kg,water,Water,2,0.99,1.98,Winter 2026
I2026000276,O202600159,2026-01-20,C0140,181,Albayrouty Sweet Corn 340 g,Canned Vegetables,Canned Vegetables,1,1.05,1.05,Winter 2026
I2026000277,O202600159,2026-01-20,C0140,292,"Smart Chips Ketchup Flavor Stix, 75g",Chips,Chips,1,1.28,1.28,Winter 2026
I2026000278,O202600159,2026-01-20,C0140,106,Barilla Rigatoni 500 g,pasta,Pasta,1,1.68,1.68,Winter 2026
I2026000279,O202600160,2026-01-20,C0016,143,"Aroma Garden Seven Spices, 100g",Cooking & Baking,Spices & Seasonings,1,2.09,2.09,Winter 2026
I2026000280,O202600161,2026-01-20,C0019,184,"American Garden Strawberry Topping & Filling, No Artificial Flavors, 595g",Canned Fruit,Canned Food,1,4.75,4.75,Winter 2026
I2026000281,O202600161,2026-01-20,C0019,107,"Barakah Al Sanabel Chiffari Lisci, 450g",pasta,Pasta,1,0.35,0.35,Winter 2026
I2026000282,O202600162,2026-01-21,C0018,55,"Hammoudeh Fresh Yoghurt, 700g",youghurt,Eggs,2,1,2,Winter 2026
I2026000283,O202600162,2026-01-21,C0018,63,"Lurpak Unsalted Butter, 6x50g",butter,Dairy,1,4.23,4.23,Winter 2026
I2026000284,O202600163,2026-01-21,C0084,51,"Hammoudeh Lactose Free Full Fat UHT Milk, 1L",milk,Dairy,2,1.5,3,Winter 2026
I2026000285,O202600163,2026-01-21,C0084,103,"Abu Kass Basmati Rice, 4kg",rice,Rice,3,5.49,16.47,Winter 2026
I2026000286,O202600164,2026-01-21,C0085,75,"KDD Strawberry Flavored Milk, 6x250ml",Long Life Milk,Dairy,1,2.25,2.25,Winter 2026
I2026000287,O202600165,2026-01-21,C0148,51,"Hammoudeh Lactose Free Full Fat UHT Milk, 1L",milk,Dairy,1,1.5,1.5,Winter 2026
I2026000288,O202600165,2026-01-21,C0148,327,"Americana Marble Pound Cake, 300g",Cakes and Rolls,Bakery,1,1.9,1.9,Winter 2026
I2026000289,O202600166,2026-01-21,C0033,137,"Ard Jdadna Powder Garlic, 200g",Cooking & Baking,Spices & Seasonings,1,1.9,1.9,Winter 2026
I2026000290,O202600166,2026-01-21,C0033,100,Tiger Rice 3.5 kg,rice,Rice,1,3.65,3.65,Winter 2026
I2026000291,O202600166,2026-01-21,C0033,339,"Reef Diet Flax Seeds Bread, 250g",Flatbread,Bakery,1,1,1,Winter 2026
I2026000292,O202600167,2026-01-21,C0021,74,Koita Organic Chocolate Milk Uht 200 ml,Long Life Milk,Dairy,1,1.65,1.65,Winter 2026
I2026000293,O202600167,2026-01-21,C0021,251,"Red Bull Energy Drink Watermelon, 250ml",Sports & Energy Drinks,Water,1,1.6,1.6,Winter 2026
I2026000294,O202600168,2026-01-21,C0112,191,"Exeter Canned Corned Beef, 340g",Canned Meat,Canned Vegetables,1,2.35,2.35,Winter 2026
I2026000295,O202600168,2026-01-21,C0112,169,Sayad Tuna Meat With Natural Chili 160 g,Canned Seafood,Canned Food,1,0.85,0.85,Winter 2026
I2026000296,O202600168,2026-01-21,C0112,62,"Lurpak Unsalted Butter, 100g",butter,Dairy,1,1.13,1.13,Winter 2026
I2026000297,O202600168,2026-01-21,C0112,105,"Al-Ghazal Pasta Bucatini 1, 300g",pasta,Pasta,3,0.49,1.47,Winter 2026
I2026000298,O202600169,2026-01-21,C0054,268,"Kinder Chocolate Milk Chocolate Bars With Milky Filling (4 Bars), 50g",Chocolate,Dairy,1,0.6,0.6,Winter 2026
I2026000299,O202600169,2026-01-21,C0054,202,Crystal Ice Cubes 2 kg,water,Water,2,0.99,1.98,Winter 2026
I2026000300,O202600170,2026-01-21,C0116,50,Baladna Full Cream Milk 1 L,milk,Dairy,2,1.03,2.06,Winter 2026
I2026000301,O202600171,2026-01-21,C0063,144,"Aroma Garden Magloubeh Spices, 100g",Cooking & Baking,Spices & Seasonings,1,2.09,2.09,Winter 2026
I2026000302,O202600171,2026-01-21,C0063,232,"KDD Milk Coffee Latte, 250ml",Specialty Drinks,Dairy,1,0.7,0.7,Winter 2026
I2026000303,O202600171,2026-01-21,C0063,103,"Abu Kass Basmati Rice, 4kg",rice,Rice,1,5.49,5.49,Winter 2026
I2026000304,O202600172,2026-01-21,C0016,176,"NewLand Crushed Italian Tomatoes, 400g",Canned Vegetables,Canned Food,1,1.17,1.17,Winter 2026
I2026000305,O202600173,2026-01-21,C0086,182,Durra Hummus Grains 400 g,Canned Vegetables,Canned Vegetables,1,0.68,0.68,Winter 2026
I2026000306,O202600173,2026-01-21,C0086,59,"Ovalyo White XL Eggs, 6pcs",eggs,Eggs,2,0.95,1.9,Winter 2026
I2026000307,O202600173,2026-01-21,C0086,104,"Pasta Zara Conchiglie No.54, 500g",pasta,Pasta,1,1.31,1.31,Winter 2026
I2026000308,O202600174,2026-01-22,C0042,48,"Almarai Uht Full Fat Milk with Vitamins, 4x1L",milk,Dairy,1,3.77,3.77,Winter 2026
I2026000309,O202600174,2026-01-22,C0042,199,"Nestle Mineral Water, 6x1.5L",water,Water,2,2.2,4.4,Winter 2026
I2026000310,O202600175,2026-01-22,C0076,174,"Maxims Sweet Corn, 340g",Canned Vegetables,Canned Vegetables,1,1.5,1.5,Winter 2026
I2026000311,O202600175,2026-01-22,C0076,105,"Al-Ghazal Pasta Bucatini 1, 300g",pasta,Pasta,1,0.49,0.49,Winter 2026
I2026000312,O202600176,2026-01-22,C0060,71,"Koita Low Fat Lactose Free Non Harmone Milk, 1L",Long Life Milk,Dairy,1,2.9,2.9,Winter 2026
I2026000313,O202600177,2026-01-22,C0070,51,"Hammoudeh Lactose Free Full Fat UHT Milk, 1L",milk,Dairy,1,1.5,1.5,Winter 2026
I2026000314,O202600178,2026-01-22,C0001,102,"Sunwhite Calrose Rice, 4kg",rice,Rice,1,4.99,4.99,Winter 2026
I2026000315,O202600178,2026-01-22,C0001,105,"Al-Ghazal Pasta Bucatini 1, 300g",pasta,Pasta,1,0.49,0.49,Winter 2026
I2026000316,O202600179,2026-01-23,C0139,172,"Rio Mare Light Tuna in Olive Oil, 160g",Canned Seafood,Oil,1,3.45,3.45,Winter 2026
I2026000317,O202600179,2026-01-23,C0139,196,Maxims Sweet Corn 180 g 3 pcs get 1 pc Free,Canned Fruit,Canned Food,1,3.79,3.79,Winter 2026
I2026000318,O202600179,2026-01-23,C0139,101,Mandi Basmati Rice 4 kg,rice,Rice,1,4.97,4.97,Winter 2026
I2026000319,O202600179,2026-01-23,C0139,144,"Aroma Garden Magloubeh Spices, 100g",Cooking & Baking,Spices & Seasonings,1,2.09,2.09,Winter 2026
I2026000320,O202600180,2026-01-23,C0052,137,"Ard Jdadna Powder Garlic, 200g",Cooking & Baking,Spices & Seasonings,1,1.9,1.9,Winter 2026
I2026000321,O202600180,2026-01-23,C0052,95,"Al Mazraa Jameed Pasteurized Liquid, 1L",Yoghurts,Dairy,1,2.75,2.75,Winter 2026
I2026000322,O202600180,2026-01-23,C0052,103,"Abu Kass Basmati Rice, 4kg",rice,Rice,1,5.49,5.49,Winter 2026
I2026000323,O202600181,2026-01-23,C0038,136,"Ard Jdadna Powder Garlic, 200g",Cooking & Baking,Spices & Seasonings,1,2.2,2.2,Winter 2026
I2026000324,O202600181,2026-01-23,C0038,51,"Hammoudeh Lactose Free Full Fat UHT Milk, 1L",milk,Dairy,3,1.5,4.5,Winter 2026
I2026000325,O202600181,2026-01-23,C0038,102,"Sunwhite Calrose Rice, 4kg",rice,Rice,3,4.99,14.97,Winter 2026
I2026000326,O202600182,2026-01-23,C0051,141,"Aroma Garden Chicken Spices, 100g",Cooking & Baking,Spices & Seasonings,1,2.09,2.09,Winter 2026
I2026000327,O202600183,2026-01-23,C0122,179,"California Garden Whole Kernal Sweet Corn, 400g",Canned Vegetables,Canned Vegetables,1,1.05,1.05,Winter 2026
I2026000328,O202600183,2026-01-23,C0122,105,"Al-Ghazal Pasta Bucatini 1, 300g",pasta,Pasta,1,0.49,0.49,Winter 2026
I2026000329,O202600184,2026-01-23,C0067,308,"Doritos Nacho Cheese Tortilla Chips, 120g",Chips,Chips,1,1,1,Winter 2026
I2026000330,O202600184,2026-01-23,C0067,73,"Koita Organic Whole Cream Milk, 1L",Long Life Milk,Dairy,1,3.1,3.1,Winter 2026
I2026000331,O202600185,2026-01-23,C0111,84,"Orasi Soy Milk Sugar Free, 1L",Milk Alternatives,Dairy,1,2.5,2.5,Winter 2026
I2026000332,O202600186,2026-01-24,C0057,109,"Mazola Sunflower Oil, 1.5L",oil,Oil,1,3.39,3.39,Winter 2026
I2026000333,O202600186,2026-01-24,C0057,106,Barilla Rigatoni 500 g,pasta,Pasta,1,1.68,1.68,Winter 2026
I2026000334,O202600186,2026-01-24,C0057,102,"Sunwhite Calrose Rice, 4kg",rice,Rice,1,4.99,4.99,Winter 2026
I2026000335,O202600186,2026-01-24,C0057,152,"Benina Garlic Chili Sauce, 280g",Cooking & Baking,Spices & Seasonings,3,1.49,4.47,Winter 2026
I2026000336,O202600187,2026-01-24,C0008,129,Blue Mill Paprika 200 g,Cooking & Baking,Spices & Seasonings,1,3.85,3.85,Winter 2026
I2026000337,O202600187,2026-01-24,C0008,103,"Abu Kass Basmati Rice, 4kg",rice,Rice,1,5.49,5.49,Winter 2026
I2026000338,O202600187,2026-01-24,C0008,276,Said Junior Cup 50 g,Chocolate,Chocolate,1,0.75,0.75,Winter 2026
I2026000339,O202600188,2026-01-24,C0131,88,"Almarai Greek Style Mango Yoghurt, 150g",Yoghurts,Dairy,1,0.9,0.9,Winter 2026
I2026000340,O202600189,2026-01-24,C0100,133,Spice Classics Basil Leaves 6.25 g,Cooking & Baking,Spices & Seasonings,1,1.99,1.99,Winter 2026
I2026000341,O202600190,2026-01-24,C0062,148,"Durra Lemon Seasoning, 1000ml",Cooking & Baking,Spices & Seasonings,1,1.85,1.85,Winter 2026
I2026000342,O202600191,2026-01-24,C0102,284,"Kinder Happy Hippo Biscuits with Double Cream Filling, 103.5g",Chocolate,Dairy,1,1.95,1.95,Winter 2026
I2026000343,O202600192,2026-01-24,C0029,171,"Rio Mare Tuna In Olive Oil, 2x160g",Canned Seafood,Canned Food,1,5.5,5.5,Winter 2026
I2026000344,O202600193,2026-01-24,C0083,111,"Filippo Berio Basil Flavoured Olive Oil, 250ml",oil,Oil,1,12.6,12.6,Winter 2026
I2026000345,O202600193,2026-01-24,C0083,102,"Sunwhite Calrose Rice, 4kg",rice,Rice,1,4.99,4.99,Winter 2026
I2026000346,O202600193,2026-01-24,C0083,141,"Aroma Garden Chicken Spices, 100g",Cooking & Baking,Spices & Seasonings,1,2.09,2.09,Winter 2026
I2026000347,O202600194,2026-01-24,C0046,278,"Ozmo Fun Shape Milk Chocolate Lollipop, 23g",Chocolate,Dairy,1,0.6,0.6,Winter 2026
I2026000348,O202600195,2026-01-24,C0105,167,Maxim's Smoked Tuna Oil 185 g,Canned Seafood,Oil,1,3,3,Winter 2026
I2026000349,O202600195,2026-01-24,C0105,48,"Almarai Uht Full Fat Milk with Vitamins, 4x1L",milk,Dairy,2,3.77,7.54,Winter 2026
I2026000350,O202600195,2026-01-24,C0105,102,"Sunwhite Calrose Rice, 4kg",rice,Rice,1,4.99,4.99,Winter 2026
I2026000351,O202600195,2026-01-24,C0105,145,"Aroma Garden Biryani Spices, 100g",Cooking & Baking,Spices & Seasonings,1,2.09,2.09,Winter 2026
I2026000352,O202600196,2026-01-24,C0022,129,Blue Mill Paprika 200 g,Cooking & Baking,Spices & Seasonings,1,3.85,3.85,Winter 2026
I2026000353,O202600197,2026-01-24,C0053,106,Barilla Rigatoni 500 g,pasta,Pasta,1,1.68,1.68,Winter 2026
I2026000354,O202600198,2026-01-24,C0147,88,"Almarai Greek Style Mango Yoghurt, 150g",Yoghurts,Dairy,1,0.9,0.9,Winter 2026
I2026000355,O202600199,2026-01-25,C0090,166,Maxim's Sliced Tuna With Garlic And Black Pepper 120 g,Canned Seafood,Spices & Seasonings,1,2.29,2.29,Winter 2026
I2026000356,O202600200,2026-01-25,C0142,105,"Al-Ghazal Pasta Bucatini 1, 300g",pasta,Pasta,1,0.49,0.49,Winter 2026
I2026000357,O202600201,2026-01-25,C0077,191,"Exeter Canned Corned Beef, 340g",Canned Meat,Canned Food,1,2.35,2.35,Winter 2026
I2026000358,O202600202,2026-01-25,C0080,189,"Siniora Beef Luncheon, 200g",Canned Meat,Canned Food,1,1.05,1.05,Winter 2026
I2026000359,O202600203,2026-01-25,C0141,280,"Ferrero Rocher Fine Crunchy Hazelnuts Dipped in Smooth Milk Chocolate, (3 Pieces), 37.5g",Chocolate,Chocolate,1,1,1,Winter 2026
I2026000360,O202600203,2026-01-25,C0141,103,"Abu Kass Basmati Rice, 4kg",rice,Rice,1,5.49,5.49,Winter 2026
I2026000361,O202600204,2026-01-25,C0125,142,"Aroma Garden Organic Meat Spices, 120g",Cooking & Baking,Spices & Seasonings,1,2.09,2.09,Winter 2026
I2026000362,O202600205,2026-01-25,C0075,330,"L'usine Cupcakes Filled with Chocolate Cream, 18x30g",Cakes and Rolls,Dairy,3,1.8,5.4,Winter 2026
I2026000363,O202600206,2026-01-25,C0124,143,"Aroma Garden Seven Spices, 100g",Cooking & Baking,Spices & Seasonings,1,2.09,2.09,Winter 2026
I2026000364,O202600207,2026-01-25,C0146,278,"Ozmo Fun Shape Milk Chocolate Lollipop, 23g",Chocolate,Chocolate,2,0.6,1.2,Winter 2026
I2026000365,O202600207,2026-01-25,C0146,54,"Teeba Yoghurt, 700g",youghurt,Dairy,1,1,1,Winter 2026
I2026000366,O202600208,2026-01-25,C0036,92,"AL Safi Greek Yogurt Lemon Pie, 150g",Yoghurts,Dairy,1,0.8,0.8,Winter 2026
I2026000367,O202600209,2026-01-25,C0106,279,"Ozmo Hoppo Biscuit Filled with Chocolate Cream, 40g",Chocolate,Chocolate,1,0.6,0.6,Winter 2026
I2026000368,O202600209,2026-01-25,C0106,196,Maxims Sweet Corn 180 g 3 pcs get 1 pc Free,Canned Fruit,Canned Food,1,3.79,3.79,Winter 2026
I2026000369,O202600210,2026-01-26,C0108,176,"NewLand Crushed Italian Tomatoes, 400g",Canned Vegetables,Canned Vegetables,1,1.17,1.17,Winter 2026
I2026000370,O202600210,2026-01-26,C0108,90,"Almarai Greek Style Full Fat Blueberry Yoghurt, 150g",Yoghurts,Dairy,1,0.9,0.9,Winter 2026
I2026000371,O202600210,2026-01-26,C0108,107,"Barakah Al Sanabel Chiffari Lisci, 450g",pasta,Pasta,1,0.35,0.35,Winter 2026
I2026000372,O202600211,2026-01-26,C0044,143,"Aroma Garden Seven Spices, 100g",Cooking & Baking,Spices & Seasonings,1,2.09,2.09,Winter 2026
I2026000373,O202600211,2026-01-26,C0044,291,"Mr.Chips Bugles Cheese Flavor Corn Snacks, 33g",Chips,Chips,1,0.3,0.3,Winter 2026
I2026000374,O202600212,2026-01-26,C0010,142,"Aroma Garden Organic Meat Spices, 120g",Cooking & Baking,Spices & Seasonings,1,2.09,2.09,Winter 2026
I2026000375,O202600212,2026-01-26,C0010,280,"Ferrero Rocher Fine Crunchy Hazelnuts Dipped in Smooth Milk Chocolate, (3 Pieces), 37.5g",Chocolate,Dairy,1,1,1,Winter 2026
I2026000376,O202600213,2026-01-26,C0065,56,"Almarai Cream Cheese, 6 Portion, 108g",cheese,Eggs,2,1.02,2.04,Winter 2026
I2026000377,O202600213,2026-01-26,C0065,50,Baladna Full Cream Milk 1 L,milk,Dairy,1,1.03,1.03,Winter 2026
I2026000378,O202600214,2026-01-26,C0090,166,Maxim's Sliced Tuna With Garlic And Black Pepper 120 g,Canned Seafood,Spices & Seasonings,1,2.29,2.29,Winter 2026
I2026000379,O202600214,2026-01-26,C0090,106,Barilla Rigatoni 500 g,pasta,Pasta,1,1.68,1.68,Winter 2026
I2026000380,O202600215,2026-01-26,C0117,191,"Exeter Canned Corned Beef, 340g",Canned Meat,Canned Vegetables,1,2.35,2.35,Winter 2026
I2026000381,O202600215,2026-01-26,C0117,105,"Al-Ghazal Pasta Bucatini 1, 300g",pasta,Pasta,2,0.49,0.98,Winter 2026
I2026000382,O202600216,2026-01-26,C0076,152,"Benina Garlic Chili Sauce, 280g",Cooking & Baking,Spices & Seasonings,1,1.49,1.49,Winter 2026
I2026000383,O202600217,2026-01-26,C0088,143,"Aroma Garden Seven Spices, 100g",Cooking & Baking,Spices & Seasonings,1,2.09,2.09,Winter 2026
I2026000384,O202600218,2026-01-26,C0046,129,Blue Mill Paprika 200 g,Cooking & Baking,Spices & Seasonings,3,3.85,11.55,Winter 2026
I2026000385,O202600218,2026-01-26,C0046,187,NewLand Chicken Hot Dog 400 g,Canned Meat,Canned Food,1,1.6,1.6,Winter 2026
I2026000386,O202600218,2026-01-26,C0046,51,"Hammoudeh Lactose Free Full Fat UHT Milk, 1L",milk,Eggs,2,1.5,3,Winter 2026
I2026000387,O202600218,2026-01-26,C0046,102,"Sunwhite Calrose Rice, 4kg",rice,Rice,1,4.99,4.99,Winter 2026
I2026000388,O202600219,2026-01-27,C0087,177,NewLand American Black Beans 432 g,Canned Vegetables,Canned Vegetables,1,1.45,1.45,Winter 2026
I2026000389,O202600219,2026-01-27,C0087,107,"Barakah Al Sanabel Chiffari Lisci, 450g",pasta,Pasta,1,0.35,0.35,Winter 2026
I2026000390,O202600220,2026-01-27,C0147,279,"Ozmo Hoppo Biscuit Filled with Chocolate Cream, 40g",Chocolate,Dairy,1,0.6,0.6,Winter 2026
I2026000391,O202600221,2026-01-27,C0030,110,"Golden Corn Oil, 2.9L",oil,Oil,1,5.69,5.69,Winter 2026
I2026000392,O202600221,2026-01-27,C0030,103,"Abu Kass Basmati Rice, 4kg",rice,Rice,1,5.49,5.49,Winter 2026
I2026000393,O202600221,2026-01-27,C0030,165,NewLand Mayonnaise Garlic Flavor 300ml,Cooking & Baking,Spices & Seasonings,2,1.61,3.22,Winter 2026
I2026000394,O202600222,2026-01-27,C0080,195,Maxim's Mushrooms 425 g 3+1,Canned Fruit,Canned Food,1,6.35,6.35,Winter 2026
I2026000395,O202600223,2026-01-27,C0088,324,"Eti Adicto Gold Mini Chocolate Brown Cake, 180g",Cakes and Rolls,Chocolate,1,1.7,1.7,Winter 2026
I2026000396,O202600223,2026-01-27,C0088,168,"Al Sayad Tuna In Vegetable Oil, 160g",Canned Seafood,Canned Food,2,0.79,1.58,Winter 2026
I2026000397,O202600224,2026-01-27,C0141,74,Koita Organic Chocolate Milk Uht 200 ml,Long Life Milk,Dairy,1,1.65,1.65,Winter 2026
I2026000398,O202600225,2026-01-27,C0039,302,"Mr.Chips Cheese Pop Corn, 58g",Chips,Chips,1,0.65,0.65,Winter 2026
I2026000399,O202600225,2026-01-27,C0039,101,Mandi Basmati Rice 4 kg,rice,Rice,1,4.97,4.97,Winter 2026
I2026000400,O202600226,2026-01-27,C0048,312,"Pringles Sour Cream & Onion Chips Can, 165g",Chips,Dairy,1,1.7,1.7,Winter 2026
I2026000401,O202600227,2026-01-27,C0067,289,"Choco Lake Diamond Twist Kunafa with Peanut Butter Filling, 450g",Chocolate,Dairy,1,4.99,4.99,Winter 2026
I2026000402,O202600228,2026-01-28,C0033,137,"Ard Jdadna Powder Garlic, 200g",Cooking & Baking,Spices & Seasonings,2,1.9,3.8,Winter 2026
I2026000403,O202600229,2026-01-28,C0036,129,Blue Mill Paprika 200 g,Cooking & Baking,Spices & Seasonings,1,3.85,3.85,Winter 2026
I2026000404,O202600230,2026-01-28,C0047,176,"NewLand Crushed Italian Tomatoes, 400g",Canned Vegetables,Canned Vegetables,1,1.17,1.17,Winter 2026
I2026000405,O202600230,2026-01-28,C0047,106,Barilla Rigatoni 500 g,pasta,Pasta,2,1.68,3.36,Winter 2026
I2026000406,O202600230,2026-01-28,C0047,389,SWYOUN 48PCS Eid Al Adha Cupcake Topper Party Decorations,Eid al-Adha,Bakery,1,0.75,0.75,Winter 2026
I2026000407,O202600231,2026-01-28,C0039,179,"California Garden Whole Kernal Sweet Corn, 400g",Canned Vegetables,Canned Food,2,1.05,2.1,Winter 2026
I2026000408,O202600232,2026-01-28,C0044,133,Spice Classics Basil Leaves 6.25 g,Cooking & Baking,Spices & Seasonings,1,1.99,1.99,Winter 2026
I2026000409,O202600232,2026-01-28,C0044,167,Maxim's Smoked Tuna Oil 185 g,Canned Seafood,Canned Food,1,3,3,Winter 2026
I2026000410,O202600232,2026-01-28,C0044,102,"Sunwhite Calrose Rice, 4kg",rice,Rice,1,4.99,4.99,Winter 2026
I2026000411,O202600233,2026-01-28,C0104,70,"Koita Lactose Free Skim Milk, 1L",Long Life Milk,Dairy,1,3.1,3.1,Winter 2026
I2026000412,O202600234,2026-01-28,C0092,165,NewLand Mayonnaise Garlic Flavor 300ml,Cooking & Baking,Spices & Seasonings,1,1.61,1.61,Winter 2026
I2026000413,O202600235,2026-01-28,C0035,143,"Aroma Garden Seven Spices, 100g",Cooking & Baking,Spices & Seasonings,1,2.09,2.09,Winter 2026
I2026000414,O202600235,2026-01-28,C0035,100,Tiger Rice 3.5 kg,rice,Rice,2,3.65,7.3,Winter 2026
I2026000415,O202600236,2026-01-28,C0134,69,"Nadec Long Life Full Fat UHT Milk, 4x1L",Long Life Milk,Dairy,1,3.35,3.35,Winter 2026
I2026000416,O202600236,2026-01-28,C0134,370,Soccer 50 FT Smart Outdoor String Lights Waterproof,World Cup,Water,1,1.9,1.9,Winter 2026
I2026000417,O202600237,2026-01-29,C0048,167,Maxim's Smoked Tuna Oil 185 g,Canned Seafood,Oil,1,3,3,Winter 2026
I2026000418,O202600237,2026-01-29,C0048,101,Mandi Basmati Rice 4 kg,rice,Rice,1,4.97,4.97,Winter 2026
I2026000419,O202600237,2026-01-29,C0048,165,NewLand Mayonnaise Garlic Flavor 300ml,Cooking & Baking,Spices & Seasonings,1,1.61,1.61,Winter 2026
I2026000420,O202600238,2026-01-29,C0059,105,"Al-Ghazal Pasta Bucatini 1, 300g",pasta,Pasta,2,0.49,0.98,Winter 2026
I2026000421,O202600239,2026-01-29,C0097,268,"Kinder Chocolate Milk Chocolate Bars With Milky Filling (4 Bars), 50g",Chocolate,Dairy,1,0.6,0.6,Winter 2026
I2026000422,O202600240,2026-01-29,C0134,55,"Hammoudeh Fresh Yoghurt, 700g",youghurt,Dairy,1,1,1,Winter 2026
I2026000423,O202600241,2026-01-29,C0116,145,"Aroma Garden Biryani Spices, 100g",Cooking & Baking,Spices & Seasonings,2,2.09,4.18,Winter 2026
I2026000424,O202600242,2026-01-29,C0002,267,"Kinder Bueno Milk Chocolate Bar in Wafer with Hazelnut Cream, 43g",Chocolate,Dairy,1,0.75,0.75,Winter 2026
I2026000425,O202600243,2026-01-29,C0015,178,"Luna Red Kidney Beans, 380g",Canned Vegetables,Canned Vegetables,1,0.76,0.76,Winter 2026
I2026000426,O202600243,2026-01-29,C0015,106,Barilla Rigatoni 500 g,pasta,Pasta,1,1.68,1.68,Winter 2026
I2026000427,O202600244,2026-01-29,C0114,144,"Aroma Garden Magloubeh Spices, 100g",Cooking & Baking,Spices & Seasonings,1,2.09,2.09,Winter 2026
I2026000428,O202600245,2026-01-29,C0106,170,"Durra Tuna Solid with Chilli Pepper, 160g",Canned Seafood,Canned Food,2,1.04,2.08,Winter 2026
I2026000429,O202600246,2026-01-29,C0071,145,"Aroma Garden Biryani Spices, 100g",Cooking & Baking,Spices & Seasonings,1,2.09,2.09,Winter 2026
I2026000430,O202600246,2026-01-29,C0071,77,"Nadec Milk Chocolate Milk, 6x125ml",Long Life Milk,Dairy,1,1.35,1.35,Winter 2026
I2026000431,O202600247,2026-01-29,C0003,143,"Aroma Garden Seven Spices, 100g",Cooking & Baking,Spices & Seasonings,1,2.09,2.09,Winter 2026
I2026000432,O202600247,2026-01-29,C0003,101,Mandi Basmati Rice 4 kg,rice,Rice,1,4.97,4.97,Winter 2026
I2026000433,O202600247,2026-01-29,C0003,92,"AL Safi Greek Yogurt Lemon Pie, 150g",Yoghurts,Dairy,1,0.8,0.8,Winter 2026
I2026000434,O202600247,2026-01-29,C0003,105,"Al-Ghazal Pasta Bucatini 1, 300g",pasta,Pasta,1,0.49,0.49,Winter 2026
I2026000435,O202600248,2026-01-30,C0065,133,Spice Classics Basil Leaves 6.25 g,Cooking & Baking,Spices & Seasonings,1,1.99,1.99,Winter 2026
I2026000436,O202600249,2026-01-30,C0098,137,"Ard Jdadna Powder Garlic, 200g",Cooking & Baking,Spices & Seasonings,1,1.9,1.9,Winter 2026
I2026000437,O202600250,2026-01-30,C0105,136,"Ard Jdadna Powder Garlic, 200g",Cooking & Baking,Spices & Seasonings,1,2.2,2.2,Winter 2026
I2026000438,O202600251,2026-01-30,C0005,101,Mandi Basmati Rice 4 kg,rice,Rice,1,4.97,4.97,Winter 2026
I2026000439,O202600252,2026-01-30,C0112,176,"NewLand Crushed Italian Tomatoes, 400g",Canned Vegetables,Canned Food,1,1.17,1.17,Winter 2026
I2026000440,O202600252,2026-01-30,C0112,323,"Eti PopkekÂ Cocoa Cake, 35g",Cakes and Rolls,Bakery,1,0.3,0.3,Winter 2026
I2026000441,O202600253,2026-01-30,C0058,131,Blue Mill Garlic Powder 200 g,Cooking & Baking,Spices & Seasonings,1,2.89,2.89,Winter 2026
I2026000442,O202600254,2026-01-31,C0139,196,Maxims Sweet Corn 180 g 3 pcs get 1 pc Free,Canned Fruit,Canned Vegetables,1,3.79,3.79,Winter 2026
I2026000443,O202600254,2026-01-31,C0139,101,Mandi Basmati Rice 4 kg,rice,Rice,3,4.97,14.91,Winter 2026
I2026000444,O202600254,2026-01-31,C0139,107,"Barakah Al Sanabel Chiffari Lisci, 450g",pasta,Pasta,1,0.35,0.35,Winter 2026
I2026000445,O202600255,2026-01-31,C0101,87,"Pascual Vive Soy High Calcium Oat Drink, 1L",Milk Alternatives,Dairy,2,3.5,7,Winter 2026
I2026000446,O202600256,2026-01-31,C0078,101,Mandi Basmati Rice 4 kg,rice,Rice,1,4.97,4.97,Winter 2026
I2026000447,O202600257,2026-01-31,C0032,110,"Golden Corn Oil, 2.9L",oil,Oil,1,5.69,5.69,Winter 2026
I2026000448,O202600257,2026-01-31,C0032,102,"Sunwhite Calrose Rice, 4kg",rice,Rice,1,4.99,4.99,Winter 2026
I2026000449,O202600257,2026-01-31,C0032,136,"Ard Jdadna Powder Garlic, 200g",Cooking & Baking,Spices & Seasonings,1,2.2,2.2,Winter 2026
I2026000450,O202600258,2026-01-31,C0129,301,"Mr.Chips Paprika Snack Mix, 78g",Chips,Spices & Seasonings,1,0.6,0.6,Winter 2026
I2026000451,O202600258,2026-01-31,C0129,318,"Spuds Prime Ribs Craft Cooked Chips, 65g",Chips,Chips,1,0.75,0.75,Winter 2026
I2026000452,O202600259,2026-01-31,C0045,70,"Koita Lactose Free Skim Milk, 1L",Long Life Milk,Dairy,1,3.1,3.1,Winter 2026
I2026000453,O202600260,2026-01-31,C0110,106,Barilla Rigatoni 500 g,pasta,Pasta,1,1.68,1.68,Winter 2026
I2026000454,O202600261,2026-01-31,C0137,144,"Aroma Garden Magloubeh Spices, 100g",Cooking & Baking,Spices & Seasonings,1,2.09,2.09,Winter 2026
I2026000455,O202600261,2026-01-31,C0137,291,"Mr.Chips Bugles Cheese Flavor Corn Snacks, 33g",Chips,Canned Vegetables,3,0.3,0.9,Winter 2026
I2026000456,O202600261,2026-01-31,C0137,107,"Barakah Al Sanabel Chiffari Lisci, 450g",pasta,Pasta,2,0.35,0.7,Winter 2026
I2026000457,O202600262,2026-01-31,C0115,103,"Abu Kass Basmati Rice, 4kg",rice,Rice,1,5.49,5.49,Winter 2026
I2026000458,O202600263,2026-02-01,C0077,76,"Nadec Banana Flavor Milk, 6x125ml",Long Life Milk,Dairy,1,1.35,1.35,Winter 2026
I2026000459,O202600264,2026-02-01,C0057,106,Barilla Rigatoni 500 g,pasta,Pasta,1,1.68,1.68,Winter 2026
I2026000460,O202600265,2026-02-01,C0130,131,Blue Mill Garlic Powder 200 g,Cooking & Baking,Spices & Seasonings,1,2.89,2.89,Winter 2026
I2026000461,O202600265,2026-02-01,C0130,287,"Milka Choco Wafer, (5 Pieces), 150g",Chocolate,Dairy,1,2.31,2.31,Winter 2026
I2026000462,O202600265,2026-02-01,C0130,101,Mandi Basmati Rice 4 kg,rice,Rice,1,4.97,4.97,Winter 2026
I2026000463,O202600265,2026-02-01,C0130,154,"Benina Chili Oil, 150ml",Cooking & Baking,Oil,1,1.49,1.49,Winter 2026
I2026000464,O202600266,2026-02-01,C0098,101,Mandi Basmati Rice 4 kg,rice,Rice,1,4.97,4.97,Winter 2026
I2026000465,O202600267,2026-02-01,C0087,172,"Rio Mare Light Tuna in Olive Oil, 160g",Canned Seafood,Canned Food,1,3.45,3.45,Winter 2026
I2026000466,O202600268,2026-02-01,C0139,293,"Smart Chips Crunchy Rings Pizza Flavor, 80g",Chips,Chips,1,1,1,Winter 2026
I2026000467,O202600268,2026-02-01,C0139,104,"Pasta Zara Conchiglie No.54, 500g",pasta,Pasta,1,1.31,1.31,Winter 2026
I2026000468,O202600269,2026-02-01,C0039,142,"Aroma Garden Organic Meat Spices, 120g",Cooking & Baking,Spices & Seasonings,1,2.09,2.09,Winter 2026
I2026000469,O202600270,2026-02-01,C0033,256,"Almarai Strawberry Banana Fat Free Protein Milk No Added Sugar, 400ml",Sports & Energy Drinks,Dairy,1,1.62,1.62,Winter 2026
I2026000470,O202600271,2026-02-01,C0108,154,"Benina Chili Oil, 150ml",Cooking & Baking,Oil,1,1.49,1.49,Winter 2026
I2026000471,O202600271,2026-02-01,C0108,100,Tiger Rice 3.5 kg,rice,Rice,1,3.65,3.65,Winter 2026
I2026000472,O202600271,2026-02-01,C0108,148,"Durra Lemon Seasoning, 1000ml",Cooking & Baking,Spices & Seasonings,1,1.85,1.85,Winter 2026
I2026000473,O202600272,2026-02-01,C0053,269,"Galaxy Smooth Milk Chocolate Bar,Â 30g",Chocolate,Dairy,1,0.77,0.77,Winter 2026
I2026000474,O202600273,2026-02-01,C0038,266,"Bounty Coconut Milk Chocolate Bar, 50g",Chocolate,Dairy,1,0.65,0.65,Winter 2026
I2026000475,O202600274,2026-02-01,C0021,179,"California Garden Whole Kernal Sweet Corn, 400g",Canned Vegetables,Canned Vegetables,1,1.05,1.05,Winter 2026
I2026000476,O202600274,2026-02-01,C0021,105,"Al-Ghazal Pasta Bucatini 1, 300g",pasta,Pasta,1,0.49,0.49,Winter 2026
I2026000477,O202600275,2026-02-02,C0066,108,"Afia Pure Corn Oil, 1.5L",oil,Oil,1,3.99,3.99,Winter 2026
I2026000478,O202600275,2026-02-02,C0066,101,Mandi Basmati Rice 4 kg,rice,Rice,1,4.97,4.97,Winter 2026
I2026000479,O202600275,2026-02-02,C0066,301,"Mr.Chips Paprika Snack Mix, 78g",Chips,Spices & Seasonings,1,0.6,0.6,Winter 2026
I2026000480,O202600276,2026-02-02,C0133,169,Sayad Tuna Meat With Natural Chili 160 g,Canned Seafood,Canned Food,2,0.85,1.7,Winter 2026
I2026000481,O202600276,2026-02-02,C0133,280,"Ferrero Rocher Fine Crunchy Hazelnuts Dipped in Smooth Milk Chocolate, (3 Pieces), 37.5g",Chocolate,Dairy,1,1,1,Winter 2026
I2026000482,O202600277,2026-02-02,C0093,286,Mythic Sensation Mini Milk Chocolate 30 g,Chocolate,Chocolate,3,0.55,1.65,Winter 2026
I2026000483,O202600277,2026-02-02,C0093,193,"Unium Chicken Hot Dog, 415g",Canned Meat,Canned Food,1,1.45,1.45,Winter 2026
I2026000484,O202600278,2026-02-02,C0141,106,Barilla Rigatoni 500 g,pasta,Pasta,1,1.68,1.68,Winter 2026
I2026000485,O202600279,2026-02-02,C0004,148,"Durra Lemon Seasoning, 1000ml",Cooking & Baking,Spices & Seasonings,1,1.85,1.85,Winter 2026
I2026000486,O202600280,2026-02-02,C0138,299,"Mr.Chips Cheese Potato Chips, 68g",Chips,Chips,1,0.6,0.6,Winter 2026
I2026000487,O202600280,2026-02-02,C0138,100,Tiger Rice 3.5 kg,rice,Rice,1,3.65,3.65,Winter 2026
I2026000488,O202600281,2026-02-02,C0035,74,Koita Organic Chocolate Milk Uht 200 ml,Long Life Milk,Chocolate,1,1.65,1.65,Winter 2026
I2026000489,O202600281,2026-02-02,C0035,87,"Pascual Vive Soy High Calcium Oat Drink, 1L",Milk Alternatives,Dairy,1,3.5,3.5,Winter 2026
I2026000490,O202600282,2026-02-02,C0002,185,NewLand Pineapple Slices In Light Syrup 565 g,Canned Fruit,Canned Food,1,1.89,1.89,Winter 2026
I2026000491,O202600283,2026-02-02,C0108,80,"The Bridge Bio Organic Almond Sugar Free Drink, 1L",Milk Alternatives,Dairy,3,4.2,12.6,Winter 2026
I2026000492,O202600284,2026-02-02,C0067,69,"Nadec Long Life Full Fat UHT Milk, 4x1L",Long Life Milk,Dairy,1,3.35,3.35,Winter 2026
I2026000493,O202600285,2026-02-02,C0035,45,"Al Youm Labneh, 200g",labneh,Dairy,1,1.25,1.25,Winter 2026
I2026000494,O202600286,2026-02-03,C0031,93,"Alyoum Fresh Jameed Liquid, 1kg",Yoghurts,Dairy,1,1.75,1.75,Winter 2026
I2026000495,O202600287,2026-02-03,C0001,101,Mandi Basmati Rice 4 kg,rice,Rice,1,4.97,4.97,Winter 2026
I2026000496,O202600288,2026-02-03,C0031,168,"Al Sayad Tuna In Vegetable Oil, 160g",Canned Seafood,Canned Food,1,0.79,0.79,Winter 2026
I2026000497,O202600288,2026-02-03,C0031,321,"Molto XL Croissant Chocolate With Hazelnut, 42.5g",Cakes and Rolls,Bakery,1,0.25,0.25,Winter 2026
I2026000498,O202600289,2026-02-03,C0055,284,"Kinder Happy Hippo Biscuits with Double Cream Filling, 103.5g",Chocolate,Dairy,1,1.95,1.95,Winter 2026
I2026000499,O202600290,2026-02-03,C0056,141,"Aroma Garden Chicken Spices, 100g",Cooking & Baking,Spices & Seasonings,1,2.09,2.09,Winter 2026
I2026000500,O202600290,2026-02-03,C0056,103,"Abu Kass Basmati Rice, 4kg",rice,Rice,1,5.49,5.49,Winter 2026
I2026000501,O202600290,2026-02-03,C0056,106,Barilla Rigatoni 500 g,pasta,Pasta,1,1.68,1.68,Winter 2026
I2026000502,O202600291,2026-02-03,C0061,111,"Filippo Berio Basil Flavoured Olive Oil, 250ml",oil,Oil,1,12.6,12.6,Winter 2026
I2026000503,O202600291,2026-02-03,C0061,100,Tiger Rice 3.5 kg,rice,Rice,1,3.65,3.65,Winter 2026
I2026000504,O202600292,2026-02-03,C0087,101,Mandi Basmati Rice 4 kg,rice,Rice,1,4.97,4.97,Winter 2026
I2026000505,O202600293,2026-02-03,C0132,170,"Durra Tuna Solid with Chilli Pepper, 160g",Canned Seafood,Canned Food,2,1.04,2.08,Winter 2026
I2026000506,O202600293,2026-02-03,C0132,95,"Al Mazraa Jameed Pasteurized Liquid, 1L",Yoghurts,Dairy,1,2.75,2.75,Winter 2026
I2026000507,O202600294,2026-02-03,C0110,75,"KDD Strawberry Flavored Milk, 6x250ml",Long Life Milk,Eggs,1,2.25,2.25,Winter 2026
I2026000508,O202600294,2026-02-03,C0110,46,"Teeba 9% Fat Labneh, 500g",labneh,Dairy,1,2.25,2.25,Winter 2026
I2026000509,O202600295,2026-02-03,C0030,46,"Teeba 9% Fat Labneh, 500g",labneh,Dairy,1,2.25,2.25,Winter 2026
I2026000510,O202600296,2026-02-03,C0098,181,Albayrouty Sweet Corn 340 g,Canned Vegetables,Canned Vegetables,1,1.05,1.05,Winter 2026
I2026000511,O202600296,2026-02-03,C0098,105,"Al-Ghazal Pasta Bucatini 1, 300g",pasta,Pasta,1,0.49,0.49,Winter 2026
I2026000512,O202600297,2026-02-04,C0084,78,"Nadec Full Fat Fresh Milk, 6x125ml",Long Life Milk,Dairy,1,1.13,1.13,Winter 2026
I2026000513,O202600298,2026-02-04,C0110,171,"Rio Mare Tuna In Olive Oil, 2x160g",Canned Seafood,Canned Food,1,5.5,5.5,Winter 2026
I2026000514,O202600298,2026-02-04,C0110,286,Mythic Sensation Mini Milk Chocolate 30 g,Chocolate,Dairy,2,0.55,1.1,Winter 2026
I2026000515,O202600299,2026-02-04,C0129,50,Baladna Full Cream Milk 1 L,milk,Dairy,1,1.03,1.03,Winter 2026
I2026000516,O202600300,2026-02-04,C0057,171,"Rio Mare Tuna In Olive Oil, 2x160g",Canned Seafood,Oil,1,5.5,5.5,Winter 2026
I2026000517,O202600300,2026-02-04,C0057,103,"Abu Kass Basmati Rice, 4kg",rice,Rice,1,5.49,5.49,Winter 2026
I2026000518,O202600300,2026-02-04,C0057,143,"Aroma Garden Seven Spices, 100g",Cooking & Baking,Spices & Seasonings,1,2.09,2.09,Winter 2026
I2026000519,O202600301,2026-02-04,C0048,53,"Alyoum Yoghurt, 1kg",youghurt,Dairy,1,1.27,1.27,Winter 2026
I2026000520,O202600302,2026-02-04,C0060,141,"Aroma Garden Chicken Spices, 100g",Cooking & Baking,Spices & Seasonings,1,2.09,2.09,Winter 2026
I2026000521,O202600303,2026-02-04,C0148,168,"Al Sayad Tuna In Vegetable Oil, 160g",Canned Seafood,Oil,1,0.79,0.79,Winter 2026
I2026000522,O202600303,2026-02-04,C0148,103,"Abu Kass Basmati Rice, 4kg",rice,Rice,2,5.49,10.98,Winter 2026
I2026000523,O202600303,2026-02-04,C0148,326,"Eti Pop Kek Cocoa Cake, 200g",Cakes and Rolls,Bakery,1,1.95,1.95,Winter 2026
I2026000524,O202600304,2026-02-04,C0096,286,Mythic Sensation Mini Milk Chocolate 30 g,Chocolate,Dairy,1,0.55,0.55,Winter 2026
I2026000525,O202600305,2026-02-04,C0065,109,"Mazola Sunflower Oil, 1.5L",oil,Oil,1,3.39,3.39,Winter 2026
I2026000526,O202600305,2026-02-04,C0065,101,Mandi Basmati Rice 4 kg,rice,Rice,1,4.97,4.97,Winter 2026
I2026000527,O202600305,2026-02-04,C0065,297,"Mr.Chips Paprika Potato Chips, 68g",Chips,Spices & Seasonings,1,0.6,0.6,Winter 2026
I2026000528,O202600306,2026-02-05,C0078,145,"Aroma Garden Biryani Spices, 100g",Cooking & Baking,Spices & Seasonings,1,2.09,2.09,Winter 2026
I2026000529,O202600306,2026-02-05,C0078,101,Mandi Basmati Rice 4 kg,rice,Rice,1,4.97,4.97,Winter 2026
I2026000530,O202600307,2026-02-05,C0078,107,"Barakah Al Sanabel Chiffari Lisci, 450g",pasta,Pasta,1,0.35,0.35,Winter 2026
I2026000531,O202600308,2026-02-05,C0134,173,NewLand Sliced Black Olives 345 g,Canned Vegetables,Canned Vegetables,1,1.2,1.2,Winter 2026
I2026000532,O202600308,2026-02-05,C0134,104,"Pasta Zara Conchiglie No.54, 500g",pasta,Pasta,1,1.31,1.31,Winter 2026
I2026000533,O202600308,2026-02-05,C0134,328,"Americana Orange Pound Cake, 300g",Cakes and Rolls,Bakery,2,1.9,3.8,Winter 2026
I2026000534,O202600309,2026-02-05,C0073,105,"Al-Ghazal Pasta Bucatini 1, 300g",pasta,Pasta,1,0.49,0.49,Winter 2026
I2026000535,O202600310,2026-02-05,C0150,271,"Galaxy Hazelnut Chocolate Bar, 30g",Chocolate,Chocolate,2,0.77,1.54,Winter 2026
I2026000536,O202600310,2026-02-05,C0150,256,"Almarai Strawberry Banana Fat Free Protein Milk No Added Sugar, 400ml",Sports & Energy Drinks,Dairy,1,1.62,1.62,Winter 2026
I2026000537,O202600311,2026-02-05,C0091,167,Maxim's Smoked Tuna Oil 185 g,Canned Seafood,Canned Food,1,3,3,Winter 2026
I2026000538,O202600312,2026-02-05,C0042,296,"Mr.Chips Waves Honey Mustard Chips, 50g",Chips,Chips,1,0.65,0.65,Winter 2026
I2026000539,O202600312,2026-02-05,C0042,46,"Teeba 9% Fat Labneh, 500g",labneh,Dairy,1,2.25,2.25,Winter 2026
I2026000540,O202600312,2026-02-05,C0042,106,Barilla Rigatoni 500 g,pasta,Pasta,2,1.68,3.36,Winter 2026
I2026000541,O202600313,2026-02-05,C0092,64,"Almarai Unsalted Natural Butter, 200g",butter,Dairy,2,2.05,4.1,Winter 2026
I2026000542,O202600314,2026-02-05,C0094,136,"Ard Jdadna Powder Garlic, 200g",Cooking & Baking,Spices & Seasonings,1,2.2,2.2,Winter 2026
I2026000543,O202600314,2026-02-05,C0094,333,"Bifa Keks Roll Cake with Cocoa Cream, 50g",Cakes and Rolls,Bakery,1,0.25,0.25,Winter 2026
I2026000544,O202600315,2026-02-05,C0041,112,"Kasih Vegetable Oil Cooking Spray, 141g",oil,Oil,3,2.25,6.75,Winter 2026
I2026000545,O202600315,2026-02-05,C0041,53,"Alyoum Yoghurt, 1kg",youghurt,Dairy,1,1.27,1.27,Winter 2026
I2026000546,O202600315,2026-02-05,C0041,103,"Abu Kass Basmati Rice, 4kg",rice,Rice,3,5.49,16.47,Winter 2026
I2026000547,O202600315,2026-02-05,C0041,152,"Benina Garlic Chili Sauce, 280g",Cooking & Baking,Spices & Seasonings,1,1.49,1.49,Winter 2026
I2026000548,O202600316,2026-02-06,C0146,167,Maxim's Smoked Tuna Oil 185 g,Canned Seafood,Oil,1,3,3,Winter 2026
I2026000549,O202600316,2026-02-06,C0146,46,"Teeba 9% Fat Labneh, 500g",labneh,Eggs,2,2.25,4.5,Winter 2026
I2026000550,O202600316,2026-02-06,C0146,100,Tiger Rice 3.5 kg,rice,Rice,1,3.65,3.65,Winter 2026
I2026000551,O202600316,2026-02-06,C0146,145,"Aroma Garden Biryani Spices, 100g",Cooking & Baking,Spices & Seasonings,3,2.09,6.27,Winter 2026
I2026000552,O202600317,2026-02-06,C0059,289,"Choco Lake Diamond Twist Kunafa with Peanut Butter Filling, 450g",Chocolate,Chocolate,1,4.99,4.99,Winter 2026
I2026000553,O202600317,2026-02-06,C0059,107,"Barakah Al Sanabel Chiffari Lisci, 450g",pasta,Pasta,1,0.35,0.35,Winter 2026
I2026000554,O202600318,2026-02-06,C0119,94,"Alyoum Tang Taste Yoghurt Baladi, 1kg",Yoghurts,Dairy,1,1.75,1.75,Winter 2026
I2026000555,O202600319,2026-02-06,C0066,196,Maxims Sweet Corn 180 g 3 pcs get 1 pc Free,Canned Fruit,Canned Food,1,3.79,3.79,Winter 2026
I2026000556,O202600320,2026-02-06,C0058,167,Maxim's Smoked Tuna Oil 185 g,Canned Seafood,Canned Food,1,3,3,Winter 2026
I2026000557,O202600320,2026-02-06,C0058,334,"Bifa Keks Roll Black and White Cake, 50g",Cakes and Rolls,Bakery,1,0.25,0.25,Winter 2026
I2026000558,O202600321,2026-02-06,C0082,143,"Aroma Garden Seven Spices, 100g",Cooking & Baking,Spices & Seasonings,1,2.09,2.09,Winter 2026
I2026000559,O202600321,2026-02-06,C0082,101,Mandi Basmati Rice 4 kg,rice,Rice,3,4.97,14.91,Winter 2026
I2026000560,O202600322,2026-02-06,C0125,148,"Durra Lemon Seasoning, 1000ml",Cooking & Baking,Spices & Seasonings,1,1.85,1.85,Winter 2026
I2026000561,O202600322,2026-02-06,C0125,289,"Choco Lake Diamond Twist Kunafa with Peanut Butter Filling, 450g",Chocolate,Dairy,2,4.99,9.98,Winter 2026
I2026000562,O202600322,2026-02-06,C0125,102,"Sunwhite Calrose Rice, 4kg",rice,Rice,1,4.99,4.99,Winter 2026
I2026000563,O202600323,2026-02-06,C0010,169,Sayad Tuna Meat With Natural Chili 160 g,Canned Seafood,Canned Food,1,0.85,0.85,Winter 2026
I2026000564,O202600324,2026-02-07,C0091,166,Maxim's Sliced Tuna With Garlic And Black Pepper 120 g,Canned Seafood,Spices & Seasonings,1,2.29,2.29,Winter 2026
I2026000565,O202600324,2026-02-07,C0091,104,"Pasta Zara Conchiglie No.54, 500g",pasta,Pasta,2,1.31,2.62,Winter 2026
I2026000566,O202600324,2026-02-07,C0091,101,Mandi Basmati Rice 4 kg,rice,Rice,1,4.97,4.97,Winter 2026
I2026000567,O202600325,2026-02-07,C0025,103,"Abu Kass Basmati Rice, 4kg",rice,Rice,1,5.49,5.49,Winter 2026
I2026000568,O202600325,2026-02-07,C0025,202,Crystal Ice Cubes 2 kg,water,Water,1,0.99,0.99,Winter 2026
I2026000569,O202600326,2026-02-07,C0046,279,"Ozmo Hoppo Biscuit Filled with Chocolate Cream, 40g",Chocolate,Chocolate,1,0.6,0.6,Winter 2026
I2026000570,O202600326,2026-02-07,C0046,47,"Teeba Labneh, 180g",labneh,Dairy,1,1,1,Winter 2026
I2026000571,O202600327,2026-02-07,C0031,178,"Luna Red Kidney Beans, 380g",Canned Vegetables,Canned Vegetables,1,0.76,0.76,Winter 2026
I2026000572,O202600327,2026-02-07,C0031,104,"Pasta Zara Conchiglie No.54, 500g",pasta,Pasta,1,1.31,1.31,Winter 2026
I2026000573,O202600327,2026-02-07,C0031,201,"Kinza Soda Water Can, 250ml",water,Water,3,0.36,1.08,Winter 2026
I2026000574,O202600328,2026-02-07,C0098,171,"Rio Mare Tuna In Olive Oil, 2x160g",Canned Seafood,Oil,1,5.5,5.5,Winter 2026
I2026000575,O202600328,2026-02-07,C0098,101,Mandi Basmati Rice 4 kg,rice,Rice,1,4.97,4.97,Winter 2026
I2026000576,O202600328,2026-02-07,C0098,142,"Aroma Garden Organic Meat Spices, 120g",Cooking & Baking,Spices & Seasonings,1,2.09,2.09,Winter 2026
I2026000577,O202600329,2026-02-07,C0088,233,"Baladna Coffee with Milk Low Fat Cow Milk, 250ml",Specialty Drinks,Dairy,1,0.8,0.8,Winter 2026
I2026000578,O202600330,2026-02-07,C0115,45,"Al Youm Labneh, 200g",labneh,Dairy,1,1.25,1.25,Winter 2026
I2026000579,O202600330,2026-02-07,C0115,103,"Abu Kass Basmati Rice, 4kg",rice,Rice,1,5.49,5.49,Winter 2026
I2026000580,O202600331,2026-02-07,C0123,133,Spice Classics Basil Leaves 6.25 g,Cooking & Baking,Spices & Seasonings,2,1.99,3.98,Winter 2026
I2026000581,O202600331,2026-02-07,C0123,102,"Sunwhite Calrose Rice, 4kg",rice,Rice,3,4.99,14.97,Winter 2026
I2026000582,O202600332,2026-02-07,C0130,137,"Ard Jdadna Powder Garlic, 200g",Cooking & Baking,Spices & Seasonings,1,1.9,1.9,Winter 2026
I2026000583,O202600333,2026-02-07,C0076,66,"Almarai Cooking Cream, 500ml",cream,Dairy,1,2.65,2.65,Winter 2026
I2026000584,O202600334,2026-02-07,C0053,144,"Aroma Garden Magloubeh Spices, 100g",Cooking & Baking,Spices & Seasonings,1,2.09,2.09,Winter 2026
I2026000585,O202600334,2026-02-07,C0053,83,"Alinor Organic Plant Based Almond Barista Drink, 1L",Milk Alternatives,Dairy,1,3.5,3.5,Winter 2026
I2026000586,O202600335,2026-02-07,C0012,94,"Alyoum Tang Taste Yoghurt Baladi, 1kg",Yoghurts,Dairy,1,1.75,1.75,Winter 2026
I2026000587,O202600336,2026-02-07,C0034,330,"L'usine Cupcakes Filled with Chocolate Cream, 18x30g",Cakes and Rolls,Dairy,1,1.8,1.8,Winter 2026
I2026000588,O202600337,2026-02-07,C0073,167,Maxim's Smoked Tuna Oil 185 g,Canned Seafood,Oil,1,3,3,Winter 2026
I2026000589,O202600337,2026-02-07,C0073,80,"The Bridge Bio Organic Almond Sugar Free Drink, 1L",Milk Alternatives,Dairy,1,4.2,4.2,Winter 2026
I2026000590,O202600337,2026-02-07,C0073,101,Mandi Basmati Rice 4 kg,rice,Rice,1,4.97,4.97,Winter 2026
I2026000591,O202600337,2026-02-07,C0073,131,Blue Mill Garlic Powder 200 g,Cooking & Baking,Spices & Seasonings,1,2.89,2.89,Winter 2026
I2026000592,O202600338,2026-02-07,C0118,103,"Abu Kass Basmati Rice, 4kg",rice,Rice,1,5.49,5.49,Winter 2026
I2026000593,O202600339,2026-02-07,C0148,103,"Abu Kass Basmati Rice, 4kg",rice,Rice,1,5.49,5.49,Winter 2026
I2026000594,O202600340,2026-02-07,C0051,105,"Al-Ghazal Pasta Bucatini 1, 300g",pasta,Pasta,1,0.49,0.49,Winter 2026
I2026000595,O202600341,2026-02-08,C0109,143,"Aroma Garden Seven Spices, 100g",Cooking & Baking,Spices & Seasonings,1,2.09,2.09,Winter 2026
I2026000596,O202600341,2026-02-08,C0109,66,"Almarai Cooking Cream, 500ml",cream,Eggs,3,2.65,7.95,Winter 2026
I2026000597,O202600342,2026-02-08,C0081,143,"Aroma Garden Seven Spices, 100g",Cooking & Baking,Spices & Seasonings,1,2.09,2.09,Winter 2026
I2026000598,O202600343,2026-02-08,C0059,72,"Koita UHT Lactose Free Whole Fat Milk, 1L",Long Life Milk,Dairy,1,3.09,3.09,Winter 2026
I2026000599,O202600343,2026-02-08,C0059,330,"L'usine Cupcakes Filled with Chocolate Cream, 18x30g",Cakes and Rolls,Bakery,1,1.8,1.8,Winter 2026
I2026000600,O202600344,2026-02-08,C0114,180,Albayrouty Mushroom Slices 400 g,Canned Vegetables,Canned Food,2,1.05,2.1,Winter 2026
I2026000601,O202600345,2026-02-08,C0041,233,"Baladna Coffee with Milk Low Fat Cow Milk, 250ml",Specialty Drinks,Dairy,2,0.8,1.6,Winter 2026
I2026000602,O202600345,2026-02-08,C0041,327,"Americana Marble Pound Cake, 300g",Cakes and Rolls,Bakery,1,1.9,1.9,Winter 2026
I2026000603,O202600346,2026-02-08,C0137,63,"Lurpak Unsalted Butter, 6x50g",butter,Dairy,1,4.23,4.23,Winter 2026
I2026000604,O202600347,2026-02-08,C0027,141,"Aroma Garden Chicken Spices, 100g",Cooking & Baking,Spices & Seasonings,1,2.09,2.09,Winter 2026
I2026000605,O202600347,2026-02-08,C0027,166,Maxim's Sliced Tuna With Garlic And Black Pepper 120 g,Canned Seafood,Canned Food,3,2.29,6.87,Winter 2026
I2026000606,O202600347,2026-02-08,C0027,307,"Lay's French Cheese Potato Chips, 110g",Chips,Chips,1,1,1,Winter 2026
I2026000607,O202600348,2026-02-08,C0032,67,"Five Cows Thick Cream, 4x125ml",cream,Dairy,1,1.75,1.75,Winter 2026
I2026000608,O202600349,2026-02-08,C0133,62,"Lurpak Unsalted Butter, 100g",butter,Dairy,1,1.13,1.13,Winter 2026
I2026000609,O202600349,2026-02-08,C0133,201,"Kinza Soda Water Can, 250ml",water,Water,1,0.36,0.36,Winter 2026
I2026000610,O202600350,2026-02-08,C0007,137,"Ard Jdadna Powder Garlic, 200g",Cooking & Baking,Spices & Seasonings,1,1.9,1.9,Winter 2026
I2026000611,O202600351,2026-02-08,C0118,280,"Ferrero Rocher Fine Crunchy Hazelnuts Dipped in Smooth Milk Chocolate, (3 Pieces), 37.5g",Chocolate,Dairy,1,1,1,Winter 2026
I2026000612,O202600352,2026-02-08,C0134,167,Maxim's Smoked Tuna Oil 185 g,Canned Seafood,Canned Food,1,3,3,Winter 2026
I2026000613,O202600352,2026-02-08,C0134,62,"Lurpak Unsalted Butter, 100g",butter,Dairy,1,1.13,1.13,Winter 2026
I2026000614,O202600353,2026-02-08,C0102,166,Maxim's Sliced Tuna With Garlic And Black Pepper 120 g,Canned Seafood,Spices & Seasonings,1,2.29,2.29,Winter 2026
I2026000615,O202600354,2026-02-09,C0127,312,"Pringles Sour Cream & Onion Chips Can, 165g",Chips,Dairy,2,1.7,3.4,Winter 2026
I2026000616,O202600354,2026-02-09,C0127,370,Soccer 50 FT Smart Outdoor String Lights Waterproof,World Cup,Water,1,1.9,1.9,Winter 2026
I2026000617,O202600355,2026-02-09,C0138,174,"Maxims Sweet Corn, 340g",Canned Vegetables,Canned Food,2,1.5,3,Winter 2026
I2026000618,O202600356,2026-02-09,C0035,133,Spice Classics Basil Leaves 6.25 g,Cooking & Baking,Spices & Seasonings,1,1.99,1.99,Winter 2026
I2026000619,O202600356,2026-02-09,C0035,62,"Lurpak Unsalted Butter, 100g",butter,Dairy,2,1.13,2.26,Winter 2026
I2026000620,O202600357,2026-02-09,C0052,104,"Pasta Zara Conchiglie No.54, 500g",pasta,Pasta,3,1.31,3.93,Winter 2026
I2026000621,O202600358,2026-02-09,C0140,50,Baladna Full Cream Milk 1 L,milk,Dairy,1,1.03,1.03,Winter 2026
I2026000622,O202600359,2026-02-09,C0072,106,Barilla Rigatoni 500 g,pasta,Pasta,1,1.68,1.68,Winter 2026
I2026000623,O202600360,2026-02-09,C0053,107,"Barakah Al Sanabel Chiffari Lisci, 450g",pasta,Pasta,1,0.35,0.35,Winter 2026
I2026000624,O202600361,2026-02-09,C0057,81,"Koita Organic Almond Milk, 1L",Milk Alternatives,Dairy,1,3.7,3.7,Winter 2026
I2026000625,O202600361,2026-02-09,C0057,104,"Pasta Zara Conchiglie No.54, 500g",pasta,Pasta,1,1.31,1.31,Winter 2026
I2026000626,O202600362,2026-02-09,C0060,133,Spice Classics Basil Leaves 6.25 g,Cooking & Baking,Spices & Seasonings,1,1.99,1.99,Winter 2026
I2026000627,O202600362,2026-02-09,C0060,65,"KDD Thick Cream, 4x125ml",cream,Dairy,1,1.72,1.72,Winter 2026
I2026000628,O202600362,2026-02-09,C0060,105,"Al-Ghazal Pasta Bucatini 1, 300g",pasta,Pasta,3,0.49,1.47,Winter 2026
I2026000629,O202600363,2026-02-09,C0135,51,"Hammoudeh Lactose Free Full Fat UHT Milk, 1L",milk,Dairy,1,1.5,1.5,Winter 2026
I2026000630,O202600364,2026-02-10,C0019,266,"Bounty Coconut Milk Chocolate Bar, 50g",Chocolate,Dairy,1,0.65,0.65,Winter 2026
I2026000631,O202600365,2026-02-10,C0060,105,"Al-Ghazal Pasta Bucatini 1, 300g",pasta,Pasta,1,0.49,0.49,Winter 2026
I2026000632,O202600366,2026-02-10,C0011,172,"Rio Mare Light Tuna in Olive Oil, 160g",Canned Seafood,Oil,1,3.45,3.45,Winter 2026
I2026000633,O202600366,2026-02-10,C0011,102,"Sunwhite Calrose Rice, 4kg",rice,Rice,1,4.99,4.99,Winter 2026
I2026000634,O202600366,2026-02-10,C0011,131,Blue Mill Garlic Powder 200 g,Cooking & Baking,Spices & Seasonings,1,2.89,2.89,Winter 2026
I2026000635,O202600367,2026-02-10,C0004,187,NewLand Chicken Hot Dog 400 g,Canned Meat,Canned Food,1,1.6,1.6,Winter 2026
I2026000636,O202600368,2026-02-10,C0031,81,"Koita Organic Almond Milk, 1L",Milk Alternatives,Dairy,1,3.7,3.7,Winter 2026
I2026000637,O202600369,2026-02-10,C0060,297,"Mr.Chips Paprika Potato Chips, 68g",Chips,Spices & Seasonings,2,0.6,1.2,Winter 2026
I2026000638,O202600369,2026-02-10,C0060,80,"The Bridge Bio Organic Almond Sugar Free Drink, 1L",Milk Alternatives,Dairy,1,4.2,4.2,Winter 2026
I2026000639,O202600369,2026-02-10,C0060,102,"Sunwhite Calrose Rice, 4kg",rice,Rice,1,4.99,4.99,Winter 2026
I2026000640,O202600369,2026-02-10,C0060,168,"Al Sayad Tuna In Vegetable Oil, 160g",Canned Seafood,Oil,1,0.79,0.79,Winter 2026
I2026000641,O202600370,2026-02-10,C0050,177,NewLand American Black Beans 432 g,Canned Vegetables,Canned Vegetables,1,1.45,1.45,Winter 2026
I2026000642,O202600370,2026-02-10,C0050,105,"Al-Ghazal Pasta Bucatini 1, 300g",pasta,Pasta,1,0.49,0.49,Winter 2026
I2026000643,O202600371,2026-02-10,C0079,148,"Durra Lemon Seasoning, 1000ml",Cooking & Baking,Spices & Seasonings,2,1.85,3.7,Winter 2026
I2026000644,O202600371,2026-02-10,C0079,95,"Al Mazraa Jameed Pasteurized Liquid, 1L",Yoghurts,Eggs,3,2.75,8.25,Winter 2026
I2026000645,O202600372,2026-02-10,C0031,59,"Ovalyo White XL Eggs, 6pcs",eggs,Eggs,2,0.95,1.9,Winter 2026
I2026000646,O202600372,2026-02-10,C0031,104,"Pasta Zara Conchiglie No.54, 500g",pasta,Pasta,1,1.31,1.31,Winter 2026
I2026000647,O202600373,2026-02-10,C0021,178,"Luna Red Kidney Beans, 380g",Canned Vegetables,Canned Food,1,0.76,0.76,Winter 2026
I2026000648,O202600373,2026-02-10,C0021,86,"Pascual Vive Soy High Calcium Soy Drink, 1L",Milk Alternatives,Dairy,1,3.5,3.5,Winter 2026
I2026000649,O202600374,2026-02-10,C0107,322,"Eti Aditco Chocolate Cake, 36g",Cakes and Rolls,Chocolate,1,0.39,0.39,Winter 2026
I2026000650,O202600374,2026-02-10,C0107,67,"Five Cows Thick Cream, 4x125ml",cream,Dairy,1,1.75,1.75,Winter 2026
I2026000651,O202600375,2026-02-11,C0110,80,"The Bridge Bio Organic Almond Sugar Free Drink, 1L",Milk Alternatives,Dairy,1,4.2,4.2,Winter 2026
I2026000652,O202600375,2026-02-11,C0110,340,"Cool Gear Cactus Water Bottle with Freeze Stick, 650ml",back to school,Water,3,3.75,11.25,Winter 2026
I2026000653,O202600376,2026-02-11,C0137,152,"Benina Garlic Chili Sauce, 280g",Cooking & Baking,Spices & Seasonings,1,1.49,1.49,Winter 2026
I2026000654,O202600376,2026-02-11,C0137,341,"Cool Gear Water Bottle - Pink, 650ml",back to school,Water,1,3.75,3.75,Winter 2026
I2026000655,O202600377,2026-02-11,C0097,141,"Aroma Garden Chicken Spices, 100g",Cooking & Baking,Spices & Seasonings,1,2.09,2.09,Winter 2026
I2026000656,O202600377,2026-02-11,C0097,181,Albayrouty Sweet Corn 340 g,Canned Vegetables,Canned Food,1,1.05,1.05,Winter 2026
I2026000657,O202600377,2026-02-11,C0097,102,"Sunwhite Calrose Rice, 4kg",rice,Rice,1,4.99,4.99,Winter 2026
I2026000658,O202600377,2026-02-11,C0097,112,"Kasih Vegetable Oil Cooking Spray, 141g",oil,Oil,1,2.25,2.25,Winter 2026
I2026000659,O202600378,2026-02-11,C0080,50,Baladna Full Cream Milk 1 L,milk,Dairy,1,1.03,1.03,Winter 2026
I2026000660,O202600379,2026-02-11,C0051,176,"NewLand Crushed Italian Tomatoes, 400g",Canned Vegetables,Canned Food,1,1.17,1.17,Winter 2026
I2026000661,O202600380,2026-02-11,C0142,192,Zwan Chicken Hotdogs Ã— 2 Special Offer,Canned Meat,Canned Food,1,4.5,4.5,Winter 2026
I2026000662,O202600381,2026-02-11,C0101,88,"Almarai Greek Style Mango Yoghurt, 150g",Yoghurts,Eggs,1,0.9,0.9,Winter 2026
I2026000663,O202600381,2026-02-11,C0101,101,Mandi Basmati Rice 4 kg,rice,Rice,2,4.97,9.94,Winter 2026
I2026000664,O202600382,2026-02-11,C0124,109,"Mazola Sunflower Oil, 1.5L",oil,Oil,1,3.39,3.39,Winter 2026
I2026000665,O202600382,2026-02-11,C0124,102,"Sunwhite Calrose Rice, 4kg",rice,Rice,3,4.99,14.97,Winter 2026
I2026000666,O202600382,2026-02-11,C0124,131,Blue Mill Garlic Powder 200 g,Cooking & Baking,Spices & Seasonings,1,2.89,2.89,Winter 2026
I2026000667,O202600383,2026-02-11,C0066,107,"Barakah Al Sanabel Chiffari Lisci, 450g",pasta,Pasta,1,0.35,0.35,Winter 2026
I2026000668,O202600384,2026-02-12,C0103,107,"Barakah Al Sanabel Chiffari Lisci, 450g",pasta,Pasta,1,0.35,0.35,Winter 2026
I2026000669,O202600385,2026-02-12,C0133,148,"Durra Lemon Seasoning, 1000ml",Cooking & Baking,Spices & Seasonings,1,1.85,1.85,Winter 2026
I2026000670,O202600385,2026-02-12,C0133,330,"L'usine Cupcakes Filled with Chocolate Cream, 18x30g",Cakes and Rolls,Chocolate,1,1.8,1.8,Winter 2026
I2026000671,O202600386,2026-02-12,C0001,101,Mandi Basmati Rice 4 kg,rice,Rice,3,4.97,14.91,Winter 2026
I2026000672,O202600387,2026-02-12,C0141,106,Barilla Rigatoni 500 g,pasta,Pasta,1,1.68,1.68,Winter 2026
I2026000673,O202600388,2026-02-12,C0008,152,"Benina Garlic Chili Sauce, 280g",Cooking & Baking,Spices & Seasonings,3,1.49,4.47,Winter 2026
I2026000674,O202600388,2026-02-12,C0008,287,"Milka Choco Wafer, (5 Pieces), 150g",Chocolate,Dairy,1,2.31,2.31,Winter 2026
I2026000675,O202600389,2026-02-12,C0069,65,"KDD Thick Cream, 4x125ml",cream,Dairy,1,1.72,1.72,Winter 2026
I2026000676,O202600390,2026-02-12,C0129,104,"Pasta Zara Conchiglie No.54, 500g",pasta,Pasta,1,1.31,1.31,Winter 2026
I2026000677,O202600391,2026-02-12,C0117,86,"Pascual Vive Soy High Calcium Soy Drink, 1L",Milk Alternatives,Dairy,1,3.5,3.5,Winter 2026
I2026000678,O202600392,2026-02-12,C0094,167,Maxim's Smoked Tuna Oil 185 g,Canned Seafood,Oil,1,3,3,Winter 2026
I2026000679,O202600392,2026-02-12,C0094,103,"Abu Kass Basmati Rice, 4kg",rice,Rice,3,5.49,16.47,Winter 2026
I2026000680,O202600392,2026-02-12,C0094,129,Blue Mill Paprika 200 g,Cooking & Baking,Spices & Seasonings,1,3.85,3.85,Winter 2026
I2026000681,O202600393,2026-02-12,C0075,103,"Abu Kass Basmati Rice, 4kg",rice,Rice,1,5.49,5.49,Winter 2026
I2026000682,O202600394,2026-02-13,C0076,105,"Al-Ghazal Pasta Bucatini 1, 300g",pasta,Pasta,1,0.49,0.49,Winter 2026
I2026000683,O202600395,2026-02-13,C0007,47,"Teeba Labneh, 180g",labneh,Dairy,1,1,1,Winter 2026
I2026000684,O202600396,2026-02-13,C0114,129,Blue Mill Paprika 200 g,Cooking & Baking,Spices & Seasonings,1,3.85,3.85,Winter 2026
I2026000685,O202600397,2026-02-13,C0018,178,"Luna Red Kidney Beans, 380g",Canned Vegetables,Canned Vegetables,1,0.76,0.76,Winter 2026
I2026000686,O202600397,2026-02-13,C0018,53,"Alyoum Yoghurt, 1kg",youghurt,Dairy,1,1.27,1.27,Winter 2026
I2026000687,O202600397,2026-02-13,C0018,105,"Al-Ghazal Pasta Bucatini 1, 300g",pasta,Pasta,1,0.49,0.49,Winter 2026
I2026000688,O202600397,2026-02-13,C0018,286,Mythic Sensation Mini Milk Chocolate 30 g,Chocolate,Chocolate,2,0.55,1.1,Winter 2026
I2026000689,O202600398,2026-02-13,C0008,102,"Sunwhite Calrose Rice, 4kg",rice,Rice,1,4.99,4.99,Winter 2026
I2026000690,O202600399,2026-02-14,C0092,104,"Pasta Zara Conchiglie No.54, 500g",pasta,Pasta,1,1.31,1.31,Winter 2026
I2026000691,O202600400,2026-02-14,C0119,184,"American Garden Strawberry Topping & Filling, No Artificial Flavors, 595g",Canned Fruit,Canned Food,2,4.75,9.5,Winter 2026
I2026000692,O202600400,2026-02-14,C0119,106,Barilla Rigatoni 500 g,pasta,Pasta,1,1.68,1.68,Winter 2026
I2026000693,O202600401,2026-02-14,C0060,177,NewLand American Black Beans 432 g,Canned Vegetables,Canned Vegetables,1,1.45,1.45,Winter 2026
I2026000694,O202600401,2026-02-14,C0060,52,"Almarai Full Fat Fresh Yoghurt, 700g",youghurt,Dairy,1,1,1,Winter 2026
I2026000695,O202600401,2026-02-14,C0060,107,"Barakah Al Sanabel Chiffari Lisci, 450g",pasta,Pasta,1,0.35,0.35,Winter 2026
I2026000696,O202600402,2026-02-14,C0002,88,"Almarai Greek Style Mango Yoghurt, 150g",Yoghurts,Dairy,1,0.9,0.9,Winter 2026
I2026000697,O202600403,2026-02-14,C0020,106,Barilla Rigatoni 500 g,pasta,Pasta,1,1.68,1.68,Winter 2026
I2026000698,O202600403,2026-02-14,C0020,202,Crystal Ice Cubes 2 kg,water,Water,1,0.99,0.99,Winter 2026
I2026000699,O202600404,2026-02-14,C0134,145,"Aroma Garden Biryani Spices, 100g",Cooking & Baking,Spices & Seasonings,1,2.09,2.09,Winter 2026
I2026000700,O202600405,2026-02-14,C0017,88,"Almarai Greek Style Mango Yoghurt, 150g",Yoghurts,Dairy,2,0.9,1.8,Winter 2026
I2026000701,O202600405,2026-02-14,C0017,200,"Sama Mineral Water, 12x600ml",water,Water,2,1.43,2.86,Winter 2026
I2026000702,O202600406,2026-02-14,C0074,178,"Luna Red Kidney Beans, 380g",Canned Vegetables,Canned Vegetables,1,0.76,0.76,Winter 2026
I2026000703,O202600406,2026-02-14,C0074,106,Barilla Rigatoni 500 g,pasta,Pasta,1,1.68,1.68,Winter 2026
I2026000704,O202600407,2026-02-14,C0099,95,"Al Mazraa Jameed Pasteurized Liquid, 1L",Yoghurts,Eggs,1,2.75,2.75,Winter 2026
I2026000705,O202600407,2026-02-14,C0099,52,"Almarai Full Fat Fresh Yoghurt, 700g",youghurt,Dairy,3,1,3,Winter 2026
I2026000706,O202600408,2026-02-14,C0113,180,Albayrouty Mushroom Slices 400 g,Canned Vegetables,Canned Vegetables,1,1.05,1.05,Winter 2026
I2026000707,O202600408,2026-02-14,C0113,107,"Barakah Al Sanabel Chiffari Lisci, 450g",pasta,Pasta,1,0.35,0.35,Winter 2026
I2026000708,O202600409,2026-02-14,C0045,198,"Pomi Whole Peeled Tomatoes, 400g",Canned Fruit,Canned Food,1,1.75,1.75,Winter 2026
I2026000709,O202600409,2026-02-14,C0045,286,Mythic Sensation Mini Milk Chocolate 30 g,Chocolate,Dairy,1,0.55,0.55,Winter 2026
I2026000710,O202600410,2026-02-14,C0092,107,"Barakah Al Sanabel Chiffari Lisci, 450g",pasta,Pasta,1,0.35,0.35,Winter 2026
I2026000711,O202600411,2026-02-15,C0132,228,"Mr. Brown Chocolate Flavor Iced Coffee, 240ml",Specialty Drinks,Chocolate,1,0.95,0.95,Winter 2026
I2026000712,O202600411,2026-02-15,C0132,62,"Lurpak Unsalted Butter, 100g",butter,Dairy,1,1.13,1.13,Winter 2026
I2026000713,O202600412,2026-02-15,C0052,188,Unium Chicken Luncheon Meat 800 g,Canned Meat,Canned Food,2,3.15,6.3,Winter 2026
I2026000714,O202600413,2026-02-15,C0054,303,"Cheetos Crunchy Flaming Hot Chips, 115g",Chips,Chips,1,1,1,Winter 2026
I2026000715,O202600413,2026-02-15,C0054,168,"Al Sayad Tuna In Vegetable Oil, 160g",Canned Seafood,Canned Food,3,0.79,2.37,Winter 2026
I2026000716,O202600414,2026-02-15,C0131,180,Albayrouty Mushroom Slices 400 g,Canned Vegetables,Canned Vegetables,1,1.05,1.05,Winter 2026
I2026000717,O202600414,2026-02-15,C0131,104,"Pasta Zara Conchiglie No.54, 500g",pasta,Pasta,1,1.31,1.31,Winter 2026
I2026000718,O202600414,2026-02-15,C0131,370,Soccer 50 FT Smart Outdoor String Lights Waterproof,World Cup,Water,2,1.9,3.8,Winter 2026
I2026000719,O202600415,2026-02-15,C0118,103,"Abu Kass Basmati Rice, 4kg",rice,Rice,1,5.49,5.49,Winter 2026
I2026000720,O202600415,2026-02-15,C0118,107,"Barakah Al Sanabel Chiffari Lisci, 450g",pasta,Pasta,1,0.35,0.35,Winter 2026
I2026000721,O202600415,2026-02-15,C0118,171,"Rio Mare Tuna In Olive Oil, 2x160g",Canned Seafood,Oil,1,5.5,5.5,Winter 2026
I2026000722,O202600415,2026-02-15,C0118,191,"Exeter Canned Corned Beef, 340g",Canned Meat,Canned Vegetables,1,2.35,2.35,Winter 2026
I2026000723,O202600415,2026-02-15,C0118,145,"Aroma Garden Biryani Spices, 100g",Cooking & Baking,Spices & Seasonings,1,2.09,2.09,Winter 2026
I2026000724,O202600415,2026-02-15,C0118,48,"Almarai Uht Full Fat Milk with Vitamins, 4x1L",milk,Dairy,1,3.77,3.77,Winter 2026
I2026000725,O202600416,2026-02-15,C0015,181,Albayrouty Sweet Corn 340 g,Canned Vegetables,Canned Food,1,1.05,1.05,Winter 2026
I2026000726,O202600416,2026-02-15,C0015,82,"Koita UHT Coconut Milk - No Added Sugar, 1L",Milk Alternatives,Dairy,1,3.7,3.7,Winter 2026
I2026000727,O202600416,2026-02-15,C0015,106,Barilla Rigatoni 500 g,pasta,Pasta,1,1.68,1.68,Winter 2026
I2026000728,O202600417,2026-02-15,C0004,267,"Kinder Bueno Milk Chocolate Bar in Wafer with Hazelnut Cream, 43g",Chocolate,Dairy,1,0.75,0.75,Winter 2026
I2026000729,O202600418,2026-02-15,C0139,148,"Durra Lemon Seasoning, 1000ml",Cooking & Baking,Spices & Seasonings,1,1.85,1.85,Winter 2026
I2026000730,O202600419,2026-02-15,C0052,51,"Hammoudeh Lactose Free Full Fat UHT Milk, 1L",milk,Dairy,1,1.5,1.5,Winter 2026
I2026000731,O202600420,2026-02-15,C0118,167,Maxim's Smoked Tuna Oil 185 g,Canned Seafood,Canned Food,1,3,3,Winter 2026
I2026000732,O202600420,2026-02-15,C0118,56,"Almarai Cream Cheese, 6 Portion, 108g",cheese,Dairy,1,1.02,1.02,Winter 2026
I2026000733,O202600420,2026-02-15,C0118,106,Barilla Rigatoni 500 g,pasta,Pasta,1,1.68,1.68,Winter 2026
I2026000734,O202600421,2026-02-15,C0139,106,Barilla Rigatoni 500 g,pasta,Pasta,1,1.68,1.68,Winter 2026
I2026000735,O202600422,2026-02-15,C0121,142,"Aroma Garden Organic Meat Spices, 120g",Cooking & Baking,Spices & Seasonings,1,2.09,2.09,Winter 2026
I2026000736,O202600423,2026-02-15,C0123,136,"Ard Jdadna Powder Garlic, 200g",Cooking & Baking,Spices & Seasonings,1,2.2,2.2,Winter 2026
I2026000737,O202600424,2026-02-16,C0127,193,"Unium Chicken Hot Dog, 415g",Canned Meat,Canned Food,1,1.45,1.45,Winter 2026
I2026000738,O202600424,2026-02-16,C0127,71,"Koita Low Fat Lactose Free Non Harmone Milk, 1L",Long Life Milk,Dairy,1,2.9,2.9,Winter 2026
I2026000739,O202600425,2026-02-16,C0061,136,"Ard Jdadna Powder Garlic, 200g",Cooking & Baking,Spices & Seasonings,1,2.2,2.2,Winter 2026
I2026000740,O202600426,2026-02-16,C0021,178,"Luna Red Kidney Beans, 380g",Canned Vegetables,Canned Food,1,0.76,0.76,Winter 2026
I2026000741,O202600427,2026-02-16,C0115,266,"Bounty Coconut Milk Chocolate Bar, 50g",Chocolate,Chocolate,1,0.65,0.65,Winter 2026
I2026000742,O202600427,2026-02-16,C0115,55,"Hammoudeh Fresh Yoghurt, 700g",youghurt,Dairy,1,1,1,Winter 2026
I2026000743,O202600428,2026-02-16,C0089,273,"Galaxy Dark Truffle Dark Chocolate Bar, 33g",Chocolate,Chocolate,1,0.77,0.77,Winter 2026
I2026000744,O202600428,2026-02-16,C0089,268,"Kinder Chocolate Milk Chocolate Bars With Milky Filling (4 Bars), 50g",Chocolate,Dairy,1,0.6,0.6,Winter 2026
I2026000745,O202600429,2026-02-16,C0034,143,"Aroma Garden Seven Spices, 100g",Cooking & Baking,Spices & Seasonings,1,2.09,2.09,Winter 2026
I2026000746,O202600430,2026-02-16,C0055,255,"Almarai Vanilla Fat Free Protein Milk No Added Sugar, 400ml",Sports & Energy Drinks,Dairy,1,1.62,1.62,Winter 2026
I2026000747,O202600430,2026-02-16,C0055,326,"Eti Pop Kek Cocoa Cake, 200g",Cakes and Rolls,Bakery,1,1.95,1.95,Winter 2026
I2026000748,O202600431,2026-02-16,C0030,166,Maxim's Sliced Tuna With Garlic And Black Pepper 120 g,Canned Seafood,Canned Food,1,2.29,2.29,Winter 2026
I2026000749,O202600432,2026-02-17,C0051,256,"Almarai Strawberry Banana Fat Free Protein Milk No Added Sugar, 400ml",Sports & Energy Drinks,Dairy,1,1.62,1.62,Winter 2026
I2026000750,O202600433,2026-02-17,C0077,254,"Baladna High Protein Vanilla Milk, 250ml",Sports & Energy Drinks,Dairy,1,1.25,1.25,Winter 2026
I2026000751,O202600433,2026-02-17,C0077,102,"Sunwhite Calrose Rice, 4kg",rice,Rice,1,4.99,4.99,Winter 2026
I2026000752,O202600434,2026-02-17,C0121,177,NewLand American Black Beans 432 g,Canned Vegetables,Canned Food,3,1.45,4.35,Winter 2026
I2026000753,O202600434,2026-02-17,C0121,75,"KDD Strawberry Flavored Milk, 6x250ml",Long Life Milk,Dairy,1,2.25,2.25,Winter 2026
I2026000754,O202600435,2026-02-17,C0049,333,"Bifa Keks Roll Cake with Cocoa Cream, 50g",Cakes and Rolls,Dairy,1,0.25,0.25,Winter 2026
I2026000755,O202600436,2026-02-17,C0086,94,"Alyoum Tang Taste Yoghurt Baladi, 1kg",Yoghurts,Dairy,1,1.75,1.75,Winter 2026
I2026000756,O202600436,2026-02-17,C0086,104,"Pasta Zara Conchiglie No.54, 500g",pasta,Pasta,1,1.31,1.31,Winter 2026
I2026000757,O202600437,2026-02-17,C0123,65,"KDD Thick Cream, 4x125ml",cream,Dairy,1,1.72,1.72,Winter 2026
I2026000758,O202600437,2026-02-17,C0123,329,"Americana Chocolate Pound Cake, 300g",Cakes and Rolls,Bakery,1,1.9,1.9,Winter 2026
I2026000759,O202600438,2026-02-17,C0070,61,"Almarai Natural Unsalted Butter, 100g",butter,Dairy,2,0.99,1.98,Winter 2026
I2026000760,O202600439,2026-02-17,C0075,180,Albayrouty Mushroom Slices 400 g,Canned Vegetables,Canned Vegetables,1,1.05,1.05,Winter 2026
I2026000761,O202600439,2026-02-17,C0075,107,"Barakah Al Sanabel Chiffari Lisci, 450g",pasta,Pasta,1,0.35,0.35,Winter 2026
I2026000762,O202600440,2026-02-18,C0121,45,"Al Youm Labneh, 200g",labneh,Dairy,1,1.25,1.25,Ramadan 2026
I2026000763,O202600441,2026-02-18,C0107,144,"Aroma Garden Magloubeh Spices, 100g",Cooking & Baking,Spices & Seasonings,1,2.09,2.09,Ramadan 2026
I2026000764,O202600441,2026-02-18,C0107,292,"Smart Chips Ketchup Flavor Stix, 75g",Chips,Chips,1,1.28,1.28,Ramadan 2026
I2026000765,O202600442,2026-02-18,C0027,254,"Baladna High Protein Vanilla Milk, 250ml",Sports & Energy Drinks,Dairy,1,1.25,1.25,Ramadan 2026
I2026000766,O202600443,2026-02-18,C0127,317,"Spuds Sour Cream & Onion Craft Cooked Chips, 65g",Chips,Dairy,1,0.75,0.75,Ramadan 2026
I2026000767,O202600444,2026-02-18,C0143,110,"Golden Corn Oil, 2.9L",oil,Oil,1,5.69,5.69,Ramadan 2026
I2026000768,O202600445,2026-02-18,C0083,351,Set of 2 Ramadan Serving Trays,ramadan,Dates/Ramadan,1,8.5,8.5,Ramadan 2026
I2026000769,O202600446,2026-02-18,C0146,173,NewLand Sliced Black Olives 345 g,Canned Vegetables,Canned Food,1,1.2,1.2,Ramadan 2026
I2026000770,O202600446,2026-02-18,C0146,284,"Kinder Happy Hippo Biscuits with Double Cream Filling, 103.5g",Chocolate,Dairy,1,1.95,1.95,Ramadan 2026
I2026000771,O202600447,2026-02-18,C0034,67,"Five Cows Thick Cream, 4x125ml",cream,Dairy,1,1.75,1.75,Ramadan 2026
I2026000772,O202600448,2026-02-18,C0059,167,Maxim's Smoked Tuna Oil 185 g,Canned Seafood,Oil,1,3,3,Ramadan 2026
I2026000773,O202600448,2026-02-18,C0059,292,"Smart Chips Ketchup Flavor Stix, 75g",Chips,Chips,1,1.28,1.28,Ramadan 2026
I2026000774,O202600448,2026-02-18,C0059,100,Tiger Rice 3.5 kg,rice,Rice,2,3.65,7.3,Ramadan 2026
I2026000775,O202600448,2026-02-18,C0059,262,"KDD Long Life Apple Juice, 1L",Juices,Juices,1,1.33,1.33,Ramadan 2026
I2026000776,O202600449,2026-02-18,C0043,200,"Sama Mineral Water, 12x600ml",water,Water,2,1.43,2.86,Ramadan 2026
I2026000777,O202600450,2026-02-18,C0032,186,"Morrisons Apricot Halves in Juice, 410g",Canned Fruit,Canned Food,1,4.39,4.39,Ramadan 2026
I2026000778,O202600451,2026-02-18,C0054,273,"Galaxy Dark Truffle Dark Chocolate Bar, 33g",Chocolate,Chocolate,1,0.77,0.77,Ramadan 2026
I2026000779,O202600451,2026-02-18,C0054,169,Sayad Tuna Meat With Natural Chili 160 g,Canned Seafood,Canned Food,1,0.85,0.85,Ramadan 2026
I2026000780,O202600452,2026-02-18,C0073,297,"Mr.Chips Paprika Potato Chips, 68g",Chips,Spices & Seasonings,1,0.6,0.6,Ramadan 2026
I2026000781,O202600453,2026-02-18,C0108,187,NewLand Chicken Hot Dog 400 g,Canned Meat,Canned Food,1,1.6,1.6,Ramadan 2026
I2026000782,O202600453,2026-02-18,C0108,74,Koita Organic Chocolate Milk Uht 200 ml,Long Life Milk,Eggs,2,1.65,3.3,Ramadan 2026
I2026000783,O202600454,2026-02-18,C0070,92,"AL Safi Greek Yogurt Lemon Pie, 150g",Yoghurts,Dairy,1,0.8,0.8,Ramadan 2026
I2026000784,O202600454,2026-02-18,C0070,251,"Red Bull Energy Drink Watermelon, 250ml",Sports & Energy Drinks,Water,1,1.6,1.6,Ramadan 2026
I2026000785,O202600455,2026-02-19,C0101,358,Ramadan Advent Calendar 30 Days Countdown Calendars,Eid al-Fitr,Dates/Ramadan,1,3,3,Ramadan 2026
I2026000786,O202600455,2026-02-19,C0101,327,"Americana Marble Pound Cake, 300g",Cakes and Rolls,Bakery,1,1.9,1.9,Ramadan 2026
I2026000787,O202600456,2026-02-19,C0005,181,Albayrouty Sweet Corn 340 g,Canned Vegetables,Canned Food,1,1.05,1.05,Ramadan 2026
I2026000788,O202600456,2026-02-19,C0005,72,"Koita UHT Lactose Free Whole Fat Milk, 1L",Long Life Milk,Eggs,2,3.09,6.18,Ramadan 2026
I2026000789,O202600457,2026-02-19,C0131,257,"Almarai Mixed Fruit Juice, 1.4L",Juices,Juices,3,2,6,Ramadan 2026
I2026000790,O202600458,2026-02-19,C0086,93,"Alyoum Fresh Jameed Liquid, 1kg",Yoghurts,Eggs,1,1.75,1.75,Ramadan 2026
I2026000791,O202600458,2026-02-19,C0086,45,"Al Youm Labneh, 200g",labneh,Dairy,2,1.25,2.5,Ramadan 2026
I2026000792,O202600458,2026-02-19,C0086,340,"Cool Gear Cactus Water Bottle with Freeze Stick, 650ml",back to school,Water,4,3.75,15,Ramadan 2026
I2026000793,O202600459,2026-02-19,C0108,171,"Rio Mare Tuna In Olive Oil, 2x160g",Canned Seafood,Oil,3,5.5,16.5,Ramadan 2026
I2026000794,O202600459,2026-02-19,C0108,103,"Abu Kass Basmati Rice, 4kg",rice,Rice,1,5.49,5.49,Ramadan 2026
I2026000795,O202600459,2026-02-19,C0108,297,"Mr.Chips Paprika Potato Chips, 68g",Chips,Spices & Seasonings,1,0.6,0.6,Ramadan 2026
I2026000796,O202600459,2026-02-19,C0108,322,"Eti Aditco Chocolate Cake, 36g",Cakes and Rolls,Bakery,1,0.39,0.39,Ramadan 2026
I2026000797,O202600460,2026-02-19,C0012,186,"Morrisons Apricot Halves in Juice, 410g",Canned Fruit,Juices,1,4.39,4.39,Ramadan 2026
I2026000798,O202600461,2026-02-19,C0083,65,"KDD Thick Cream, 4x125ml",cream,Dairy,1,1.72,1.72,Ramadan 2026
I2026000799,O202600462,2026-02-19,C0125,136,"Ard Jdadna Powder Garlic, 200g",Cooking & Baking,Spices & Seasonings,1,2.2,2.2,Ramadan 2026
I2026000800,O202600463,2026-02-19,C0146,110,"Golden Corn Oil, 2.9L",oil,Oil,1,5.69,5.69,Ramadan 2026
I2026000801,O202600463,2026-02-19,C0146,184,"American Garden Strawberry Topping & Filling, No Artificial Flavors, 595g",Canned Fruit,Canned Food,3,4.75,14.25,Ramadan 2026
I2026000802,O202600464,2026-02-19,C0096,178,"Luna Red Kidney Beans, 380g",Canned Vegetables,Canned Food,2,0.76,1.52,Ramadan 2026
I2026000803,O202600464,2026-02-19,C0096,66,"Almarai Cooking Cream, 500ml",cream,Dairy,1,2.65,2.65,Ramadan 2026
I2026000804,O202600464,2026-02-19,C0096,261,"KDD Mango Nectar, 1L",Juices,Juices,2,1.33,2.66,Ramadan 2026
I2026000805,O202600465,2026-02-19,C0138,168,"Al Sayad Tuna In Vegetable Oil, 160g",Canned Seafood,Oil,2,0.79,1.58,Ramadan 2026
I2026000806,O202600466,2026-02-19,C0002,169,Sayad Tuna Meat With Natural Chili 160 g,Canned Seafood,Canned Food,1,0.85,0.85,Ramadan 2026
I2026000807,O202600466,2026-02-19,C0002,53,"Alyoum Yoghurt, 1kg",youghurt,Dairy,1,1.27,1.27,Ramadan 2026
I2026000808,O202600466,2026-02-19,C0002,202,Crystal Ice Cubes 2 kg,water,Water,1,0.99,0.99,Ramadan 2026
I2026000809,O202600467,2026-02-19,C0047,182,Durra Hummus Grains 400 g,Canned Vegetables,Canned Food,1,0.68,0.68,Ramadan 2026
I2026000810,O202600468,2026-02-20,C0030,112,"Kasih Vegetable Oil Cooking Spray, 141g",oil,Oil,1,2.25,2.25,Ramadan 2026
I2026000811,O202600468,2026-02-20,C0030,102,"Sunwhite Calrose Rice, 4kg",rice,Rice,1,4.99,4.99,Ramadan 2026
I2026000812,O202600468,2026-02-20,C0030,141,"Aroma Garden Chicken Spices, 100g",Cooking & Baking,Spices & Seasonings,1,2.09,2.09,Ramadan 2026
I2026000813,O202600469,2026-02-20,C0059,103,"Abu Kass Basmati Rice, 4kg",rice,Rice,1,5.49,5.49,Ramadan 2026
I2026000814,O202600470,2026-02-20,C0009,331,"L'usine Soft Cupcakes Filled with Strawberry Cream, 18x30g",Cakes and Rolls,Bakery,1,1.8,1.8,Ramadan 2026
I2026000815,O202600470,2026-02-20,C0009,259,"Almarai Mango Juice, 1L",Juices,Juices,1,1.25,1.25,Ramadan 2026
I2026000816,O202600471,2026-02-20,C0036,317,"Spuds Sour Cream & Onion Craft Cooked Chips, 65g",Chips,Dairy,1,0.75,0.75,Ramadan 2026
I2026000817,O202600472,2026-02-20,C0027,71,"Koita Low Fat Lactose Free Non Harmone Milk, 1L",Long Life Milk,Dairy,1,2.9,2.9,Ramadan 2026
I2026000818,O202600473,2026-02-20,C0119,83,"Alinor Organic Plant Based Almond Barista Drink, 1L",Milk Alternatives,Dairy,1,3.5,3.5,Ramadan 2026
I2026000819,O202600473,2026-02-20,C0119,103,"Abu Kass Basmati Rice, 4kg",rice,Rice,1,5.49,5.49,Ramadan 2026
I2026000820,O202600474,2026-02-20,C0062,340,"Cool Gear Cactus Water Bottle with Freeze Stick, 650ml",back to school,Water,1,3.75,3.75,Ramadan 2026
I2026000821,O202600475,2026-02-20,C0099,297,"Mr.Chips Paprika Potato Chips, 68g",Chips,Spices & Seasonings,1,0.6,0.6,Ramadan 2026
I2026000822,O202600476,2026-02-20,C0085,187,NewLand Chicken Hot Dog 400 g,Canned Meat,Canned Food,2,1.6,3.2,Ramadan 2026
I2026000823,O202600477,2026-02-20,C0122,190,Siniora Beef Hot Dog 415 g,Canned Meat,Canned Food,3,1.09,3.27,Ramadan 2026
I2026000824,O202600477,2026-02-20,C0122,72,"Koita UHT Lactose Free Whole Fat Milk, 1L",Long Life Milk,Dairy,1,3.09,3.09,Ramadan 2026
I2026000825,O202600477,2026-02-20,C0122,201,"Kinza Soda Water Can, 250ml",water,Water,2,0.36,0.72,Ramadan 2026
I2026000826,O202600478,2026-02-20,C0142,349,Black Mini Decorative Lantern,ramadan,Dates/Ramadan,1,2,2,Ramadan 2026
I2026000827,O202600479,2026-02-21,C0068,257,"Almarai Mixed Fruit Juice, 1.4L",Juices,Juices,3,2,6,Ramadan 2026
I2026000828,O202600480,2026-02-21,C0108,188,Unium Chicken Luncheon Meat 800 g,Canned Meat,Canned Food,1,3.15,3.15,Ramadan 2026
I2026000829,O202600481,2026-02-21,C0119,357,Set of 5 Ramadan Sofa Cushion Covers,ramadan,Dates/Ramadan,1,1,1,Ramadan 2026
I2026000830,O202600481,2026-02-21,C0119,79,"The Bridge Bio Organic Pure Coconut Drink, 1L",Milk Alternatives,Dairy,1,4.2,4.2,Ramadan 2026
I2026000831,O202600481,2026-02-21,C0119,340,"Cool Gear Cactus Water Bottle with Freeze Stick, 650ml",back to school,Water,2,3.75,7.5,Ramadan 2026
I2026000832,O202600482,2026-02-21,C0125,109,"Mazola Sunflower Oil, 1.5L",oil,Oil,1,3.39,3.39,Ramadan 2026
I2026000833,O202600483,2026-02-21,C0012,144,"Aroma Garden Magloubeh Spices, 100g",Cooking & Baking,Spices & Seasonings,1,2.09,2.09,Ramadan 2026
I2026000834,O202600483,2026-02-21,C0012,174,"Maxims Sweet Corn, 340g",Canned Vegetables,Canned Food,1,1.5,1.5,Ramadan 2026
I2026000835,O202600483,2026-02-21,C0012,312,"Pringles Sour Cream & Onion Chips Can, 165g",Chips,Dairy,1,1.7,1.7,Ramadan 2026
I2026000836,O202600484,2026-02-21,C0144,266,"Bounty Coconut Milk Chocolate Bar, 50g",Chocolate,Dairy,1,0.65,0.65,Ramadan 2026
I2026000837,O202600485,2026-02-21,C0077,110,"Golden Corn Oil, 2.9L",oil,Oil,1,5.69,5.69,Ramadan 2026
I2026000838,O202600485,2026-02-21,C0077,103,"Abu Kass Basmati Rice, 4kg",rice,Rice,1,5.49,5.49,Ramadan 2026
I2026000839,O202600486,2026-02-21,C0110,188,Unium Chicken Luncheon Meat 800 g,Canned Meat,Canned Food,1,3.15,3.15,Ramadan 2026
I2026000840,O202600487,2026-02-21,C0047,85,"Alpro Plant-Based Barista Soya Drink, 1L",Milk Alternatives,Dairy,2,2.8,5.6,Ramadan 2026
I2026000841,O202600488,2026-02-21,C0066,178,"Luna Red Kidney Beans, 380g",Canned Vegetables,Canned Food,1,0.76,0.76,Ramadan 2026
I2026000842,O202600489,2026-02-21,C0071,74,Koita Organic Chocolate Milk Uht 200 ml,Long Life Milk,Dairy,1,1.65,1.65,Ramadan 2026
I2026000843,O202600490,2026-02-21,C0110,200,"Sama Mineral Water, 12x600ml",water,Water,4,1.43,5.72,Ramadan 2026
I2026000844,O202600491,2026-02-21,C0070,353,"Ramadan Decorative Metal Crescent â€“ 80 cm, Black, with LED Lights and Hanging Stars",ramadan,Dates/Ramadan,2,5.5,11,Ramadan 2026
I2026000845,O202600491,2026-02-21,C0070,46,"Teeba 9% Fat Labneh, 500g",labneh,Dairy,1,2.25,2.25,Ramadan 2026
I2026000846,O202600491,2026-02-21,C0070,202,Crystal Ice Cubes 2 kg,water,Water,1,0.99,0.99,Ramadan 2026
I2026000847,O202600492,2026-02-21,C0074,167,Maxim's Smoked Tuna Oil 185 g,Canned Seafood,Oil,1,3,3,Ramadan 2026
I2026000848,O202600492,2026-02-21,C0074,65,"KDD Thick Cream, 4x125ml",cream,Dairy,1,1.72,1.72,Ramadan 2026
I2026000849,O202600492,2026-02-21,C0074,260,"Almarai Mixed Fruit Juice, 200ml",Juices,Juices,1,0.3,0.3,Ramadan 2026
I2026000850,O202600493,2026-02-22,C0011,370,Soccer 50 FT Smart Outdoor String Lights Waterproof,World Cup,Water,3,1.9,5.7,Ramadan 2026
I2026000851,O202600494,2026-02-22,C0056,131,Blue Mill Garlic Powder 200 g,Cooking & Baking,Spices & Seasonings,1,2.89,2.89,Ramadan 2026
I2026000852,O202600495,2026-02-22,C0068,193,"Unium Chicken Hot Dog, 415g",Canned Meat,Canned Food,1,1.45,1.45,Ramadan 2026
I2026000853,O202600495,2026-02-22,C0068,370,Soccer 50 FT Smart Outdoor String Lights Waterproof,World Cup,Water,3,1.9,5.7,Ramadan 2026
I2026000854,O202600496,2026-02-22,C0077,103,"Abu Kass Basmati Rice, 4kg",rice,Rice,1,5.49,5.49,Ramadan 2026
I2026000855,O202600497,2026-02-22,C0024,167,Maxim's Smoked Tuna Oil 185 g,Canned Seafood,Oil,1,3,3,Ramadan 2026
I2026000856,O202600497,2026-02-22,C0024,267,"Kinder Bueno Milk Chocolate Bar in Wafer with Hazelnut Cream, 43g",Chocolate,Dairy,1,0.75,0.75,Ramadan 2026
I2026000857,O202600498,2026-02-22,C0072,152,"Benina Garlic Chili Sauce, 280g",Cooking & Baking,Spices & Seasonings,1,1.49,1.49,Ramadan 2026
I2026000858,O202600499,2026-02-22,C0011,188,Unium Chicken Luncheon Meat 800 g,Canned Meat,Canned Food,1,3.15,3.15,Ramadan 2026
I2026000859,O202600499,2026-02-22,C0011,98,"Nadec Burger Cheese (10 Slices), 200g",Cheese,Eggs,4,1.57,6.28,Ramadan 2026
I2026000860,O202600500,2026-02-22,C0128,341,"Cool Gear Water Bottle - Pink, 650ml",back to school,Water,2,3.75,7.5,Ramadan 2026
I2026000861,O202600501,2026-02-22,C0077,168,"Al Sayad Tuna In Vegetable Oil, 160g",Canned Seafood,Oil,1,0.79,0.79,Ramadan 2026
I2026000862,O202600502,2026-02-22,C0059,100,Tiger Rice 3.5 kg,rice,Rice,1,3.65,3.65,Ramadan 2026
I2026000863,O202600503,2026-02-22,C0001,186,"Morrisons Apricot Halves in Juice, 410g",Canned Fruit,Juices,2,4.39,8.78,Ramadan 2026
I2026000864,O202600504,2026-02-22,C0108,143,"Aroma Garden Seven Spices, 100g",Cooking & Baking,Spices & Seasonings,1,2.09,2.09,Ramadan 2026
I2026000865,O202600505,2026-02-22,C0039,168,"Al Sayad Tuna In Vegetable Oil, 160g",Canned Seafood,Oil,1,0.79,0.79,Ramadan 2026
I2026000866,O202600505,2026-02-22,C0039,310,"Pringles BBQ Chips Can, 165g",Chips,Chips,1,1.7,1.7,Ramadan 2026
I2026000867,O202600506,2026-02-22,C0059,349,Black Mini Decorative Lantern,ramadan,Dates/Ramadan,1,2,2,Ramadan 2026
I2026000868,O202600506,2026-02-22,C0059,65,"KDD Thick Cream, 4x125ml",cream,Dairy,3,1.72,5.16,Ramadan 2026
I2026000869,O202600507,2026-02-22,C0052,260,"Almarai Mixed Fruit Juice, 200ml",Juices,Juices,1,0.3,0.3,Ramadan 2026
I2026000870,O202600508,2026-02-22,C0014,109,"Mazola Sunflower Oil, 1.5L",oil,Oil,2,3.39,6.78,Ramadan 2026
I2026000871,O202600509,2026-02-22,C0113,172,"Rio Mare Light Tuna in Olive Oil, 160g",Canned Seafood,Oil,2,3.45,6.9,Ramadan 2026
I2026000872,O202600509,2026-02-22,C0113,307,"Lay's French Cheese Potato Chips, 110g",Chips,Chips,1,1,1,Ramadan 2026
I2026000873,O202600509,2026-02-22,C0113,102,"Sunwhite Calrose Rice, 4kg",rice,Rice,1,4.99,4.99,Ramadan 2026
I2026000874,O202600509,2026-02-22,C0113,143,"Aroma Garden Seven Spices, 100g",Cooking & Baking,Spices & Seasonings,1,2.09,2.09,Ramadan 2026
I2026000875,O202600510,2026-02-22,C0145,370,Soccer 50 FT Smart Outdoor String Lights Waterproof,World Cup,Water,2,1.9,3.8,Ramadan 2026
I2026000876,O202600511,2026-02-23,C0127,79,"The Bridge Bio Organic Pure Coconut Drink, 1L",Milk Alternatives,Dairy,1,4.2,4.2,Ramadan 2026
I2026000877,O202600511,2026-02-23,C0127,199,"Nestle Mineral Water, 6x1.5L",water,Water,3,2.2,6.6,Ramadan 2026
I2026000878,O202600512,2026-02-23,C0081,148,"Durra Lemon Seasoning, 1000ml",Cooking & Baking,Spices & Seasonings,1,1.85,1.85,Ramadan 2026
I2026000879,O202600512,2026-02-23,C0081,100,Tiger Rice 3.5 kg,rice,Rice,1,3.65,3.65,Ramadan 2026
I2026000880,O202600512,2026-02-23,C0081,213,"Crush Orange Soft Drink Pet Bottle, 1L",Soft Drinks,Juices,2,0.33,0.66,Ramadan 2026
I2026000881,O202600513,2026-02-23,C0086,83,"Alinor Organic Plant Based Almond Barista Drink, 1L",Milk Alternatives,Dairy,2,3.5,7,Ramadan 2026
I2026000882,O202600514,2026-02-23,C0071,266,"Bounty Coconut Milk Chocolate Bar, 50g",Chocolate,Dairy,2,0.65,1.3,Ramadan 2026
I2026000883,O202600515,2026-02-23,C0053,112,"Kasih Vegetable Oil Cooking Spray, 141g",oil,Oil,1,2.25,2.25,Ramadan 2026
I2026000884,O202600516,2026-02-23,C0117,178,"Luna Red Kidney Beans, 380g",Canned Vegetables,Canned Food,1,0.76,0.76,Ramadan 2026
I2026000885,O202600516,2026-02-23,C0117,67,"Five Cows Thick Cream, 4x125ml",cream,Dairy,3,1.75,5.25,Ramadan 2026
I2026000886,O202600517,2026-02-23,C0094,102,"Sunwhite Calrose Rice, 4kg",rice,Rice,1,4.99,4.99,Ramadan 2026
I2026000887,O202600518,2026-02-23,C0015,103,"Abu Kass Basmati Rice, 4kg",rice,Rice,1,5.49,5.49,Ramadan 2026
I2026000888,O202600519,2026-02-23,C0107,340,"Cool Gear Cactus Water Bottle with Freeze Stick, 650ml",back to school,Water,1,3.75,3.75,Ramadan 2026
I2026000889,O202600520,2026-02-23,C0132,317,"Spuds Sour Cream & Onion Craft Cooked Chips, 65g",Chips,Chips,1,0.75,0.75,Ramadan 2026
I2026000890,O202600520,2026-02-23,C0132,213,"Crush Orange Soft Drink Pet Bottle, 1L",Soft Drinks,Juices,2,0.33,0.66,Ramadan 2026
I2026000891,O202600521,2026-02-23,C0054,279,"Ozmo Hoppo Biscuit Filled with Chocolate Cream, 40g",Chocolate,Chocolate,2,0.6,1.2,Ramadan 2026
I2026000892,O202600521,2026-02-23,C0054,176,"NewLand Crushed Italian Tomatoes, 400g",Canned Vegetables,Canned Food,1,1.17,1.17,Ramadan 2026
I2026000893,O202600521,2026-02-23,C0054,267,"Kinder Bueno Milk Chocolate Bar in Wafer with Hazelnut Cream, 43g",Chocolate,Dairy,1,0.75,0.75,Ramadan 2026
I2026000894,O202600522,2026-02-23,C0064,200,"Sama Mineral Water, 12x600ml",water,Water,1,1.43,1.43,Ramadan 2026
I2026000895,O202600523,2026-02-23,C0095,171,"Rio Mare Tuna In Olive Oil, 2x160g",Canned Seafood,Oil,1,5.5,5.5,Ramadan 2026
I2026000896,O202600523,2026-02-23,C0095,233,"Baladna Coffee with Milk Low Fat Cow Milk, 250ml",Specialty Drinks,Dairy,1,0.8,0.8,Ramadan 2026
I2026000897,O202600524,2026-02-23,C0004,348,"Ramadan Mosque Decoration, 50 cm",ramadan,Dates/Ramadan,1,0.75,0.75,Ramadan 2026
I2026000898,O202600524,2026-02-23,C0004,268,"Kinder Chocolate Milk Chocolate Bars With Milky Filling (4 Bars), 50g",Chocolate,Dairy,2,0.6,1.2,Ramadan 2026
I2026000899,O202600525,2026-02-23,C0045,177,NewLand American Black Beans 432 g,Canned Vegetables,Canned Food,1,1.45,1.45,Ramadan 2026
I2026000900,O202600526,2026-02-23,C0117,111,"Filippo Berio Basil Flavoured Olive Oil, 250ml",oil,Oil,1,12.6,12.6,Ramadan 2026
I2026000901,O202600526,2026-02-23,C0117,278,"Ozmo Fun Shape Milk Chocolate Lollipop, 23g",Chocolate,Dairy,1,0.6,0.6,Ramadan 2026
I2026000902,O202600527,2026-02-23,C0001,62,"Lurpak Unsalted Butter, 100g",butter,Dairy,1,1.13,1.13,Ramadan 2026
I2026000903,O202600527,2026-02-23,C0001,100,Tiger Rice 3.5 kg,rice,Rice,1,3.65,3.65,Ramadan 2026
I2026000904,O202600528,2026-02-24,C0102,74,Koita Organic Chocolate Milk Uht 200 ml,Long Life Milk,Dairy,1,1.65,1.65,Ramadan 2026
I2026000905,O202600528,2026-02-24,C0102,370,Soccer 50 FT Smart Outdoor String Lights Waterproof,World Cup,Water,1,1.9,1.9,Ramadan 2026
I2026000906,O202600529,2026-02-24,C0130,109,"Mazola Sunflower Oil, 1.5L",oil,Oil,1,3.39,3.39,Ramadan 2026
I2026000907,O202600530,2026-02-24,C0036,152,"Benina Garlic Chili Sauce, 280g",Cooking & Baking,Spices & Seasonings,1,1.49,1.49,Ramadan 2026
I2026000908,O202600530,2026-02-24,C0036,201,"Kinza Soda Water Can, 250ml",water,Water,2,0.36,0.72,Ramadan 2026
I2026000909,O202600531,2026-02-24,C0135,101,Mandi Basmati Rice 4 kg,rice,Rice,1,4.97,4.97,Ramadan 2026
I2026000910,O202600531,2026-02-24,C0135,112,"Kasih Vegetable Oil Cooking Spray, 141g",oil,Oil,1,2.25,2.25,Ramadan 2026
I2026000911,O202600531,2026-02-24,C0135,297,"Mr.Chips Paprika Potato Chips, 68g",Chips,Spices & Seasonings,1,0.6,0.6,Ramadan 2026
I2026000912,O202600531,2026-02-24,C0135,370,Soccer 50 FT Smart Outdoor String Lights Waterproof,World Cup,Water,1,1.9,1.9,Ramadan 2026
I2026000913,O202600531,2026-02-24,C0135,64,"Almarai Unsalted Natural Butter, 200g",butter,Dairy,2,2.05,4.1,Ramadan 2026
I2026000914,O202600532,2026-02-24,C0102,55,"Hammoudeh Fresh Yoghurt, 700g",youghurt,Dairy,1,1,1,Ramadan 2026
I2026000915,O202600533,2026-02-24,C0054,87,"Pascual Vive Soy High Calcium Oat Drink, 1L",Milk Alternatives,Dairy,1,3.5,3.5,Ramadan 2026
I2026000916,O202600533,2026-02-24,C0054,200,"Sama Mineral Water, 12x600ml",water,Water,3,1.43,4.29,Ramadan 2026
I2026000917,O202600534,2026-02-24,C0093,340,"Cool Gear Cactus Water Bottle with Freeze Stick, 650ml",back to school,Water,1,3.75,3.75,Ramadan 2026
I2026000918,O202600535,2026-02-24,C0099,145,"Aroma Garden Biryani Spices, 100g",Cooking & Baking,Spices & Seasonings,1,2.09,2.09,Ramadan 2026
I2026000919,O202600536,2026-02-24,C0067,145,"Aroma Garden Biryani Spices, 100g",Cooking & Baking,Spices & Seasonings,2,2.09,4.18,Ramadan 2026
I2026000920,O202600536,2026-02-24,C0067,103,"Abu Kass Basmati Rice, 4kg",rice,Rice,1,5.49,5.49,Ramadan 2026
I2026000921,O202600536,2026-02-24,C0067,200,"Sama Mineral Water, 12x600ml",water,Water,1,1.43,1.43,Ramadan 2026
I2026000922,O202600537,2026-02-24,C0015,168,"Al Sayad Tuna In Vegetable Oil, 160g",Canned Seafood,Oil,1,0.79,0.79,Ramadan 2026
I2026000923,O202600537,2026-02-24,C0015,100,Tiger Rice 3.5 kg,rice,Rice,1,3.65,3.65,Ramadan 2026
I2026000924,O202600537,2026-02-24,C0015,297,"Mr.Chips Paprika Potato Chips, 68g",Chips,Spices & Seasonings,1,0.6,0.6,Ramadan 2026
I2026000925,O202600538,2026-02-24,C0061,341,"Cool Gear Water Bottle - Pink, 650ml",back to school,Water,2,3.75,7.5,Ramadan 2026
I2026000926,O202600539,2026-02-24,C0139,316,"Hala Cheezers Twist Chips, 30g",Chips,Chips,1,0.1,0.1,Ramadan 2026
I2026000927,O202600539,2026-02-24,C0139,103,"Abu Kass Basmati Rice, 4kg",rice,Rice,1,5.49,5.49,Ramadan 2026
I2026000928,O202600540,2026-02-24,C0010,172,"Rio Mare Light Tuna in Olive Oil, 160g",Canned Seafood,Oil,1,3.45,3.45,Ramadan 2026
I2026000929,O202600541,2026-02-24,C0063,66,"Almarai Cooking Cream, 500ml",cream,Eggs,2,2.65,5.3,Ramadan 2026
I2026000930,O202600541,2026-02-24,C0063,51,"Hammoudeh Lactose Free Full Fat UHT Milk, 1L",milk,Dairy,1,1.5,1.5,Ramadan 2026
I2026000931,O202600542,2026-02-24,C0108,191,"Exeter Canned Corned Beef, 340g",Canned Meat,Canned Food,2,2.35,4.7,Ramadan 2026
I2026000932,O202600543,2026-02-25,C0002,154,"Benina Chili Oil, 150ml",Cooking & Baking,Oil,1,1.49,1.49,Ramadan 2026
I2026000933,O202600543,2026-02-25,C0002,324,"Eti Adicto Gold Mini Chocolate Brown Cake, 180g",Cakes and Rolls,Bakery,1,1.7,1.7,Ramadan 2026
I2026000934,O202600544,2026-02-25,C0101,370,Soccer 50 FT Smart Outdoor String Lights Waterproof,World Cup,Water,1,1.9,1.9,Ramadan 2026
I2026000935,O202600544,2026-02-25,C0101,321,"Molto XL Croissant Chocolate With Hazelnut, 42.5g",Cakes and Rolls,Bakery,1,0.25,0.25,Ramadan 2026
I2026000936,O202600545,2026-02-25,C0048,199,"Nestle Mineral Water, 6x1.5L",water,Water,4,2.2,8.8,Ramadan 2026
I2026000937,O202600546,2026-02-25,C0016,108,"Afia Pure Corn Oil, 1.5L",oil,Oil,1,3.99,3.99,Ramadan 2026
I2026000938,O202600546,2026-02-25,C0016,79,"The Bridge Bio Organic Pure Coconut Drink, 1L",Milk Alternatives,Dairy,1,4.2,4.2,Ramadan 2026
I2026000939,O202600546,2026-02-25,C0016,101,Mandi Basmati Rice 4 kg,rice,Rice,1,4.97,4.97,Ramadan 2026
I2026000940,O202600546,2026-02-25,C0016,143,"Aroma Garden Seven Spices, 100g",Cooking & Baking,Spices & Seasonings,1,2.09,2.09,Ramadan 2026
I2026000941,O202600547,2026-02-25,C0121,108,"Afia Pure Corn Oil, 1.5L",oil,Oil,1,3.99,3.99,Ramadan 2026
I2026000942,O202600547,2026-02-25,C0121,101,Mandi Basmati Rice 4 kg,rice,Rice,1,4.97,4.97,Ramadan 2026
I2026000943,O202600547,2026-02-25,C0121,165,NewLand Mayonnaise Garlic Flavor 300ml,Cooking & Baking,Spices & Seasonings,1,1.61,1.61,Ramadan 2026
I2026000944,O202600548,2026-02-25,C0091,165,NewLand Mayonnaise Garlic Flavor 300ml,Cooking & Baking,Spices & Seasonings,1,1.61,1.61,Ramadan 2026
I2026000945,O202600549,2026-02-25,C0140,201,"Kinza Soda Water Can, 250ml",water,Water,3,0.36,1.08,Ramadan 2026
I2026000946,O202600550,2026-02-25,C0123,297,"Mr.Chips Paprika Potato Chips, 68g",Chips,Spices & Seasonings,1,0.6,0.6,Ramadan 2026
I2026000947,O202600551,2026-02-25,C0034,110,"Golden Corn Oil, 2.9L",oil,Oil,2,5.69,11.38,Ramadan 2026
I2026000948,O202600551,2026-02-25,C0034,269,"Galaxy Smooth Milk Chocolate Bar,Â 30g",Chocolate,Chocolate,1,0.77,0.77,Ramadan 2026
I2026000949,O202600552,2026-02-25,C0078,112,"Kasih Vegetable Oil Cooking Spray, 141g",oil,Oil,1,2.25,2.25,Ramadan 2026
I2026000950,O202600552,2026-02-25,C0078,202,Crystal Ice Cubes 2 kg,water,Water,2,0.99,1.98,Ramadan 2026
I2026000951,O202600553,2026-02-25,C0049,110,"Golden Corn Oil, 2.9L",oil,Oil,1,5.69,5.69,Ramadan 2026
I2026000952,O202600554,2026-02-25,C0074,341,"Cool Gear Water Bottle - Pink, 650ml",back to school,Water,3,3.75,11.25,Ramadan 2026
I2026000953,O202600555,2026-02-25,C0005,341,"Cool Gear Water Bottle - Pink, 650ml",back to school,Water,2,3.75,7.5,Ramadan 2026
I2026000954,O202600556,2026-02-25,C0150,202,Crystal Ice Cubes 2 kg,water,Water,4,0.99,3.96,Ramadan 2026
I2026000955,O202600557,2026-02-25,C0136,72,"Koita UHT Lactose Free Whole Fat Milk, 1L",Long Life Milk,Dairy,1,3.09,3.09,Ramadan 2026
I2026000956,O202600558,2026-02-26,C0098,93,"Alyoum Fresh Jameed Liquid, 1kg",Yoghurts,Dairy,2,1.75,3.5,Ramadan 2026
I2026000957,O202600559,2026-02-26,C0083,44,"Almarai Labneh, 500g",labneh,Dairy,2,2.21,4.42,Ramadan 2026
I2026000958,O202600560,2026-02-26,C0005,233,"Baladna Coffee with Milk Low Fat Cow Milk, 250ml",Specialty Drinks,Dairy,1,0.8,0.8,Ramadan 2026
I2026000959,O202600560,2026-02-26,C0005,102,"Sunwhite Calrose Rice, 4kg",rice,Rice,1,4.99,4.99,Ramadan 2026
I2026000960,O202600561,2026-02-26,C0123,185,NewLand Pineapple Slices In Light Syrup 565 g,Canned Fruit,Canned Food,2,1.89,3.78,Ramadan 2026
I2026000961,O202600562,2026-02-26,C0069,136,"Ard Jdadna Powder Garlic, 200g",Cooking & Baking,Spices & Seasonings,1,2.2,2.2,Ramadan 2026
I2026000962,O202600562,2026-02-26,C0069,88,"Almarai Greek Style Mango Yoghurt, 150g",Yoghurts,Eggs,1,0.9,0.9,Ramadan 2026
I2026000963,O202600562,2026-02-26,C0069,102,"Sunwhite Calrose Rice, 4kg",rice,Rice,1,4.99,4.99,Ramadan 2026
I2026000964,O202600562,2026-02-26,C0069,171,"Rio Mare Tuna In Olive Oil, 2x160g",Canned Seafood,Oil,1,5.5,5.5,Ramadan 2026
I2026000965,O202600563,2026-02-26,C0126,77,"Nadec Milk Chocolate Milk, 6x125ml",Long Life Milk,Chocolate,1,1.35,1.35,Ramadan 2026
I2026000966,O202600563,2026-02-26,C0126,264,"Al Rabie Orange Juice, 1L",Juices,Juices,1,1.55,1.55,Ramadan 2026
I2026000967,O202600564,2026-02-26,C0072,63,"Lurpak Unsalted Butter, 6x50g",butter,Dairy,1,4.23,4.23,Ramadan 2026
I2026000968,O202600564,2026-02-26,C0072,340,"Cool Gear Cactus Water Bottle with Freeze Stick, 650ml",back to school,Water,2,3.75,7.5,Ramadan 2026
I2026000969,O202600565,2026-02-26,C0103,100,Tiger Rice 3.5 kg,rice,Rice,1,3.65,3.65,Ramadan 2026
I2026000970,O202600566,2026-02-26,C0019,354,"Islamic Ramadan Mihrab Decor Piece â€“ 21 cm, Mosque Design with Stone-Like Texture",ramadan,Dates/Ramadan,1,2.2,2.2,Ramadan 2026
I2026000971,O202600566,2026-02-26,C0019,49,Al Youm 3% Milk Full Fat 1 L,milk,Dairy,1,1.5,1.5,Ramadan 2026
I2026000972,O202600566,2026-02-26,C0019,341,"Cool Gear Water Bottle - Pink, 650ml",back to school,Water,1,3.75,3.75,Ramadan 2026
I2026000973,O202600567,2026-02-26,C0050,62,"Lurpak Unsalted Butter, 100g",butter,Dairy,1,1.13,1.13,Ramadan 2026
I2026000974,O202600567,2026-02-26,C0050,215,"Jordina Joy Orange, 1L",Soft Drinks,Juices,1,0.6,0.6,Ramadan 2026
I2026000975,O202600568,2026-02-27,C0050,289,"Choco Lake Diamond Twist Kunafa with Peanut Butter Filling, 450g",Chocolate,Dairy,2,4.99,9.98,Ramadan 2026
I2026000976,O202600569,2026-02-27,C0048,51,"Hammoudeh Lactose Free Full Fat UHT Milk, 1L",milk,Dairy,1,1.5,1.5,Ramadan 2026
I2026000977,O202600570,2026-02-27,C0133,323,"Eti PopkekÂ Cocoa Cake, 35g",Cakes and Rolls,Bakery,1,0.3,0.3,Ramadan 2026
I2026000978,O202600570,2026-02-27,C0133,258,"Almarai Mixed Berry Juice, 1.4L",Juices,Juices,1,2,2,Ramadan 2026
I2026000979,O202600571,2026-02-27,C0058,213,"Crush Orange Soft Drink Pet Bottle, 1L",Soft Drinks,Juices,3,0.33,0.99,Ramadan 2026
I2026000980,O202600572,2026-02-27,C0035,112,"Kasih Vegetable Oil Cooking Spray, 141g",oil,Oil,1,2.25,2.25,Ramadan 2026
I2026000981,O202600572,2026-02-27,C0035,360,Gold Ramadan Star-Moon Party-Decorations Garland - 12pcs,Eid al-Fitr,Dates/Ramadan,1,3.3,3.3,Ramadan 2026
I2026000982,O202600572,2026-02-27,C0035,103,"Abu Kass Basmati Rice, 4kg",rice,Rice,2,5.49,10.98,Ramadan 2026
I2026000983,O202600572,2026-02-27,C0035,165,NewLand Mayonnaise Garlic Flavor 300ml,Cooking & Baking,Spices & Seasonings,1,1.61,1.61,Ramadan 2026
I2026000984,O202600573,2026-02-27,C0113,312,"Pringles Sour Cream & Onion Chips Can, 165g",Chips,Dairy,1,1.7,1.7,Ramadan 2026
I2026000985,O202600573,2026-02-27,C0113,100,Tiger Rice 3.5 kg,rice,Rice,1,3.65,3.65,Ramadan 2026
I2026000986,O202600574,2026-02-27,C0069,152,"Benina Garlic Chili Sauce, 280g",Cooking & Baking,Spices & Seasonings,2,1.49,2.98,Ramadan 2026
I2026000987,O202600574,2026-02-27,C0069,370,Soccer 50 FT Smart Outdoor String Lights Waterproof,World Cup,Water,1,1.9,1.9,Ramadan 2026
I2026000988,O202600575,2026-02-27,C0066,359,Wood Ramadan Decorations for Home Islamic Eid Mubarak Kareem Table,Eid al-Fitr,Dates/Ramadan,1,1,1,Ramadan 2026
I2026000989,O202600575,2026-02-27,C0066,102,"Sunwhite Calrose Rice, 4kg",rice,Rice,1,4.99,4.99,Ramadan 2026
I2026000990,O202600576,2026-02-27,C0112,351,Set of 2 Ramadan Serving Trays,ramadan,Dates/Ramadan,1,8.5,8.5,Ramadan 2026
I2026000991,O202600576,2026-02-27,C0112,341,"Cool Gear Water Bottle - Pink, 650ml",back to school,Water,3,3.75,11.25,Ramadan 2026
I2026000992,O202600577,2026-02-27,C0087,103,"Abu Kass Basmati Rice, 4kg",rice,Rice,1,5.49,5.49,Ramadan 2026
I2026000993,O202600577,2026-02-27,C0087,260,"Almarai Mixed Fruit Juice, 200ml",Juices,Juices,1,0.3,0.3,Ramadan 2026
I2026000994,O202600578,2026-02-27,C0121,103,"Abu Kass Basmati Rice, 4kg",rice,Rice,1,5.49,5.49,Ramadan 2026
I2026000995,O202600579,2026-02-27,C0115,110,"Golden Corn Oil, 2.9L",oil,Oil,1,5.69,5.69,Ramadan 2026
I2026000996,O202600579,2026-02-27,C0115,300,"Mr.Chips Chilli Potato Chips, 68g",Chips,Chips,1,0.6,0.6,Ramadan 2026
I2026000997,O202600579,2026-02-27,C0115,101,Mandi Basmati Rice 4 kg,rice,Rice,1,4.97,4.97,Ramadan 2026
I2026000998,O202600579,2026-02-27,C0115,145,"Aroma Garden Biryani Spices, 100g",Cooking & Baking,Spices & Seasonings,1,2.09,2.09,Ramadan 2026
I2026000999,O202600580,2026-02-27,C0137,186,"Morrisons Apricot Halves in Juice, 410g",Canned Fruit,Juices,2,4.39,8.78,Ramadan 2026
I2026001000,O202600581,2026-02-27,C0010,166,Maxim's Sliced Tuna With Garlic And Black Pepper 120 g,Canned Seafood,Spices & Seasonings,1,2.29,2.29,Ramadan 2026
I2026001001,O202600582,2026-02-28,C0038,194,Unium Luncheon Meat 500 g,Canned Meat,Canned Food,1,2.3,2.3,Ramadan 2026
I2026001002,O202600582,2026-02-28,C0038,256,"Almarai Strawberry Banana Fat Free Protein Milk No Added Sugar, 400ml",Sports & Energy Drinks,Dairy,1,1.62,1.62,Ramadan 2026
I2026001003,O202600583,2026-02-28,C0079,352,"Small Ramadan Serving Plate (15 cm) â€“ Mosque, Crescent & Star Design for Dates and Treats",ramadan,Dates/Ramadan,3,5,15,Ramadan 2026
I2026001004,O202600584,2026-02-28,C0149,110,"Golden Corn Oil, 2.9L",oil,Oil,1,5.69,5.69,Ramadan 2026
I2026001005,O202600584,2026-02-28,C0149,152,"Benina Garlic Chili Sauce, 280g",Cooking & Baking,Spices & Seasonings,1,1.49,1.49,Ramadan 2026
I2026001006,O202600585,2026-02-28,C0136,370,Soccer 50 FT Smart Outdoor String Lights Waterproof,World Cup,Water,1,1.9,1.9,Ramadan 2026
I2026001007,O202600585,2026-02-28,C0136,260,"Almarai Mixed Fruit Juice, 200ml",Juices,Juices,1,0.3,0.3,Ramadan 2026
I2026001008,O202600586,2026-02-28,C0021,259,"Almarai Mango Juice, 1L",Juices,Juices,2,1.25,2.5,Ramadan 2026
I2026001009,O202600587,2026-02-28,C0089,46,"Teeba 9% Fat Labneh, 500g",labneh,Dairy,1,2.25,2.25,Ramadan 2026
I2026001010,O202600587,2026-02-28,C0089,201,"Kinza Soda Water Can, 250ml",water,Water,1,0.36,0.36,Ramadan 2026
I2026001011,O202600588,2026-02-28,C0098,185,NewLand Pineapple Slices In Light Syrup 565 g,Canned Fruit,Canned Food,1,1.89,1.89,Ramadan 2026
I2026001012,O202600588,2026-02-28,C0098,325,"Eti Pop Kek Mini Cake with Dark Chocolate, 144g",Cakes and Rolls,Bakery,1,1.6,1.6,Ramadan 2026
I2026001013,O202600588,2026-02-28,C0098,328,"Americana Orange Pound Cake, 300g",Cakes and Rolls,Juices,3,1.9,5.7,Ramadan 2026
I2026001014,O202600589,2026-02-28,C0047,148,"Durra Lemon Seasoning, 1000ml",Cooking & Baking,Spices & Seasonings,1,1.85,1.85,Ramadan 2026
I2026001015,O202600590,2026-02-28,C0072,215,"Jordina Joy Orange, 1L",Soft Drinks,Juices,1,0.6,0.6,Ramadan 2026
I2026001016,O202600591,2026-02-28,C0114,184,"American Garden Strawberry Topping & Filling, No Artificial Flavors, 595g",Canned Fruit,Canned Food,1,4.75,4.75,Ramadan 2026
I2026001017,O202600592,2026-02-28,C0131,295,"Mr.Chips Waves Grilled Burger Chips, 50g",Chips,Chips,1,0.65,0.65,Ramadan 2026
I2026001018,O202600592,2026-02-28,C0131,202,Crystal Ice Cubes 2 kg,water,Water,1,0.99,0.99,Ramadan 2026
I2026001019,O202600593,2026-02-28,C0112,278,"Ozmo Fun Shape Milk Chocolate Lollipop, 23g",Chocolate,Dairy,1,0.6,0.6,Ramadan 2026
I2026001020,O202600594,2026-02-28,C0135,136,"Ard Jdadna Powder Garlic, 200g",Cooking & Baking,Spices & Seasonings,1,2.2,2.2,Ramadan 2026
I2026001021,O202600594,2026-02-28,C0135,180,Albayrouty Mushroom Slices 400 g,Canned Vegetables,Canned Food,1,1.05,1.05,Ramadan 2026
I2026001022,O202600595,2026-02-28,C0108,278,"Ozmo Fun Shape Milk Chocolate Lollipop, 23g",Chocolate,Dairy,1,0.6,0.6,Ramadan 2026
I2026001023,O202600596,2026-02-28,C0010,154,"Benina Chili Oil, 150ml",Cooking & Baking,Oil,1,1.49,1.49,Ramadan 2026
I2026001024,O202600597,2026-02-28,C0130,355,Ramadan Decorative Tissue Box â€“ Boy & Girl Design,ramadan,Dates/Ramadan,1,1,1,Ramadan 2026
I2026001025,O202600597,2026-02-28,C0130,51,"Hammoudeh Lactose Free Full Fat UHT Milk, 1L",milk,Dairy,3,1.5,4.5,Ramadan 2026
I2026001026,O202600597,2026-02-28,C0130,340,"Cool Gear Cactus Water Bottle with Freeze Stick, 650ml",back to school,Water,1,3.75,3.75,Ramadan 2026
I2026001027,O202600597,2026-02-28,C0130,334,"Bifa Keks Roll Black and White Cake, 50g",Cakes and Rolls,Bakery,1,0.25,0.25,Ramadan 2026
I2026001028,O202600598,2026-02-28,C0011,213,"Crush Orange Soft Drink Pet Bottle, 1L",Soft Drinks,Juices,1,0.33,0.33,Ramadan 2026
I2026001029,O202600599,2026-02-28,C0021,200,"Sama Mineral Water, 12x600ml",water,Water,3,1.43,4.29,Ramadan 2026
I2026001030,O202600600,2026-02-28,C0048,152,"Benina Garlic Chili Sauce, 280g",Cooking & Baking,Spices & Seasonings,1,1.49,1.49,Ramadan 2026
I2026001031,O202600601,2026-02-28,C0049,196,Maxims Sweet Corn 180 g 3 pcs get 1 pc Free,Canned Fruit,Canned Food,1,3.79,3.79,Ramadan 2026
I2026001032,O202600602,2026-03-01,C0008,291,"Mr.Chips Bugles Cheese Flavor Corn Snacks, 33g",Chips,Chips,1,0.3,0.3,Ramadan 2026
I2026001033,O202600602,2026-03-01,C0008,199,"Nestle Mineral Water, 6x1.5L",water,Water,2,2.2,4.4,Ramadan 2026
I2026001034,O202600603,2026-03-01,C0111,294,"Mr.Chips Waves Smoky Bbq Chips, 50g",Chips,Chips,1,0.65,0.65,Ramadan 2026
I2026001035,O202600603,2026-03-01,C0111,169,Sayad Tuna Meat With Natural Chili 160 g,Canned Seafood,Canned Food,1,0.85,0.85,Ramadan 2026
I2026001036,O202600604,2026-03-01,C0063,348,"Ramadan Mosque Decoration, 50 cm",ramadan,Dates/Ramadan,1,0.75,0.75,Ramadan 2026
I2026001037,O202600604,2026-03-01,C0063,82,"Koita UHT Coconut Milk - No Added Sugar, 1L",Milk Alternatives,Dairy,1,3.7,3.7,Ramadan 2026
I2026001038,O202600604,2026-03-01,C0063,200,"Sama Mineral Water, 12x600ml",water,Water,2,1.43,2.86,Ramadan 2026
I2026001039,O202600605,2026-03-01,C0081,340,"Cool Gear Cactus Water Bottle with Freeze Stick, 650ml",back to school,Water,1,3.75,3.75,Ramadan 2026
I2026001040,O202600606,2026-03-01,C0049,71,"Koita Low Fat Lactose Free Non Harmone Milk, 1L",Long Life Milk,Dairy,1,2.9,2.9,Ramadan 2026
I2026001041,O202600607,2026-03-01,C0125,98,"Nadec Burger Cheese (10 Slices), 200g",Cheese,Eggs,1,1.57,1.57,Ramadan 2026
I2026001042,O202600607,2026-03-01,C0125,103,"Abu Kass Basmati Rice, 4kg",rice,Rice,1,5.49,5.49,Ramadan 2026
I2026001043,O202600608,2026-03-01,C0124,65,"KDD Thick Cream, 4x125ml",cream,Dairy,2,1.72,3.44,Ramadan 2026
I2026001044,O202600608,2026-03-01,C0124,328,"Americana Orange Pound Cake, 300g",Cakes and Rolls,Juices,2,1.9,3.8,Ramadan 2026
I2026001045,O202600609,2026-03-01,C0062,200,"Sama Mineral Water, 12x600ml",water,Water,2,1.43,2.86,Ramadan 2026
I2026001046,O202600609,2026-03-01,C0062,186,"Morrisons Apricot Halves in Juice, 410g",Canned Fruit,Juices,3,4.39,13.17,Ramadan 2026
I2026001047,O202600610,2026-03-01,C0146,172,"Rio Mare Light Tuna in Olive Oil, 160g",Canned Seafood,Oil,1,3.45,3.45,Ramadan 2026
I2026001048,O202600611,2026-03-01,C0034,330,"L'usine Cupcakes Filled with Chocolate Cream, 18x30g",Cakes and Rolls,Dairy,2,1.8,3.6,Ramadan 2026
I2026001049,O202600612,2026-03-01,C0027,110,"Golden Corn Oil, 2.9L",oil,Oil,1,5.69,5.69,Ramadan 2026
I2026001050,O202600612,2026-03-01,C0027,339,"Reef Diet Flax Seeds Bread, 250g",Flatbread,Bakery,1,1,1,Ramadan 2026
I2026001051,O202600613,2026-03-01,C0013,349,Black Mini Decorative Lantern,ramadan,Dates/Ramadan,1,2,2,Ramadan 2026
I2026001052,O202600613,2026-03-01,C0013,65,"KDD Thick Cream, 4x125ml",cream,Dairy,2,1.72,3.44,Ramadan 2026
I2026001053,O202600613,2026-03-01,C0013,201,"Kinza Soda Water Can, 250ml",water,Water,2,0.36,0.72,Ramadan 2026
I2026001054,O202600614,2026-03-01,C0031,278,"Ozmo Fun Shape Milk Chocolate Lollipop, 23g",Chocolate,Dairy,1,0.6,0.6,Ramadan 2026
I2026001055,O202600614,2026-03-01,C0031,325,"Eti Pop Kek Mini Cake with Dark Chocolate, 144g",Cakes and Rolls,Bakery,1,1.6,1.6,Ramadan 2026
I2026001056,O202600615,2026-03-01,C0040,199,"Nestle Mineral Water, 6x1.5L",water,Water,2,2.2,4.4,Ramadan 2026
I2026001057,O202600616,2026-03-01,C0119,100,Tiger Rice 3.5 kg,rice,Rice,1,3.65,3.65,Ramadan 2026
I2026001058,O202600616,2026-03-01,C0119,110,"Golden Corn Oil, 2.9L",oil,Oil,2,5.69,11.38,Ramadan 2026
I2026001059,O202600616,2026-03-01,C0119,129,Blue Mill Paprika 200 g,Cooking & Baking,Spices & Seasonings,1,3.85,3.85,Ramadan 2026
I2026001060,O202600616,2026-03-01,C0119,341,"Cool Gear Water Bottle - Pink, 650ml",back to school,Water,4,3.75,15,Ramadan 2026
I2026001061,O202600616,2026-03-01,C0119,264,"Al Rabie Orange Juice, 1L",Juices,Juices,1,1.55,1.55,Ramadan 2026
I2026001062,O202600617,2026-03-01,C0025,111,"Filippo Berio Basil Flavoured Olive Oil, 250ml",oil,Oil,1,12.6,12.6,Ramadan 2026
I2026001063,O202600617,2026-03-01,C0025,101,Mandi Basmati Rice 4 kg,rice,Rice,1,4.97,4.97,Ramadan 2026
I2026001064,O202600617,2026-03-01,C0025,137,"Ard Jdadna Powder Garlic, 200g",Cooking & Baking,Spices & Seasonings,1,1.9,1.9,Ramadan 2026
I2026001065,O202600618,2026-03-01,C0109,340,"Cool Gear Cactus Water Bottle with Freeze Stick, 650ml",back to school,Water,2,3.75,7.5,Ramadan 2026
I2026001066,O202600619,2026-03-01,C0010,77,"Nadec Milk Chocolate Milk, 6x125ml",Long Life Milk,Eggs,2,1.35,2.7,Ramadan 2026
I2026001067,O202600619,2026-03-01,C0010,102,"Sunwhite Calrose Rice, 4kg",rice,Rice,1,4.99,4.99,Ramadan 2026
I2026001068,O202600620,2026-03-02,C0078,133,Spice Classics Basil Leaves 6.25 g,Cooking & Baking,Spices & Seasonings,1,1.99,1.99,Ramadan 2026
I2026001069,O202600621,2026-03-02,C0073,259,"Almarai Mango Juice, 1L",Juices,Juices,1,1.25,1.25,Ramadan 2026
I2026001070,O202600622,2026-03-02,C0068,129,Blue Mill Paprika 200 g,Cooking & Baking,Spices & Seasonings,1,3.85,3.85,Ramadan 2026
I2026001071,O202600623,2026-03-02,C0079,141,"Aroma Garden Chicken Spices, 100g",Cooking & Baking,Spices & Seasonings,1,2.09,2.09,Ramadan 2026
I2026001072,O202600624,2026-03-02,C0132,136,"Ard Jdadna Powder Garlic, 200g",Cooking & Baking,Spices & Seasonings,1,2.2,2.2,Ramadan 2026
I2026001073,O202600624,2026-03-02,C0132,339,"Reef Diet Flax Seeds Bread, 250g",Flatbread,Bakery,1,1,1,Ramadan 2026
I2026001074,O202600625,2026-03-02,C0103,269,"Galaxy Smooth Milk Chocolate Bar,Â 30g",Chocolate,Chocolate,1,0.77,0.77,Ramadan 2026
I2026001075,O202600625,2026-03-02,C0103,341,"Cool Gear Water Bottle - Pink, 650ml",back to school,Water,4,3.75,15,Ramadan 2026
I2026001076,O202600626,2026-03-02,C0084,111,"Filippo Berio Basil Flavoured Olive Oil, 250ml",oil,Oil,1,12.6,12.6,Ramadan 2026
I2026001077,O202600627,2026-03-02,C0021,143,"Aroma Garden Seven Spices, 100g",Cooking & Baking,Spices & Seasonings,1,2.09,2.09,Ramadan 2026
I2026001078,O202600628,2026-03-02,C0067,93,"Alyoum Fresh Jameed Liquid, 1kg",Yoghurts,Dairy,1,1.75,1.75,Ramadan 2026
I2026001079,O202600628,2026-03-02,C0067,261,"KDD Mango Nectar, 1L",Juices,Juices,1,1.33,1.33,Ramadan 2026
I2026001080,O202600629,2026-03-02,C0010,154,"Benina Chili Oil, 150ml",Cooking & Baking,Oil,1,1.49,1.49,Ramadan 2026
I2026001081,O202600629,2026-03-02,C0010,341,"Cool Gear Water Bottle - Pink, 650ml",back to school,Water,2,3.75,7.5,Ramadan 2026
I2026001082,O202600630,2026-03-02,C0013,357,Set of 5 Ramadan Sofa Cushion Covers,ramadan,Dates/Ramadan,1,1,1,Ramadan 2026
I2026001083,O202600630,2026-03-02,C0013,279,"Ozmo Hoppo Biscuit Filled with Chocolate Cream, 40g",Chocolate,Dairy,1,0.6,0.6,Ramadan 2026
I2026001084,O202600630,2026-03-02,C0013,340,"Cool Gear Cactus Water Bottle with Freeze Stick, 650ml",back to school,Water,1,3.75,3.75,Ramadan 2026
I2026001085,O202600631,2026-03-02,C0099,301,"Mr.Chips Paprika Snack Mix, 78g",Chips,Spices & Seasonings,1,0.6,0.6,Ramadan 2026
I2026001086,O202600631,2026-03-02,C0099,59,"Ovalyo White XL Eggs, 6pcs",eggs,Eggs,4,0.95,3.8,Ramadan 2026
I2026001087,O202600632,2026-03-03,C0086,145,"Aroma Garden Biryani Spices, 100g",Cooking & Baking,Spices & Seasonings,2,2.09,4.18,Ramadan 2026
I2026001088,O202600632,2026-03-03,C0086,194,Unium Luncheon Meat 500 g,Canned Meat,Canned Food,1,2.3,2.3,Ramadan 2026
I2026001089,O202600633,2026-03-03,C0076,233,"Baladna Coffee with Milk Low Fat Cow Milk, 250ml",Specialty Drinks,Dairy,1,0.8,0.8,Ramadan 2026
I2026001090,O202600633,2026-03-03,C0076,370,Soccer 50 FT Smart Outdoor String Lights Waterproof,World Cup,Water,2,1.9,3.8,Ramadan 2026
I2026001091,O202600634,2026-03-03,C0017,278,"Ozmo Fun Shape Milk Chocolate Lollipop, 23g",Chocolate,Dairy,1,0.6,0.6,Ramadan 2026
I2026001092,O202600635,2026-03-03,C0041,168,"Al Sayad Tuna In Vegetable Oil, 160g",Canned Seafood,Canned Food,1,0.79,0.79,Ramadan 2026
I2026001093,O202600635,2026-03-03,C0041,199,"Nestle Mineral Water, 6x1.5L",water,Water,1,2.2,2.2,Ramadan 2026
I2026001094,O202600636,2026-03-03,C0065,370,Soccer 50 FT Smart Outdoor String Lights Waterproof,World Cup,Water,2,1.9,3.8,Ramadan 2026
I2026001095,O202600637,2026-03-03,C0077,350,Ramadan LED String Lights,ramadan,Dates/Ramadan,1,1.5,1.5,Ramadan 2026
I2026001096,O202600637,2026-03-03,C0077,202,Crystal Ice Cubes 2 kg,water,Water,4,0.99,3.96,Ramadan 2026
I2026001097,O202600638,2026-03-03,C0149,171,"Rio Mare Tuna In Olive Oil, 2x160g",Canned Seafood,Oil,1,5.5,5.5,Ramadan 2026
I2026001098,O202600639,2026-03-03,C0120,279,"Ozmo Hoppo Biscuit Filled with Chocolate Cream, 40g",Chocolate,Dairy,3,0.6,1.8,Ramadan 2026
I2026001099,O202600640,2026-03-03,C0089,322,"Eti Aditco Chocolate Cake, 36g",Cakes and Rolls,Chocolate,2,0.39,0.78,Ramadan 2026
I2026001100,O202600640,2026-03-03,C0089,103,"Abu Kass Basmati Rice, 4kg",rice,Rice,1,5.49,5.49,Ramadan 2026
I2026001101,O202600641,2026-03-03,C0130,168,"Al Sayad Tuna In Vegetable Oil, 160g",Canned Seafood,Oil,1,0.79,0.79,Ramadan 2026
I2026001102,O202600642,2026-03-03,C0120,215,"Jordina Joy Orange, 1L",Soft Drinks,Juices,1,0.6,0.6,Ramadan 2026
I2026001103,O202600643,2026-03-03,C0124,201,"Kinza Soda Water Can, 250ml",water,Water,1,0.36,0.36,Ramadan 2026
I2026001104,O202600644,2026-03-03,C0077,277,"Ozmo Milk Chocolate Egg Shapes, 20g",Chocolate,Dairy,1,0.75,0.75,Ramadan 2026
I2026001105,O202600645,2026-03-03,C0124,110,"Golden Corn Oil, 2.9L",oil,Oil,1,5.69,5.69,Ramadan 2026
I2026001106,O202600645,2026-03-03,C0124,101,Mandi Basmati Rice 4 kg,rice,Rice,2,4.97,9.94,Ramadan 2026
I2026001107,O202600645,2026-03-03,C0124,148,"Durra Lemon Seasoning, 1000ml",Cooking & Baking,Spices & Seasonings,1,1.85,1.85,Ramadan 2026
I2026001108,O202600645,2026-03-03,C0124,328,"Americana Orange Pound Cake, 300g",Cakes and Rolls,Juices,2,1.9,3.8,Ramadan 2026
I2026001109,O202600646,2026-03-03,C0105,259,"Almarai Mango Juice, 1L",Juices,Juices,1,1.25,1.25,Ramadan 2026
I2026001110,O202600647,2026-03-04,C0076,251,"Red Bull Energy Drink Watermelon, 250ml",Sports & Energy Drinks,Water,2,1.6,3.2,Ramadan 2026
I2026001111,O202600648,2026-03-04,C0033,340,"Cool Gear Cactus Water Bottle with Freeze Stick, 650ml",back to school,Water,3,3.75,11.25,Ramadan 2026
I2026001112,O202600648,2026-03-04,C0033,327,"Americana Marble Pound Cake, 300g",Cakes and Rolls,Bakery,1,1.9,1.9,Ramadan 2026
I2026001113,O202600649,2026-03-04,C0066,102,"Sunwhite Calrose Rice, 4kg",rice,Rice,1,4.99,4.99,Ramadan 2026
I2026001114,O202600650,2026-03-04,C0037,103,"Abu Kass Basmati Rice, 4kg",rice,Rice,1,5.49,5.49,Ramadan 2026
I2026001115,O202600651,2026-03-04,C0085,172,"Rio Mare Light Tuna in Olive Oil, 160g",Canned Seafood,Oil,1,3.45,3.45,Ramadan 2026
I2026001116,O202600652,2026-03-04,C0057,215,"Jordina Joy Orange, 1L",Soft Drinks,Juices,2,0.6,1.2,Ramadan 2026
I2026001117,O202600653,2026-03-04,C0026,95,"Al Mazraa Jameed Pasteurized Liquid, 1L",Yoghurts,Dairy,1,2.75,2.75,Ramadan 2026
I2026001118,O202600654,2026-03-04,C0142,338,"Alyoum Burger Buns with Sesame Seeds, 6 Pieces",Burger Buns,Bakery,1,0.55,0.55,Ramadan 2026
I2026001119,O202600654,2026-03-04,C0142,213,"Crush Orange Soft Drink Pet Bottle, 1L",Soft Drinks,Juices,2,0.33,0.66,Ramadan 2026
I2026001120,O202600655,2026-03-04,C0002,328,"Americana Orange Pound Cake, 300g",Cakes and Rolls,Juices,1,1.9,1.9,Ramadan 2026
I2026001121,O202600656,2026-03-04,C0018,77,"Nadec Milk Chocolate Milk, 6x125ml",Long Life Milk,Eggs,2,1.35,2.7,Ramadan 2026
I2026001122,O202600656,2026-03-04,C0018,201,"Kinza Soda Water Can, 250ml",water,Water,4,0.36,1.44,Ramadan 2026
I2026001123,O202600657,2026-03-04,C0027,154,"Benina Chili Oil, 150ml",Cooking & Baking,Oil,1,1.49,1.49,Ramadan 2026
I2026001124,O202600658,2026-03-04,C0136,108,"Afia Pure Corn Oil, 1.5L",oil,Oil,1,3.99,3.99,Ramadan 2026
I2026001125,O202600658,2026-03-04,C0136,233,"Baladna Coffee with Milk Low Fat Cow Milk, 250ml",Specialty Drinks,Dairy,1,0.8,0.8,Ramadan 2026
I2026001126,O202600658,2026-03-04,C0136,259,"Almarai Mango Juice, 1L",Juices,Juices,1,1.25,1.25,Ramadan 2026
I2026001127,O202600659,2026-03-04,C0071,340,"Cool Gear Cactus Water Bottle with Freeze Stick, 650ml",back to school,Water,1,3.75,3.75,Ramadan 2026
I2026001128,O202600660,2026-03-05,C0064,148,"Durra Lemon Seasoning, 1000ml",Cooking & Baking,Spices & Seasonings,2,1.85,3.7,Ramadan 2026
I2026001129,O202600661,2026-03-05,C0004,154,"Benina Chili Oil, 150ml",Cooking & Baking,Oil,1,1.49,1.49,Ramadan 2026
I2026001130,O202600662,2026-03-05,C0095,172,"Rio Mare Light Tuna in Olive Oil, 160g",Canned Seafood,Oil,1,3.45,3.45,Ramadan 2026
I2026001131,O202600663,2026-03-05,C0003,103,"Abu Kass Basmati Rice, 4kg",rice,Rice,3,5.49,16.47,Ramadan 2026
I2026001132,O202600664,2026-03-05,C0104,141,"Aroma Garden Chicken Spices, 100g",Cooking & Baking,Spices & Seasonings,2,2.09,4.18,Ramadan 2026
I2026001133,O202600664,2026-03-05,C0104,171,"Rio Mare Tuna In Olive Oil, 2x160g",Canned Seafood,Canned Food,1,5.5,5.5,Ramadan 2026
I2026001134,O202600665,2026-03-05,C0117,145,"Aroma Garden Biryani Spices, 100g",Cooking & Baking,Spices & Seasonings,2,2.09,4.18,Ramadan 2026
I2026001135,O202600666,2026-03-05,C0016,370,Soccer 50 FT Smart Outdoor String Lights Waterproof,World Cup,Water,3,1.9,5.7,Ramadan 2026
I2026001136,O202600667,2026-03-05,C0138,341,"Cool Gear Water Bottle - Pink, 650ml",back to school,Water,3,3.75,11.25,Ramadan 2026
I2026001137,O202600668,2026-03-05,C0119,137,"Ard Jdadna Powder Garlic, 200g",Cooking & Baking,Spices & Seasonings,1,1.9,1.9,Ramadan 2026
I2026001138,O202600669,2026-03-05,C0129,101,Mandi Basmati Rice 4 kg,rice,Rice,1,4.97,4.97,Ramadan 2026
I2026001139,O202600670,2026-03-05,C0008,143,"Aroma Garden Seven Spices, 100g",Cooking & Baking,Spices & Seasonings,1,2.09,2.09,Ramadan 2026
I2026001140,O202600671,2026-03-05,C0130,168,"Al Sayad Tuna In Vegetable Oil, 160g",Canned Seafood,Oil,1,0.79,0.79,Ramadan 2026
I2026001141,O202600671,2026-03-05,C0130,103,"Abu Kass Basmati Rice, 4kg",rice,Rice,1,5.49,5.49,Ramadan 2026
I2026001142,O202600671,2026-03-05,C0130,141,"Aroma Garden Chicken Spices, 100g",Cooking & Baking,Spices & Seasonings,1,2.09,2.09,Ramadan 2026
I2026001143,O202600672,2026-03-06,C0146,194,Unium Luncheon Meat 500 g,Canned Meat,Canned Food,1,2.3,2.3,Ramadan 2026
I2026001144,O202600672,2026-03-06,C0146,101,Mandi Basmati Rice 4 kg,rice,Rice,1,4.97,4.97,Ramadan 2026
I2026001145,O202600673,2026-03-06,C0006,179,"California Garden Whole Kernal Sweet Corn, 400g",Canned Vegetables,Canned Food,1,1.05,1.05,Ramadan 2026
I2026001146,O202600674,2026-03-06,C0016,354,"Islamic Ramadan Mihrab Decor Piece â€“ 21 cm, Mosque Design with Stone-Like Texture",ramadan,Dates/Ramadan,2,2.2,4.4,Ramadan 2026
I2026001147,O202600674,2026-03-06,C0016,260,"Almarai Mixed Fruit Juice, 200ml",Juices,Juices,4,0.3,1.2,Ramadan 2026
I2026001148,O202600675,2026-03-06,C0028,215,"Jordina Joy Orange, 1L",Soft Drinks,Juices,4,0.6,2.4,Ramadan 2026
I2026001149,O202600676,2026-03-06,C0076,303,"Cheetos Crunchy Flaming Hot Chips, 115g",Chips,Chips,1,1,1,Ramadan 2026
I2026001150,O202600676,2026-03-06,C0076,181,Albayrouty Sweet Corn 340 g,Canned Vegetables,Canned Food,1,1.05,1.05,Ramadan 2026
I2026001151,O202600677,2026-03-06,C0016,102,"Sunwhite Calrose Rice, 4kg",rice,Rice,1,4.99,4.99,Ramadan 2026
I2026001152,O202600677,2026-03-06,C0016,202,Crystal Ice Cubes 2 kg,water,Water,3,0.99,2.97,Ramadan 2026
I2026001153,O202600678,2026-03-06,C0097,53,"Alyoum Yoghurt, 1kg",youghurt,Dairy,1,1.27,1.27,Ramadan 2026
I2026001154,O202600678,2026-03-06,C0097,261,"KDD Mango Nectar, 1L",Juices,Juices,1,1.33,1.33,Ramadan 2026
I2026001155,O202600679,2026-03-06,C0132,215,"Jordina Joy Orange, 1L",Soft Drinks,Juices,1,0.6,0.6,Ramadan 2026
I2026001156,O202600680,2026-03-06,C0096,108,"Afia Pure Corn Oil, 1.5L",oil,Oil,1,3.99,3.99,Ramadan 2026
I2026001157,O202600681,2026-03-06,C0064,166,Maxim's Sliced Tuna With Garlic And Black Pepper 120 g,Canned Seafood,Canned Food,2,2.29,4.58,Ramadan 2026
I2026001158,O202600682,2026-03-06,C0043,196,Maxims Sweet Corn 180 g 3 pcs get 1 pc Free,Canned Fruit,Canned Food,1,3.79,3.79,Ramadan 2026
I2026001159,O202600683,2026-03-06,C0135,340,"Cool Gear Cactus Water Bottle with Freeze Stick, 650ml",back to school,Water,3,3.75,11.25,Ramadan 2026
I2026001160,O202600684,2026-03-06,C0115,110,"Golden Corn Oil, 2.9L",oil,Oil,3,5.69,17.07,Ramadan 2026
I2026001161,O202600685,2026-03-06,C0053,172,"Rio Mare Light Tuna in Olive Oil, 160g",Canned Seafood,Oil,3,3.45,10.35,Ramadan 2026
I2026001162,O202600685,2026-03-06,C0053,136,"Ard Jdadna Powder Garlic, 200g",Cooking & Baking,Spices & Seasonings,1,2.2,2.2,Ramadan 2026
I2026001163,O202600686,2026-03-07,C0099,358,Ramadan Advent Calendar 30 Days Countdown Calendars,Eid al-Fitr,Dates/Ramadan,1,3,3,Ramadan 2026
I2026001164,O202600686,2026-03-07,C0099,102,"Sunwhite Calrose Rice, 4kg",rice,Rice,1,4.99,4.99,Ramadan 2026
I2026001165,O202600686,2026-03-07,C0099,268,"Kinder Chocolate Milk Chocolate Bars With Milky Filling (4 Bars), 50g",Chocolate,Dairy,1,0.6,0.6,Ramadan 2026
I2026001166,O202600686,2026-03-07,C0099,201,"Kinza Soda Water Can, 250ml",water,Water,2,0.36,0.72,Ramadan 2026
I2026001167,O202600687,2026-03-07,C0069,76,"Nadec Banana Flavor Milk, 6x125ml",Long Life Milk,Dairy,1,1.35,1.35,Ramadan 2026
I2026001168,O202600688,2026-03-07,C0093,289,"Choco Lake Diamond Twist Kunafa with Peanut Butter Filling, 450g",Chocolate,Dairy,3,4.99,14.97,Ramadan 2026
I2026001169,O202600689,2026-03-07,C0045,202,Crystal Ice Cubes 2 kg,water,Water,3,0.99,2.97,Ramadan 2026
I2026001170,O202600690,2026-03-07,C0101,289,"Choco Lake Diamond Twist Kunafa with Peanut Butter Filling, 450g",Chocolate,Dairy,1,4.99,4.99,Ramadan 2026
I2026001171,O202600691,2026-03-07,C0020,277,"Ozmo Milk Chocolate Egg Shapes, 20g",Chocolate,Dairy,1,0.75,0.75,Ramadan 2026
I2026001172,O202600692,2026-03-07,C0033,278,"Ozmo Fun Shape Milk Chocolate Lollipop, 23g",Chocolate,Dairy,1,0.6,0.6,Ramadan 2026
I2026001173,O202600693,2026-03-07,C0036,152,"Benina Garlic Chili Sauce, 280g",Cooking & Baking,Spices & Seasonings,1,1.49,1.49,Ramadan 2026
I2026001174,O202600693,2026-03-07,C0036,93,"Alyoum Fresh Jameed Liquid, 1kg",Yoghurts,Dairy,1,1.75,1.75,Ramadan 2026
I2026001175,O202600693,2026-03-07,C0036,290,Choco Lake Choco Biscuits 650G,Chocolate,Chocolate,1,3,3,Ramadan 2026
I2026001176,O202600694,2026-03-07,C0118,168,"Al Sayad Tuna In Vegetable Oil, 160g",Canned Seafood,Oil,1,0.79,0.79,Ramadan 2026
I2026001177,O202600694,2026-03-07,C0118,308,"Doritos Nacho Cheese Tortilla Chips, 120g",Chips,Chips,1,1,1,Ramadan 2026
I2026001178,O202600695,2026-03-07,C0047,199,"Nestle Mineral Water, 6x1.5L",water,Water,1,2.2,2.2,Ramadan 2026
I2026001179,O202600696,2026-03-07,C0014,336,"Barni Chocolate Cake, 30g",Cakes and Rolls,Bakery,2,0.4,0.8,Ramadan 2026
I2026001180,O202600696,2026-03-07,C0014,215,"Jordina Joy Orange, 1L",Soft Drinks,Juices,1,0.6,0.6,Ramadan 2026
I2026001181,O202600697,2026-03-07,C0078,304,"Lay's Salt & Vinegar Chips, 110g",Chips,Chips,1,1,1,Ramadan 2026
I2026001182,O202600697,2026-03-07,C0078,102,"Sunwhite Calrose Rice, 4kg",rice,Rice,2,4.99,9.98,Ramadan 2026
I2026001183,O202600698,2026-03-07,C0093,112,"Kasih Vegetable Oil Cooking Spray, 141g",oil,Oil,1,2.25,2.25,Ramadan 2026
I2026001184,O202600699,2026-03-07,C0016,232,"KDD Milk Coffee Latte, 250ml",Specialty Drinks,Dairy,1,0.7,0.7,Ramadan 2026
I2026001185,O202600700,2026-03-07,C0005,168,"Al Sayad Tuna In Vegetable Oil, 160g",Canned Seafood,Oil,1,0.79,0.79,Ramadan 2026
I2026001186,O202600701,2026-03-07,C0002,265,"Snickers Chocolate Bar Filled with Caramel & Peanuts, 40g",Chocolate,Chocolate,2,0.6,1.2,Ramadan 2026
I2026001187,O202600701,2026-03-07,C0002,78,"Nadec Full Fat Fresh Milk, 6x125ml",Long Life Milk,Dairy,3,1.13,3.39,Ramadan 2026
I2026001188,O202600702,2026-03-07,C0146,332,"L'usine Vanilla Cupcakes, 18x30g",Cakes and Rolls,Bakery,1,1.8,1.8,Ramadan 2026
I2026001189,O202600702,2026-03-07,C0146,186,"Morrisons Apricot Halves in Juice, 410g",Canned Fruit,Juices,3,4.39,13.17,Ramadan 2026
I2026001190,O202600703,2026-03-07,C0136,284,"Kinder Happy Hippo Biscuits with Double Cream Filling, 103.5g",Chocolate,Chocolate,1,1.95,1.95,Ramadan 2026
I2026001191,O202600703,2026-03-07,C0136,370,Soccer 50 FT Smart Outdoor String Lights Waterproof,World Cup,Water,1,1.9,1.9,Ramadan 2026
I2026001192,O202600704,2026-03-08,C0095,111,"Filippo Berio Basil Flavoured Olive Oil, 250ml",oil,Oil,2,12.6,25.2,Ramadan 2026
I2026001193,O202600704,2026-03-08,C0095,100,Tiger Rice 3.5 kg,rice,Rice,1,3.65,3.65,Ramadan 2026
I2026001194,O202600704,2026-03-08,C0095,131,Blue Mill Garlic Powder 200 g,Cooking & Baking,Spices & Seasonings,1,2.89,2.89,Ramadan 2026
I2026001195,O202600705,2026-03-08,C0045,171,"Rio Mare Tuna In Olive Oil, 2x160g",Canned Seafood,Oil,1,5.5,5.5,Ramadan 2026
I2026001196,O202600706,2026-03-08,C0032,129,Blue Mill Paprika 200 g,Cooking & Baking,Spices & Seasonings,1,3.85,3.85,Ramadan 2026
I2026001197,O202600706,2026-03-08,C0032,45,"Al Youm Labneh, 200g",labneh,Dairy,1,1.25,1.25,Ramadan 2026
I2026001198,O202600706,2026-03-08,C0032,370,Soccer 50 FT Smart Outdoor String Lights Waterproof,World Cup,Water,1,1.9,1.9,Ramadan 2026
I2026001199,O202600706,2026-03-08,C0032,258,"Almarai Mixed Berry Juice, 1.4L",Juices,Juices,3,2,6,Ramadan 2026
I2026001200,O202600707,2026-03-08,C0002,200,"Sama Mineral Water, 12x600ml",water,Water,1,1.43,1.43,Ramadan 2026
I2026001201,O202600708,2026-03-08,C0146,317,"Spuds Sour Cream & Onion Craft Cooked Chips, 65g",Chips,Dairy,1,0.75,0.75,Ramadan 2026
I2026001202,O202600709,2026-03-08,C0140,318,"Spuds Prime Ribs Craft Cooked Chips, 65g",Chips,Chips,1,0.75,0.75,Ramadan 2026
I2026001203,O202600709,2026-03-08,C0140,261,"KDD Mango Nectar, 1L",Juices,Juices,1,1.33,1.33,Ramadan 2026
I2026001204,O202600710,2026-03-08,C0082,94,"Alyoum Tang Taste Yoghurt Baladi, 1kg",Yoghurts,Dairy,1,1.75,1.75,Ramadan 2026
I2026001205,O202600711,2026-03-08,C0131,108,"Afia Pure Corn Oil, 1.5L",oil,Oil,1,3.99,3.99,Ramadan 2026
I2026001206,O202600712,2026-03-08,C0112,171,"Rio Mare Tuna In Olive Oil, 2x160g",Canned Seafood,Canned Food,1,5.5,5.5,Ramadan 2026
I2026001207,O202600712,2026-03-08,C0112,201,"Kinza Soda Water Can, 250ml",water,Water,3,0.36,1.08,Ramadan 2026
I2026001208,O202600713,2026-03-08,C0120,173,NewLand Sliced Black Olives 345 g,Canned Vegetables,Canned Food,1,1.2,1.2,Ramadan 2026
I2026001209,O202600714,2026-03-08,C0004,103,"Abu Kass Basmati Rice, 4kg",rice,Rice,3,5.49,16.47,Ramadan 2026
I2026001210,O202600714,2026-03-08,C0004,199,"Nestle Mineral Water, 6x1.5L",water,Water,1,2.2,2.2,Ramadan 2026
I2026001211,O202600714,2026-03-08,C0004,328,"Americana Orange Pound Cake, 300g",Cakes and Rolls,Bakery,1,1.9,1.9,Ramadan 2026
I2026001212,O202600715,2026-03-08,C0020,44,"Almarai Labneh, 500g",labneh,Dairy,1,2.21,2.21,Ramadan 2026
I2026001213,O202600716,2026-03-08,C0146,256,"Almarai Strawberry Banana Fat Free Protein Milk No Added Sugar, 400ml",Sports & Energy Drinks,Dairy,1,1.62,1.62,Ramadan 2026
I2026001214,O202600717,2026-03-08,C0142,251,"Red Bull Energy Drink Watermelon, 250ml",Sports & Energy Drinks,Water,2,1.6,3.2,Ramadan 2026
I2026001215,O202600718,2026-03-08,C0107,46,"Teeba 9% Fat Labneh, 500g",labneh,Dairy,1,2.25,2.25,Ramadan 2026
I2026001216,O202600719,2026-03-08,C0006,279,"Ozmo Hoppo Biscuit Filled with Chocolate Cream, 40g",Chocolate,Dairy,1,0.6,0.6,Ramadan 2026
I2026001217,O202600720,2026-03-08,C0136,167,Maxim's Smoked Tuna Oil 185 g,Canned Seafood,Oil,1,3,3,Ramadan 2026
I2026001218,O202600720,2026-03-08,C0136,329,"Americana Chocolate Pound Cake, 300g",Cakes and Rolls,Bakery,1,1.9,1.9,Ramadan 2026
I2026001219,O202600721,2026-03-08,C0112,137,"Ard Jdadna Powder Garlic, 200g",Cooking & Baking,Spices & Seasonings,1,1.9,1.9,Ramadan 2026
I2026001220,O202600721,2026-03-08,C0112,281,"Raffaello Premium Coconut & Almond Pralines, 30g",Chocolate,Chocolate,1,0.9,0.9,Ramadan 2026
I2026001221,O202600722,2026-03-09,C0010,143,"Aroma Garden Seven Spices, 100g",Cooking & Baking,Spices & Seasonings,1,2.09,2.09,Ramadan 2026
I2026001222,O202600722,2026-03-09,C0010,333,"Bifa Keks Roll Cake with Cocoa Cream, 50g",Cakes and Rolls,Dairy,1,0.25,0.25,Ramadan 2026
I2026001223,O202600722,2026-03-09,C0010,100,Tiger Rice 3.5 kg,rice,Rice,1,3.65,3.65,Ramadan 2026
I2026001224,O202600723,2026-03-09,C0112,341,"Cool Gear Water Bottle - Pink, 650ml",back to school,Water,2,3.75,7.5,Ramadan 2026
I2026001225,O202600724,2026-03-09,C0040,78,"Nadec Full Fat Fresh Milk, 6x125ml",Long Life Milk,Dairy,2,1.13,2.26,Ramadan 2026
I2026001226,O202600725,2026-03-09,C0025,251,"Red Bull Energy Drink Watermelon, 250ml",Sports & Energy Drinks,Water,2,1.6,3.2,Ramadan 2026
I2026001227,O202600726,2026-03-09,C0012,74,Koita Organic Chocolate Milk Uht 200 ml,Long Life Milk,Dairy,1,1.65,1.65,Ramadan 2026
I2026001228,O202600726,2026-03-09,C0012,200,"Sama Mineral Water, 12x600ml",water,Water,1,1.43,1.43,Ramadan 2026
I2026001229,O202600727,2026-03-09,C0014,370,Soccer 50 FT Smart Outdoor String Lights Waterproof,World Cup,Water,4,1.9,7.6,Ramadan 2026
I2026001230,O202600728,2026-03-09,C0146,171,"Rio Mare Tuna In Olive Oil, 2x160g",Canned Seafood,Canned Food,1,5.5,5.5,Ramadan 2026
I2026001231,O202600729,2026-03-09,C0132,341,"Cool Gear Water Bottle - Pink, 650ml",back to school,Water,3,3.75,11.25,Ramadan 2026
I2026001232,O202600730,2026-03-09,C0088,102,"Sunwhite Calrose Rice, 4kg",rice,Rice,1,4.99,4.99,Ramadan 2026
I2026001233,O202600731,2026-03-09,C0069,299,"Mr.Chips Cheese Potato Chips, 68g",Chips,Chips,1,0.6,0.6,Ramadan 2026
I2026001234,O202600731,2026-03-09,C0069,90,"Almarai Greek Style Full Fat Blueberry Yoghurt, 150g",Yoghurts,Dairy,1,0.9,0.9,Ramadan 2026
I2026001235,O202600732,2026-03-09,C0024,264,"Al Rabie Orange Juice, 1L",Juices,Juices,1,1.55,1.55,Ramadan 2026
I2026001236,O202600733,2026-03-09,C0074,92,"AL Safi Greek Yogurt Lemon Pie, 150g",Yoghurts,Dairy,1,0.8,0.8,Ramadan 2026
I2026001237,O202600734,2026-03-10,C0094,360,Gold Ramadan Star-Moon Party-Decorations Garland - 12pcs,Eid al-Fitr,Dates/Ramadan,2,3.3,6.6,Ramadan 2026
I2026001238,O202600734,2026-03-10,C0094,232,"KDD Milk Coffee Latte, 250ml",Specialty Drinks,Dairy,1,0.7,0.7,Ramadan 2026
I2026001239,O202600734,2026-03-10,C0094,202,Crystal Ice Cubes 2 kg,water,Water,3,0.99,2.97,Ramadan 2026
I2026001240,O202600734,2026-03-10,C0094,257,"Almarai Mixed Fruit Juice, 1.4L",Juices,Juices,4,2,8,Ramadan 2026
I2026001241,O202600735,2026-03-10,C0051,251,"Red Bull Energy Drink Watermelon, 250ml",Sports & Energy Drinks,Water,3,1.6,4.8,Ramadan 2026
I2026001242,O202600736,2026-03-10,C0080,260,"Almarai Mixed Fruit Juice, 200ml",Juices,Juices,1,0.3,0.3,Ramadan 2026
I2026001243,O202600737,2026-03-10,C0078,145,"Aroma Garden Biryani Spices, 100g",Cooking & Baking,Spices & Seasonings,1,2.09,2.09,Ramadan 2026
I2026001244,O202600738,2026-03-10,C0021,341,"Cool Gear Water Bottle - Pink, 650ml",back to school,Water,2,3.75,7.5,Ramadan 2026
I2026001245,O202600739,2026-03-10,C0047,267,"Kinder Bueno Milk Chocolate Bar in Wafer with Hazelnut Cream, 43g",Chocolate,Dairy,1,0.75,0.75,Ramadan 2026
I2026001246,O202600740,2026-03-10,C0136,172,"Rio Mare Light Tuna in Olive Oil, 160g",Canned Seafood,Oil,2,3.45,6.9,Ramadan 2026
I2026001247,O202600741,2026-03-10,C0143,80,"The Bridge Bio Organic Almond Sugar Free Drink, 1L",Milk Alternatives,Dairy,1,4.2,4.2,Ramadan 2026
I2026001248,O202600742,2026-03-10,C0089,340,"Cool Gear Cactus Water Bottle with Freeze Stick, 650ml",back to school,Water,2,3.75,7.5,Ramadan 2026
I2026001249,O202600743,2026-03-10,C0011,289,"Choco Lake Diamond Twist Kunafa with Peanut Butter Filling, 450g",Chocolate,Chocolate,1,4.99,4.99,Ramadan 2026
I2026001250,O202600743,2026-03-10,C0011,168,"Al Sayad Tuna In Vegetable Oil, 160g",Canned Seafood,Canned Food,1,0.79,0.79,Ramadan 2026
I2026001251,O202600744,2026-03-11,C0033,269,"Galaxy Smooth Milk Chocolate Bar,Â 30g",Chocolate,Dairy,1,0.77,0.77,Ramadan 2026
I2026001252,O202600744,2026-03-11,C0033,202,Crystal Ice Cubes 2 kg,water,Water,3,0.99,2.97,Ramadan 2026
I2026001253,O202600745,2026-03-11,C0091,136,"Ard Jdadna Powder Garlic, 200g",Cooking & Baking,Spices & Seasonings,3,2.2,6.6,Ramadan 2026
I2026001254,O202600746,2026-03-11,C0047,195,Maxim's Mushrooms 425 g 3+1,Canned Fruit,Canned Food,2,6.35,12.7,Ramadan 2026
I2026001255,O202600747,2026-03-11,C0026,192,Zwan Chicken Hotdogs Ã— 2 Special Offer,Canned Meat,Canned Food,1,4.5,4.5,Ramadan 2026
I2026001256,O202600747,2026-03-11,C0026,201,"Kinza Soda Water Can, 250ml",water,Water,2,0.36,0.72,Ramadan 2026
I2026001257,O202600748,2026-03-11,C0001,289,"Choco Lake Diamond Twist Kunafa with Peanut Butter Filling, 450g",Chocolate,Dairy,1,4.99,4.99,Ramadan 2026
I2026001258,O202600748,2026-03-11,C0001,251,"Red Bull Energy Drink Watermelon, 250ml",Sports & Energy Drinks,Water,1,1.6,1.6,Ramadan 2026
I2026001259,O202600749,2026-03-11,C0103,100,Tiger Rice 3.5 kg,rice,Rice,1,3.65,3.65,Ramadan 2026
I2026001260,O202600749,2026-03-11,C0103,330,"L'usine Cupcakes Filled with Chocolate Cream, 18x30g",Cakes and Rolls,Bakery,1,1.8,1.8,Ramadan 2026
I2026001261,O202600750,2026-03-11,C0102,54,"Teeba Yoghurt, 700g",youghurt,Eggs,1,1,1,Ramadan 2026
I2026001262,O202600750,2026-03-11,C0102,370,Soccer 50 FT Smart Outdoor String Lights Waterproof,World Cup,Water,2,1.9,3.8,Ramadan 2026
I2026001263,O202600751,2026-03-11,C0133,348,"Ramadan Mosque Decoration, 50 cm",ramadan,Dates/Ramadan,1,0.75,0.75,Ramadan 2026
I2026001264,O202600751,2026-03-11,C0133,101,Mandi Basmati Rice 4 kg,rice,Rice,1,4.97,4.97,Ramadan 2026
I2026001265,O202600752,2026-03-11,C0120,90,"Almarai Greek Style Full Fat Blueberry Yoghurt, 150g",Yoghurts,Dairy,1,0.9,0.9,Ramadan 2026
I2026001266,O202600752,2026-03-11,C0120,341,"Cool Gear Water Bottle - Pink, 650ml",back to school,Water,1,3.75,3.75,Ramadan 2026
I2026001267,O202600753,2026-03-12,C0087,262,"KDD Long Life Apple Juice, 1L",Juices,Juices,3,1.33,3.99,Ramadan 2026
I2026001268,O202600754,2026-03-12,C0141,328,"Americana Orange Pound Cake, 300g",Cakes and Rolls,Juices,2,1.9,3.8,Ramadan 2026
I2026001269,O202600755,2026-03-12,C0040,148,"Durra Lemon Seasoning, 1000ml",Cooking & Baking,Spices & Seasonings,1,1.85,1.85,Ramadan 2026
I2026001270,O202600756,2026-03-12,C0014,129,Blue Mill Paprika 200 g,Cooking & Baking,Spices & Seasonings,1,3.85,3.85,Ramadan 2026
I2026001271,O202600757,2026-03-12,C0127,199,"Nestle Mineral Water, 6x1.5L",water,Water,1,2.2,2.2,Ramadan 2026
I2026001272,O202600758,2026-03-12,C0049,111,"Filippo Berio Basil Flavoured Olive Oil, 250ml",oil,Oil,2,12.6,25.2,Ramadan 2026
I2026001273,O202600758,2026-03-12,C0049,103,"Abu Kass Basmati Rice, 4kg",rice,Rice,1,5.49,5.49,Ramadan 2026
I2026001274,O202600758,2026-03-12,C0049,145,"Aroma Garden Biryani Spices, 100g",Cooking & Baking,Spices & Seasonings,1,2.09,2.09,Ramadan 2026
I2026001275,O202600759,2026-03-12,C0130,370,Soccer 50 FT Smart Outdoor String Lights Waterproof,World Cup,Water,1,1.9,1.9,Ramadan 2026
I2026001276,O202600760,2026-03-12,C0012,102,"Sunwhite Calrose Rice, 4kg",rice,Rice,1,4.99,4.99,Ramadan 2026
I2026001277,O202600761,2026-03-12,C0061,109,"Mazola Sunflower Oil, 1.5L",oil,Oil,1,3.39,3.39,Ramadan 2026
I2026001278,O202600761,2026-03-12,C0061,103,"Abu Kass Basmati Rice, 4kg",rice,Rice,1,5.49,5.49,Ramadan 2026
I2026001279,O202600761,2026-03-12,C0061,297,"Mr.Chips Paprika Potato Chips, 68g",Chips,Spices & Seasonings,1,0.6,0.6,Ramadan 2026
I2026001280,O202600762,2026-03-12,C0074,143,"Aroma Garden Seven Spices, 100g",Cooking & Baking,Spices & Seasonings,1,2.09,2.09,Ramadan 2026
I2026001281,O202600762,2026-03-12,C0074,267,"Kinder Bueno Milk Chocolate Bar in Wafer with Hazelnut Cream, 43g",Chocolate,Chocolate,1,0.75,0.75,Ramadan 2026
I2026001282,O202600763,2026-03-13,C0033,48,"Almarai Uht Full Fat Milk with Vitamins, 4x1L",milk,Eggs,2,3.77,7.54,Ramadan 2026
I2026001283,O202600763,2026-03-13,C0033,100,Tiger Rice 3.5 kg,rice,Rice,2,3.65,7.3,Ramadan 2026
I2026001284,O202600764,2026-03-13,C0045,136,"Ard Jdadna Powder Garlic, 200g",Cooking & Baking,Spices & Seasonings,1,2.2,2.2,Ramadan 2026
I2026001285,O202600765,2026-03-13,C0056,355,Ramadan Decorative Tissue Box â€“ Boy & Girl Design,ramadan,Dates/Ramadan,3,1,3,Ramadan 2026
I2026001286,O202600765,2026-03-13,C0056,79,"The Bridge Bio Organic Pure Coconut Drink, 1L",Milk Alternatives,Dairy,1,4.2,4.2,Ramadan 2026
I2026001287,O202600765,2026-03-13,C0056,201,"Kinza Soda Water Can, 250ml",water,Water,1,0.36,0.36,Ramadan 2026
I2026001288,O202600766,2026-03-13,C0074,196,Maxims Sweet Corn 180 g 3 pcs get 1 pc Free,Canned Fruit,Canned Food,1,3.79,3.79,Ramadan 2026
I2026001289,O202600767,2026-03-13,C0122,330,"L'usine Cupcakes Filled with Chocolate Cream, 18x30g",Cakes and Rolls,Dairy,1,1.8,1.8,Ramadan 2026
I2026001290,O202600768,2026-03-13,C0113,370,Soccer 50 FT Smart Outdoor String Lights Waterproof,World Cup,Water,2,1.9,3.8,Ramadan 2026
I2026001291,O202600768,2026-03-13,C0113,213,"Crush Orange Soft Drink Pet Bottle, 1L",Soft Drinks,Juices,4,0.33,1.32,Ramadan 2026
I2026001292,O202600769,2026-03-13,C0042,198,"Pomi Whole Peeled Tomatoes, 400g",Canned Fruit,Canned Food,3,1.75,5.25,Ramadan 2026
I2026001293,O202600769,2026-03-13,C0042,352,"Small Ramadan Serving Plate (15 cm) â€“ Mosque, Crescent & Star Design for Dates and Treats",ramadan,Dates/Ramadan,1,5,5,Ramadan 2026
I2026001294,O202600770,2026-03-13,C0045,213,"Crush Orange Soft Drink Pet Bottle, 1L",Soft Drinks,Juices,3,0.33,0.99,Ramadan 2026
I2026001295,O202600771,2026-03-13,C0145,354,"Islamic Ramadan Mihrab Decor Piece â€“ 21 cm, Mosque Design with Stone-Like Texture",ramadan,Dates/Ramadan,1,2.2,2.2,Ramadan 2026
I2026001296,O202600771,2026-03-13,C0145,83,"Alinor Organic Plant Based Almond Barista Drink, 1L",Milk Alternatives,Dairy,1,3.5,3.5,Ramadan 2026
I2026001297,O202600771,2026-03-13,C0145,341,"Cool Gear Water Bottle - Pink, 650ml",back to school,Water,2,3.75,7.5,Ramadan 2026
I2026001298,O202600772,2026-03-13,C0110,201,"Kinza Soda Water Can, 250ml",water,Water,3,0.36,1.08,Ramadan 2026
I2026001299,O202600773,2026-03-13,C0150,100,Tiger Rice 3.5 kg,rice,Rice,1,3.65,3.65,Ramadan 2026
I2026001300,O202600774,2026-03-13,C0055,358,Ramadan Advent Calendar 30 Days Countdown Calendars,Eid al-Fitr,Dates/Ramadan,1,3,3,Ramadan 2026
I2026001301,O202600775,2026-03-14,C0039,191,"Exeter Canned Corned Beef, 340g",Canned Meat,Canned Food,1,2.35,2.35,Ramadan 2026
I2026001302,O202600775,2026-03-14,C0039,68,"Al Safi UHT Full Fat Milk, 4x1L",Long Life Milk,Dairy,1,3.85,3.85,Ramadan 2026
I2026001303,O202600776,2026-03-14,C0007,260,"Almarai Mixed Fruit Juice, 200ml",Juices,Juices,1,0.3,0.3,Ramadan 2026
I2026001304,O202600777,2026-03-14,C0097,79,"The Bridge Bio Organic Pure Coconut Drink, 1L",Milk Alternatives,Dairy,1,4.2,4.2,Ramadan 2026
I2026001305,O202600777,2026-03-14,C0097,201,"Kinza Soda Water Can, 250ml",water,Water,1,0.36,0.36,Ramadan 2026
I2026001306,O202600778,2026-03-14,C0001,259,"Almarai Mango Juice, 1L",Juices,Juices,1,1.25,1.25,Ramadan 2026
I2026001307,O202600779,2026-03-14,C0104,251,"Red Bull Energy Drink Watermelon, 250ml",Sports & Energy Drinks,Water,4,1.6,6.4,Ramadan 2026
I2026001308,O202600780,2026-03-14,C0018,165,NewLand Mayonnaise Garlic Flavor 300ml,Cooking & Baking,Spices & Seasonings,1,1.61,1.61,Ramadan 2026
I2026001309,O202600780,2026-03-14,C0018,329,"Americana Chocolate Pound Cake, 300g",Cakes and Rolls,Bakery,1,1.9,1.9,Ramadan 2026
I2026001310,O202600781,2026-03-14,C0098,184,"American Garden Strawberry Topping & Filling, No Artificial Flavors, 595g",Canned Fruit,Canned Food,1,4.75,4.75,Ramadan 2026
I2026001311,O202600782,2026-03-14,C0048,52,"Almarai Full Fat Fresh Yoghurt, 700g",youghurt,Dairy,1,1,1,Ramadan 2026
I2026001312,O202600783,2026-03-14,C0069,95,"Al Mazraa Jameed Pasteurized Liquid, 1L",Yoghurts,Dairy,1,2.75,2.75,Ramadan 2026
I2026001313,O202600784,2026-03-14,C0048,228,"Mr. Brown Chocolate Flavor Iced Coffee, 240ml",Specialty Drinks,Chocolate,1,0.95,0.95,Ramadan 2026
I2026001314,O202600784,2026-03-14,C0048,195,Maxim's Mushrooms 425 g 3+1,Canned Fruit,Canned Food,1,6.35,6.35,Ramadan 2026
I2026001315,O202600785,2026-03-14,C0099,77,"Nadec Milk Chocolate Milk, 6x125ml",Long Life Milk,Dairy,1,1.35,1.35,Ramadan 2026
I2026001316,O202600786,2026-03-14,C0031,199,"Nestle Mineral Water, 6x1.5L",water,Water,1,2.2,2.2,Ramadan 2026
I2026001317,O202600786,2026-03-14,C0031,389,SWYOUN 48PCS Eid Al Adha Cupcake Topper Party Decorations,Eid al-Adha,Bakery,1,0.75,0.75,Ramadan 2026
I2026001318,O202600787,2026-03-14,C0139,178,"Luna Red Kidney Beans, 380g",Canned Vegetables,Canned Food,1,0.76,0.76,Ramadan 2026
I2026001319,O202600788,2026-03-14,C0013,56,"Almarai Cream Cheese, 6 Portion, 108g",cheese,Dairy,1,1.02,1.02,Ramadan 2026
I2026001320,O202600788,2026-03-14,C0013,358,Ramadan Advent Calendar 30 Days Countdown Calendars,Eid al-Fitr,Dates/Ramadan,2,3,6,Ramadan 2026
I2026001321,O202600789,2026-03-14,C0082,232,"KDD Milk Coffee Latte, 250ml",Specialty Drinks,Dairy,1,0.7,0.7,Ramadan 2026
I2026001322,O202600790,2026-03-14,C0137,129,Blue Mill Paprika 200 g,Cooking & Baking,Spices & Seasonings,1,3.85,3.85,Ramadan 2026
I2026001323,O202600790,2026-03-14,C0137,283,"Galaxy Minstrels Chocolate, 42g",Chocolate,Chocolate,1,1.09,1.09,Ramadan 2026
I2026001324,O202600791,2026-03-14,C0052,80,"The Bridge Bio Organic Almond Sugar Free Drink, 1L",Milk Alternatives,Eggs,1,4.2,4.2,Ramadan 2026
I2026001325,O202600791,2026-03-14,C0052,71,"Koita Low Fat Lactose Free Non Harmone Milk, 1L",Long Life Milk,Dairy,1,2.9,2.9,Ramadan 2026
I2026001326,O202600791,2026-03-14,C0052,199,"Nestle Mineral Water, 6x1.5L",water,Water,1,2.2,2.2,Ramadan 2026
I2026001327,O202600792,2026-03-14,C0064,341,"Cool Gear Water Bottle - Pink, 650ml",back to school,Water,2,3.75,7.5,Ramadan 2026
I2026001328,O202600793,2026-03-14,C0084,178,"Luna Red Kidney Beans, 380g",Canned Vegetables,Canned Food,1,0.76,0.76,Ramadan 2026
I2026001329,O202600794,2026-03-14,C0150,129,Blue Mill Paprika 200 g,Cooking & Baking,Spices & Seasonings,1,3.85,3.85,Ramadan 2026
I2026001330,O202600795,2026-03-14,C0016,143,"Aroma Garden Seven Spices, 100g",Cooking & Baking,Spices & Seasonings,1,2.09,2.09,Ramadan 2026
I2026001331,O202600796,2026-03-14,C0029,143,"Aroma Garden Seven Spices, 100g",Cooking & Baking,Spices & Seasonings,1,2.09,2.09,Ramadan 2026
I2026001332,O202600796,2026-03-14,C0029,201,"Kinza Soda Water Can, 250ml",water,Water,2,0.36,0.72,Ramadan 2026
I2026001333,O202600797,2026-03-14,C0125,251,"Red Bull Energy Drink Watermelon, 250ml",Sports & Energy Drinks,Water,2,1.6,3.2,Ramadan 2026
I2026001334,O202600797,2026-03-14,C0125,257,"Almarai Mixed Fruit Juice, 1.4L",Juices,Juices,1,2,2,Ramadan 2026
I2026001335,O202600798,2026-03-14,C0067,193,"Unium Chicken Hot Dog, 415g",Canned Meat,Canned Food,1,1.45,1.45,Ramadan 2026
I2026001336,O202600799,2026-03-15,C0113,154,"Benina Chili Oil, 150ml",Cooking & Baking,Oil,1,1.49,1.49,Ramadan 2026
I2026001337,O202600799,2026-03-15,C0113,103,"Abu Kass Basmati Rice, 4kg",rice,Rice,1,5.49,5.49,Ramadan 2026
I2026001338,O202600799,2026-03-15,C0113,136,"Ard Jdadna Powder Garlic, 200g",Cooking & Baking,Spices & Seasonings,1,2.2,2.2,Ramadan 2026
I2026001339,O202600800,2026-03-15,C0149,66,"Almarai Cooking Cream, 500ml",cream,Dairy,1,2.65,2.65,Ramadan 2026
I2026001340,O202600801,2026-03-15,C0112,370,Soccer 50 FT Smart Outdoor String Lights Waterproof,World Cup,Water,3,1.9,5.7,Ramadan 2026
I2026001341,O202600802,2026-03-15,C0012,351,Set of 2 Ramadan Serving Trays,ramadan,Dates/Ramadan,1,8.5,8.5,Ramadan 2026
I2026001342,O202600803,2026-03-15,C0105,110,"Golden Corn Oil, 2.9L",oil,Oil,2,5.69,11.38,Ramadan 2026
I2026001343,O202600803,2026-03-15,C0105,103,"Abu Kass Basmati Rice, 4kg",rice,Rice,1,5.49,5.49,Ramadan 2026
I2026001344,O202600803,2026-03-15,C0105,263,"Al Rabie Orange Juice, 1L",Juices,Juices,1,1.55,1.55,Ramadan 2026
I2026001345,O202600804,2026-03-15,C0046,259,"Almarai Mango Juice, 1L",Juices,Juices,2,1.25,2.5,Ramadan 2026
I2026001346,O202600805,2026-03-15,C0093,87,"Pascual Vive Soy High Calcium Oat Drink, 1L",Milk Alternatives,Dairy,1,3.5,3.5,Ramadan 2026
I2026001347,O202600806,2026-03-15,C0098,142,"Aroma Garden Organic Meat Spices, 120g",Cooking & Baking,Spices & Seasonings,1,2.09,2.09,Ramadan 2026
I2026001348,O202600806,2026-03-15,C0098,282,"Storck Toffifee Hazelnut In Caramel Candy, 125g",Chocolate,Chocolate,2,2.15,4.3,Ramadan 2026
I2026001349,O202600806,2026-03-15,C0098,108,"Afia Pure Corn Oil, 1.5L",oil,Oil,1,3.99,3.99,Ramadan 2026
I2026001350,O202600806,2026-03-15,C0098,328,"Americana Orange Pound Cake, 300g",Cakes and Rolls,Juices,1,1.9,1.9,Ramadan 2026
I2026001351,O202600807,2026-03-15,C0092,289,"Choco Lake Diamond Twist Kunafa with Peanut Butter Filling, 450g",Chocolate,Dairy,1,4.99,4.99,Ramadan 2026
I2026001352,O202600808,2026-03-15,C0147,297,"Mr.Chips Paprika Potato Chips, 68g",Chips,Spices & Seasonings,2,0.6,1.2,Ramadan 2026
I2026001353,O202600809,2026-03-15,C0143,71,"Koita Low Fat Lactose Free Non Harmone Milk, 1L",Long Life Milk,Dairy,2,2.9,5.8,Ramadan 2026
I2026001354,O202600810,2026-03-15,C0131,143,"Aroma Garden Seven Spices, 100g",Cooking & Baking,Spices & Seasonings,1,2.09,2.09,Ramadan 2026
I2026001355,O202600810,2026-03-15,C0131,333,"Bifa Keks Roll Cake with Cocoa Cream, 50g",Cakes and Rolls,Bakery,1,0.25,0.25,Ramadan 2026
I2026001356,O202600811,2026-03-15,C0057,278,"Ozmo Fun Shape Milk Chocolate Lollipop, 23g",Chocolate,Dairy,1,0.6,0.6,Ramadan 2026
I2026001357,O202600812,2026-03-15,C0066,168,"Al Sayad Tuna In Vegetable Oil, 160g",Canned Seafood,Oil,1,0.79,0.79,Ramadan 2026
I2026001358,O202600813,2026-03-15,C0105,336,"Barni Chocolate Cake, 30g",Cakes and Rolls,Chocolate,1,0.4,0.4,Ramadan 2026
I2026001359,O202600813,2026-03-15,C0105,251,"Red Bull Energy Drink Watermelon, 250ml",Sports & Energy Drinks,Water,1,1.6,1.6,Ramadan 2026
I2026001360,O202600814,2026-03-15,C0143,195,Maxim's Mushrooms 425 g 3+1,Canned Fruit,Canned Food,1,6.35,6.35,Ramadan 2026
I2026001361,O202600815,2026-03-16,C0024,90,"Almarai Greek Style Full Fat Blueberry Yoghurt, 150g",Yoghurts,Dairy,1,0.9,0.9,Ramadan 2026
I2026001362,O202600816,2026-03-16,C0067,370,Soccer 50 FT Smart Outdoor String Lights Waterproof,World Cup,Water,1,1.9,1.9,Ramadan 2026
I2026001363,O202600817,2026-03-16,C0010,108,"Afia Pure Corn Oil, 1.5L",oil,Oil,1,3.99,3.99,Ramadan 2026
I2026001364,O202600817,2026-03-16,C0010,48,"Almarai Uht Full Fat Milk with Vitamins, 4x1L",milk,Dairy,2,3.77,7.54,Ramadan 2026
I2026001365,O202600818,2026-03-16,C0017,266,"Bounty Coconut Milk Chocolate Bar, 50g",Chocolate,Dairy,1,0.65,0.65,Ramadan 2026
I2026001366,O202600819,2026-03-16,C0080,94,"Alyoum Tang Taste Yoghurt Baladi, 1kg",Yoghurts,Dairy,1,1.75,1.75,Ramadan 2026
I2026001367,O202600820,2026-03-16,C0069,199,"Nestle Mineral Water, 6x1.5L",water,Water,4,2.2,8.8,Ramadan 2026
I2026001368,O202600821,2026-03-16,C0139,232,"KDD Milk Coffee Latte, 250ml",Specialty Drinks,Dairy,1,0.7,0.7,Ramadan 2026
I2026001369,O202600822,2026-03-16,C0034,259,"Almarai Mango Juice, 1L",Juices,Juices,1,1.25,1.25,Ramadan 2026
I2026001370,O202600823,2026-03-16,C0007,141,"Aroma Garden Chicken Spices, 100g",Cooking & Baking,Spices & Seasonings,1,2.09,2.09,Ramadan 2026
I2026001371,O202600823,2026-03-16,C0007,110,"Golden Corn Oil, 2.9L",oil,Oil,1,5.69,5.69,Ramadan 2026
I2026001372,O202600824,2026-03-16,C0083,262,"KDD Long Life Apple Juice, 1L",Juices,Juices,1,1.33,1.33,Ramadan 2026
I2026001373,O202600825,2026-03-16,C0007,143,"Aroma Garden Seven Spices, 100g",Cooking & Baking,Spices & Seasonings,1,2.09,2.09,Ramadan 2026
I2026001374,O202600826,2026-03-16,C0044,341,"Cool Gear Water Bottle - Pink, 650ml",back to school,Water,1,3.75,3.75,Ramadan 2026
I2026001375,O202600827,2026-03-16,C0095,258,"Almarai Mixed Berry Juice, 1.4L",Juices,Juices,3,2,6,Ramadan 2026
I2026001376,O202600828,2026-03-17,C0031,87,"Pascual Vive Soy High Calcium Oat Drink, 1L",Milk Alternatives,Dairy,1,3.5,3.5,Ramadan 2026
I2026001377,O202600828,2026-03-17,C0031,202,Crystal Ice Cubes 2 kg,water,Water,4,0.99,3.96,Ramadan 2026
I2026001378,O202600829,2026-03-17,C0078,200,"Sama Mineral Water, 12x600ml",water,Water,1,1.43,1.43,Ramadan 2026
I2026001379,O202600830,2026-03-17,C0046,65,"KDD Thick Cream, 4x125ml",cream,Dairy,1,1.72,1.72,Ramadan 2026
I2026001380,O202600830,2026-03-17,C0046,202,Crystal Ice Cubes 2 kg,water,Water,2,0.99,1.98,Ramadan 2026
I2026001381,O202600831,2026-03-17,C0079,89,"Almarai Greek Style Full Fat Strawberry Yoghurt, 150g",Yoghurts,Dairy,2,0.9,1.8,Ramadan 2026
I2026001382,O202600831,2026-03-17,C0079,262,"KDD Long Life Apple Juice, 1L",Juices,Juices,2,1.33,2.66,Ramadan 2026
I2026001383,O202600832,2026-03-17,C0030,251,"Red Bull Energy Drink Watermelon, 250ml",Sports & Energy Drinks,Water,1,1.6,1.6,Ramadan 2026
I2026001384,O202600833,2026-03-17,C0048,64,"Almarai Unsalted Natural Butter, 200g",butter,Dairy,1,2.05,2.05,Ramadan 2026
I2026001385,O202600834,2026-03-17,C0076,192,Zwan Chicken Hotdogs Ã— 2 Special Offer,Canned Meat,Canned Food,1,4.5,4.5,Ramadan 2026
I2026001386,O202600834,2026-03-17,C0076,61,"Almarai Natural Unsalted Butter, 100g",butter,Eggs,1,0.99,0.99,Ramadan 2026
I2026001387,O202600834,2026-03-17,C0076,201,"Kinza Soda Water Can, 250ml",water,Water,2,0.36,0.72,Ramadan 2026
I2026001388,O202600835,2026-03-17,C0008,199,"Nestle Mineral Water, 6x1.5L",water,Water,1,2.2,2.2,Ramadan 2026
I2026001389,O202600835,2026-03-17,C0008,186,"Morrisons Apricot Halves in Juice, 410g",Canned Fruit,Juices,2,4.39,8.78,Ramadan 2026
I2026001390,O202600836,2026-03-17,C0028,202,Crystal Ice Cubes 2 kg,water,Water,4,0.99,3.96,Ramadan 2026
I2026001391,O202600837,2026-03-17,C0047,68,"Al Safi UHT Full Fat Milk, 4x1L",Long Life Milk,Dairy,2,3.85,7.7,Ramadan 2026
I2026001392,O202600838,2026-03-17,C0076,137,"Ard Jdadna Powder Garlic, 200g",Cooking & Baking,Spices & Seasonings,1,1.9,1.9,Ramadan 2026
I2026001393,O202600839,2026-03-17,C0048,131,Blue Mill Garlic Powder 200 g,Cooking & Baking,Spices & Seasonings,1,2.89,2.89,Ramadan 2026
I2026001394,O202600840,2026-03-17,C0106,131,Blue Mill Garlic Powder 200 g,Cooking & Baking,Spices & Seasonings,1,2.89,2.89,Ramadan 2026
I2026001395,O202600840,2026-03-17,C0106,100,Tiger Rice 3.5 kg,rice,Rice,1,3.65,3.65,Ramadan 2026
I2026001396,O202600840,2026-03-17,C0106,251,"Red Bull Energy Drink Watermelon, 250ml",Sports & Energy Drinks,Water,1,1.6,1.6,Ramadan 2026
I2026001397,O202600841,2026-03-18,C0044,131,Blue Mill Garlic Powder 200 g,Cooking & Baking,Spices & Seasonings,1,2.89,2.89,Ramadan 2026
I2026001398,O202600842,2026-03-18,C0062,168,"Al Sayad Tuna In Vegetable Oil, 160g",Canned Seafood,Oil,2,0.79,1.58,Ramadan 2026
I2026001399,O202600843,2026-03-18,C0097,202,Crystal Ice Cubes 2 kg,water,Water,2,0.99,1.98,Ramadan 2026
I2026001400,O202600844,2026-03-18,C0070,85,"Alpro Plant-Based Barista Soya Drink, 1L",Milk Alternatives,Dairy,1,2.8,2.8,Ramadan 2026
I2026001401,O202600845,2026-03-18,C0071,141,"Aroma Garden Chicken Spices, 100g",Cooking & Baking,Spices & Seasonings,1,2.09,2.09,Ramadan 2026
I2026001402,O202600846,2026-03-18,C0037,340,"Cool Gear Cactus Water Bottle with Freeze Stick, 650ml",back to school,Water,1,3.75,3.75,Ramadan 2026
I2026001403,O202600847,2026-03-18,C0037,145,"Aroma Garden Biryani Spices, 100g",Cooking & Baking,Spices & Seasonings,1,2.09,2.09,Ramadan 2026
I2026001404,O202600847,2026-03-18,C0037,251,"Red Bull Energy Drink Watermelon, 250ml",Sports & Energy Drinks,Water,1,1.6,1.6,Ramadan 2026
I2026001405,O202600848,2026-03-18,C0147,200,"Sama Mineral Water, 12x600ml",water,Water,2,1.43,2.86,Ramadan 2026
I2026001406,O202600848,2026-03-18,C0147,328,"Americana Orange Pound Cake, 300g",Cakes and Rolls,Juices,2,1.9,3.8,Ramadan 2026
I2026001407,O202600849,2026-03-18,C0060,168,"Al Sayad Tuna In Vegetable Oil, 160g",Canned Seafood,Oil,1,0.79,0.79,Ramadan 2026
I2026001408,O202600849,2026-03-18,C0060,187,NewLand Chicken Hot Dog 400 g,Canned Meat,Canned Food,1,1.6,1.6,Ramadan 2026
I2026001409,O202600849,2026-03-18,C0060,76,"Nadec Banana Flavor Milk, 6x125ml",Long Life Milk,Eggs,3,1.35,4.05,Ramadan 2026
I2026001410,O202600850,2026-03-19,C0116,89,"Almarai Greek Style Full Fat Strawberry Yoghurt, 150g",Yoghurts,Dairy,1,0.9,0.9,Ramadan 2026
I2026001411,O202600851,2026-03-19,C0077,200,"Sama Mineral Water, 12x600ml",water,Water,2,1.43,2.86,Ramadan 2026
I2026001412,O202600851,2026-03-19,C0077,186,"Morrisons Apricot Halves in Juice, 410g",Canned Fruit,Juices,3,4.39,13.17,Ramadan 2026
I2026001413,O202600852,2026-03-19,C0027,278,"Ozmo Fun Shape Milk Chocolate Lollipop, 23g",Chocolate,Dairy,3,0.6,1.8,Ramadan 2026
I2026001414,O202600853,2026-03-19,C0074,100,Tiger Rice 3.5 kg,rice,Rice,1,3.65,3.65,Ramadan 2026
I2026001415,O202600854,2026-03-19,C0026,232,"KDD Milk Coffee Latte, 250ml",Specialty Drinks,Dairy,1,0.7,0.7,Ramadan 2026
I2026001416,O202600855,2026-03-19,C0121,112,"Kasih Vegetable Oil Cooking Spray, 141g",oil,Oil,2,2.25,4.5,Ramadan 2026
I2026001417,O202600856,2026-03-19,C0012,355,Ramadan Decorative Tissue Box â€“ Boy & Girl Design,ramadan,Dates/Ramadan,1,1,1,Ramadan 2026
I2026001418,O202600856,2026-03-19,C0012,49,Al Youm 3% Milk Full Fat 1 L,milk,Dairy,1,1.5,1.5,Ramadan 2026
I2026001419,O202600857,2026-03-20,C0049,312,"Pringles Sour Cream & Onion Chips Can, 165g",Chips,Chips,1,1.7,1.7,Eid al-Fitr 2026
I2026001420,O202600857,2026-03-20,C0049,275,"Kinder Joy Chocolate Egg for Boys Assorted, 20g",Chocolate,Soft Drinks,3,0.7,2.1,Eid al-Fitr 2026
I2026001421,O202600857,2026-03-20,C0049,288,"Galaxy Jewels Assorted Chocolate Box, 650g",Chocolate,Chocolate,1,17.3,17.3,Eid al-Fitr 2026
I2026001422,O202600858,2026-03-20,C0050,337,"Alyoum Burger Buns, 6 Pieces",Burger Buns,Bakery,1,0.55,0.55,Eid al-Fitr 2026
I2026001423,O202600859,2026-03-20,C0085,296,"Mr.Chips Waves Honey Mustard Chips, 50g",Chips,Chips,1,0.65,0.65,Eid al-Fitr 2026
I2026001424,O202600859,2026-03-20,C0085,286,Mythic Sensation Mini Milk Chocolate 30 g,Chocolate,Soft Drinks,3,0.55,1.65,Eid al-Fitr 2026
I2026001425,O202600860,2026-03-20,C0026,314,"Mr.Chips Pizza Flavor Corn Chips, 58g",Chips,Chips,1,0.25,0.25,Eid al-Fitr 2026
I2026001426,O202600860,2026-03-20,C0026,273,"Galaxy Dark Truffle Dark Chocolate Bar, 33g",Chocolate,Soft Drinks,3,0.77,2.31,Eid al-Fitr 2026
I2026001427,O202600861,2026-03-20,C0064,303,"Cheetos Crunchy Flaming Hot Chips, 115g",Chips,Chips,1,1,1,Eid al-Fitr 2026
I2026001428,O202600862,2026-03-20,C0123,309,"Doritos Sweet Chili Pepper Tortilla Chips, 120g",Chips,Chips,1,1,1,Eid al-Fitr 2026
I2026001429,O202600862,2026-03-20,C0123,270,"Galaxy Caramel Chocolate Bar, 34g",Chocolate,Chocolate,1,0.77,0.77,Eid al-Fitr 2026
I2026001430,O202600862,2026-03-20,C0123,287,"Milka Choco Wafer, (5 Pieces), 150g",Chocolate,Soft Drinks,3,2.31,6.93,Eid al-Fitr 2026
I2026001431,O202600863,2026-03-20,C0062,267,"Kinder Bueno Milk Chocolate Bar in Wafer with Hazelnut Cream, 43g",Chocolate,Chocolate,1,0.75,0.75,Eid al-Fitr 2026
I2026001432,O202600863,2026-03-20,C0062,301,"Mr.Chips Paprika Snack Mix, 78g",Chips,Chips,1,0.6,0.6,Eid al-Fitr 2026
I2026001433,O202600864,2026-03-20,C0129,272,"Galaxy Crispy Chocolate Bar,Â 30g",Chocolate,Chocolate,1,0.77,0.77,Eid al-Fitr 2026
I2026001434,O202600864,2026-03-20,C0129,292,"Smart Chips Ketchup Flavor Stix, 75g",Chips,Chips,3,1.28,3.84,Eid al-Fitr 2026
I2026001435,O202600864,2026-03-20,C0129,54,"Teeba Yoghurt, 700g",youghurt,Dairy,1,1,1,Eid al-Fitr 2026
I2026001436,O202600864,2026-03-20,C0129,281,"Raffaello Premium Coconut & Almond Pralines, 30g",Chocolate,Soft Drinks,2,0.9,1.8,Eid al-Fitr 2026
I2026001437,O202600865,2026-03-20,C0079,330,"L'usine Cupcakes Filled with Chocolate Cream, 18x30g",Cakes and Rolls,Bakery,1,1.8,1.8,Eid al-Fitr 2026
I2026001438,O202600866,2026-03-20,C0058,278,"Ozmo Fun Shape Milk Chocolate Lollipop, 23g",Chocolate,Chocolate,1,0.6,0.6,Eid al-Fitr 2026
I2026001439,O202600867,2026-03-20,C0086,321,"Molto XL Croissant Chocolate With Hazelnut, 42.5g",Cakes and Rolls,Chocolate,1,0.25,0.25,Eid al-Fitr 2026
I2026001440,O202600867,2026-03-20,C0086,292,"Smart Chips Ketchup Flavor Stix, 75g",Chips,Chips,2,1.28,2.56,Eid al-Fitr 2026
I2026001441,O202600867,2026-03-20,C0086,285,"Nutella B-Ready Chocolate Wafer Bar (6 Bars), 132g",Chocolate,Soft Drinks,1,2.25,2.25,Eid al-Fitr 2026
I2026001442,O202600868,2026-03-20,C0012,268,"Kinder Chocolate Milk Chocolate Bars With Milky Filling (4 Bars), 50g",Chocolate,Chocolate,1,0.6,0.6,Eid al-Fitr 2026
I2026001443,O202600869,2026-03-20,C0126,337,"Alyoum Burger Buns, 6 Pieces",Burger Buns,Bakery,2,0.55,1.1,Eid al-Fitr 2026
I2026001444,O202600870,2026-03-20,C0053,293,"Smart Chips Crunchy Rings Pizza Flavor, 80g",Chips,Chips,1,1,1,Eid al-Fitr 2026
I2026001445,O202600870,2026-03-20,C0053,186,"Morrisons Apricot Halves in Juice, 410g",Canned Fruit,Juices,2,4.39,8.78,Eid al-Fitr 2026
I2026001446,O202600871,2026-03-20,C0076,265,"Snickers Chocolate Bar Filled with Caramel & Peanuts, 40g",Chocolate,Chocolate,1,0.6,0.6,Eid al-Fitr 2026
I2026001447,O202600871,2026-03-20,C0076,293,"Smart Chips Crunchy Rings Pizza Flavor, 80g",Chips,Chips,1,1,1,Eid al-Fitr 2026
I2026001448,O202600871,2026-03-20,C0076,329,"Americana Chocolate Pound Cake, 300g",Cakes and Rolls,Soft Drinks,4,1.9,7.6,Eid al-Fitr 2026
I2026001449,O202600872,2026-03-20,C0085,297,"Mr.Chips Paprika Potato Chips, 68g",Chips,Chips,1,0.6,0.6,Eid al-Fitr 2026
I2026001450,O202600872,2026-03-20,C0085,321,"Molto XL Croissant Chocolate With Hazelnut, 42.5g",Cakes and Rolls,Soft Drinks,1,0.25,0.25,Eid al-Fitr 2026
I2026001451,O202600872,2026-03-20,C0085,267,"Kinder Bueno Milk Chocolate Bar in Wafer with Hazelnut Cream, 43g",Chocolate,Chocolate,1,0.75,0.75,Eid al-Fitr 2026
I2026001452,O202600873,2026-03-20,C0135,270,"Galaxy Caramel Chocolate Bar, 34g",Chocolate,Soft Drinks,2,0.77,1.54,Eid al-Fitr 2026
I2026001453,O202600874,2026-03-21,C0005,286,Mythic Sensation Mini Milk Chocolate 30 g,Chocolate,Chocolate,1,0.55,0.55,Eid al-Fitr 2026
I2026001454,O202600874,2026-03-21,C0005,316,"Hala Cheezers Twist Chips, 30g",Chips,Chips,2,0.1,0.2,Eid al-Fitr 2026
I2026001455,O202600874,2026-03-21,C0005,289,"Choco Lake Diamond Twist Kunafa with Peanut Butter Filling, 450g",Chocolate,Soft Drinks,4,4.99,19.96,Eid al-Fitr 2026
I2026001456,O202600875,2026-03-21,C0084,291,"Mr.Chips Bugles Cheese Flavor Corn Snacks, 33g",Chips,Chips,1,0.3,0.3,Eid al-Fitr 2026
I2026001457,O202600875,2026-03-21,C0084,322,"Eti Aditco Chocolate Cake, 36g",Cakes and Rolls,Soft Drinks,3,0.39,1.17,Eid al-Fitr 2026
I2026001458,O202600875,2026-03-21,C0084,271,"Galaxy Hazelnut Chocolate Bar, 30g",Chocolate,Chocolate,2,0.77,1.54,Eid al-Fitr 2026
I2026001459,O202600876,2026-03-21,C0126,208,"G Cherry Pop Sugar Free Flavored Soda, 300ml",Soft Drinks,Soft Drinks,1,0.55,0.55,Eid al-Fitr 2026
I2026001460,O202600877,2026-03-21,C0010,283,"Galaxy Minstrels Chocolate, 42g",Chocolate,Chocolate,1,1.09,1.09,Eid al-Fitr 2026
I2026001461,O202600877,2026-03-21,C0010,89,"Almarai Greek Style Full Fat Strawberry Yoghurt, 150g",Yoghurts,Eggs,2,0.9,1.8,Eid al-Fitr 2026
I2026001462,O202600877,2026-03-21,C0010,207,"G Mixed Berry Fusion Flavored Soda, 300ml",Soft Drinks,Soft Drinks,2,0.55,1.1,Eid al-Fitr 2026
I2026001463,O202600877,2026-03-21,C0010,329,"Americana Chocolate Pound Cake, 300g",Cakes and Rolls,Bakery,1,1.9,1.9,Eid al-Fitr 2026
I2026001464,O202600878,2026-03-21,C0009,389,SWYOUN 48PCS Eid Al Adha Cupcake Topper Party Decorations,Eid al-Adha,Bakery,3,0.75,2.25,Eid al-Fitr 2026
I2026001465,O202600878,2026-03-21,C0009,263,"Al Rabie Orange Juice, 1L",Juices,Juices,3,1.55,4.65,Eid al-Fitr 2026
I2026001466,O202600879,2026-03-21,C0066,322,"Eti Aditco Chocolate Cake, 36g",Cakes and Rolls,Chocolate,1,0.39,0.39,Eid al-Fitr 2026
I2026001467,O202600879,2026-03-21,C0066,302,"Mr.Chips Cheese Pop Corn, 58g",Chips,Chips,2,0.65,1.3,Eid al-Fitr 2026
I2026001468,O202600879,2026-03-21,C0066,332,"L'usine Vanilla Cupcakes, 18x30g",Cakes and Rolls,Bakery,1,1.8,1.8,Eid al-Fitr 2026
I2026001469,O202600880,2026-03-21,C0147,318,"Spuds Prime Ribs Craft Cooked Chips, 65g",Chips,Chips,1,0.75,0.75,Eid al-Fitr 2026
I2026001470,O202600880,2026-03-21,C0147,283,"Galaxy Minstrels Chocolate, 42g",Chocolate,Soft Drinks,3,1.09,3.27,Eid al-Fitr 2026
I2026001471,O202600880,2026-03-21,C0147,74,Koita Organic Chocolate Milk Uht 200 ml,Long Life Milk,Chocolate,1,1.65,1.65,Eid al-Fitr 2026
I2026001472,O202600881,2026-03-21,C0051,276,Said Junior Cup 50 g,Chocolate,Soft Drinks,2,0.75,1.5,Eid al-Fitr 2026
I2026001473,O202600882,2026-03-21,C0137,311,"Pringles Salt & Vinegar Chips Can, 165g",Chips,Chips,1,1.7,1.7,Eid al-Fitr 2026
I2026001474,O202600882,2026-03-21,C0137,274,"Nestle Kitkat Hazelnut 4 Fingers Chocolate, 41.5g",Chocolate,Chocolate,1,0.8,0.8,Eid al-Fitr 2026
I2026001475,O202600883,2026-03-21,C0097,307,"Lay's French Cheese Potato Chips, 110g",Chips,Chips,1,1,1,Eid al-Fitr 2026
I2026001476,O202600883,2026-03-21,C0097,389,SWYOUN 48PCS Eid Al Adha Cupcake Topper Party Decorations,Eid al-Adha,Bakery,1,0.75,0.75,Eid al-Fitr 2026
I2026001477,O202600884,2026-03-21,C0147,316,"Hala Cheezers Twist Chips, 30g",Chips,Chips,1,0.1,0.1,Eid al-Fitr 2026
I2026001478,O202600884,2026-03-21,C0147,277,"Ozmo Milk Chocolate Egg Shapes, 20g",Chocolate,Soft Drinks,4,0.75,3,Eid al-Fitr 2026
I2026001479,O202600884,2026-03-21,C0147,325,"Eti Pop Kek Mini Cake with Dark Chocolate, 144g",Cakes and Rolls,Chocolate,1,1.6,1.6,Eid al-Fitr 2026
I2026001480,O202600885,2026-03-21,C0051,270,"Galaxy Caramel Chocolate Bar, 34g",Chocolate,Soft Drinks,2,0.77,1.54,Eid al-Fitr 2026
I2026001481,O202600886,2026-03-21,C0079,356,"Coloring Prayer Mat for Kids â€“ Ramadan Edition, Blue, Washable, Portable Gift Set",ramadan,Dates/Ramadan,2,4,8,Eid al-Fitr 2026
I2026001482,O202600886,2026-03-21,C0079,84,"Orasi Soy Milk Sugar Free, 1L",Milk Alternatives,Dairy,2,2.5,5,Eid al-Fitr 2026
I2026001483,O202600886,2026-03-21,C0079,340,"Cool Gear Cactus Water Bottle with Freeze Stick, 650ml",back to school,Water,1,3.75,3.75,Eid al-Fitr 2026
I2026001484,O202600887,2026-03-21,C0139,283,"Galaxy Minstrels Chocolate, 42g",Chocolate,Chocolate,1,1.09,1.09,Eid al-Fitr 2026
I2026001485,O202600887,2026-03-21,C0139,302,"Mr.Chips Cheese Pop Corn, 58g",Chips,Chips,1,0.65,0.65,Eid al-Fitr 2026
I2026001486,O202600887,2026-03-21,C0139,287,"Milka Choco Wafer, (5 Pieces), 150g",Chocolate,Soft Drinks,1,2.31,2.31,Eid al-Fitr 2026
I2026001487,O202600888,2026-03-21,C0026,355,Ramadan Decorative Tissue Box â€“ Boy & Girl Design,ramadan,Dates/Ramadan,1,1,1,Eid al-Fitr 2026
I2026001488,O202600889,2026-03-21,C0006,318,"Spuds Prime Ribs Craft Cooked Chips, 65g",Chips,Chips,3,0.75,2.25,Eid al-Fitr 2026
I2026001489,O202600889,2026-03-21,C0006,290,Choco Lake Choco Biscuits 650G,Chocolate,Soft Drinks,1,3,3,Eid al-Fitr 2026
I2026001490,O202600889,2026-03-21,C0006,279,"Ozmo Hoppo Biscuit Filled with Chocolate Cream, 40g",Chocolate,Chocolate,1,0.6,0.6,Eid al-Fitr 2026
I2026001491,O202600890,2026-03-21,C0033,271,"Galaxy Hazelnut Chocolate Bar, 30g",Chocolate,Chocolate,1,0.77,0.77,Eid al-Fitr 2026
I2026001492,O202600890,2026-03-21,C0033,283,"Galaxy Minstrels Chocolate, 42g",Chocolate,Soft Drinks,3,1.09,3.27,Eid al-Fitr 2026
I2026001493,O202600890,2026-03-21,C0033,329,"Americana Chocolate Pound Cake, 300g",Cakes and Rolls,Bakery,1,1.9,1.9,Eid al-Fitr 2026
I2026001494,O202600890,2026-03-21,C0033,328,"Americana Orange Pound Cake, 300g",Cakes and Rolls,Juices,2,1.9,3.8,Eid al-Fitr 2026
I2026001495,O202600891,2026-03-21,C0130,186,"Morrisons Apricot Halves in Juice, 410g",Canned Fruit,Juices,2,4.39,8.78,Eid al-Fitr 2026
I2026001496,O202600892,2026-03-21,C0001,328,"Americana Orange Pound Cake, 300g",Cakes and Rolls,Juices,1,1.9,1.9,Eid al-Fitr 2026
I2026001497,O202600893,2026-03-21,C0002,305,"Lay's Tomato Ketchup Potato Chips, 110g",Chips,Chips,1,1,1,Eid al-Fitr 2026
I2026001498,O202600894,2026-03-21,C0092,311,"Pringles Salt & Vinegar Chips Can, 165g",Chips,Chips,2,1.7,3.4,Eid al-Fitr 2026
I2026001499,O202600895,2026-03-21,C0016,298,"Mr.Chips Salt & Vinegar Potato Chips, 68g",Chips,Chips,1,0.6,0.6,Eid al-Fitr 2026
I2026001500,O202600895,2026-03-21,C0016,321,"Molto XL Croissant Chocolate With Hazelnut, 42.5g",Cakes and Rolls,Soft Drinks,1,0.25,0.25,Eid al-Fitr 2026
I2026001501,O202600895,2026-03-21,C0016,330,"L'usine Cupcakes Filled with Chocolate Cream, 18x30g",Cakes and Rolls,Bakery,1,1.8,1.8,Eid al-Fitr 2026
I2026001502,O202600896,2026-03-21,C0134,323,"Eti PopkekÂ Cocoa Cake, 35g",Cakes and Rolls,Bakery,1,0.3,0.3,Eid al-Fitr 2026
I2026001503,O202600897,2026-03-22,C0060,328,"Americana Orange Pound Cake, 300g",Cakes and Rolls,Juices,4,1.9,7.6,Eid al-Fitr 2026
I2026001504,O202600898,2026-03-22,C0019,274,"Nestle Kitkat Hazelnut 4 Fingers Chocolate, 41.5g",Chocolate,Soft Drinks,4,0.8,3.2,Eid al-Fitr 2026
I2026001505,O202600899,2026-03-22,C0056,322,"Eti Aditco Chocolate Cake, 36g",Cakes and Rolls,Chocolate,1,0.39,0.39,Eid al-Fitr 2026
I2026001506,O202600900,2026-03-22,C0033,336,"Barni Chocolate Cake, 30g",Cakes and Rolls,Chocolate,1,0.4,0.4,Eid al-Fitr 2026
I2026001507,O202600900,2026-03-22,C0033,328,"Americana Orange Pound Cake, 300g",Cakes and Rolls,Bakery,1,1.9,1.9,Eid al-Fitr 2026
I2026001508,O202600900,2026-03-22,C0033,258,"Almarai Mixed Berry Juice, 1.4L",Juices,Juices,2,2,4,Eid al-Fitr 2026
I2026001509,O202600900,2026-03-22,C0033,308,"Doritos Nacho Cheese Tortilla Chips, 120g",Chips,Chips,1,1,1,Eid al-Fitr 2026
I2026001510,O202600900,2026-03-22,C0033,211,"TT Peach ice Tea, 330ml",Soft Drinks,Soft Drinks,2,0.25,0.5,Eid al-Fitr 2026
I2026001511,O202600901,2026-03-22,C0131,323,"Eti PopkekÂ Cocoa Cake, 35g",Cakes and Rolls,Bakery,1,0.3,0.3,Eid al-Fitr 2026
I2026001512,O202600902,2026-03-22,C0032,286,Mythic Sensation Mini Milk Chocolate 30 g,Chocolate,Chocolate,1,0.55,0.55,Eid al-Fitr 2026
I2026001513,O202600902,2026-03-22,C0032,319,"Spuds Sweet & Chilli Salsa Craft Cooked Chips, 65g",Chips,Chips,1,0.75,0.75,Eid al-Fitr 2026
I2026001514,O202600902,2026-03-22,C0032,267,"Kinder Bueno Milk Chocolate Bar in Wafer with Hazelnut Cream, 43g",Chocolate,Soft Drinks,3,0.75,2.25,Eid al-Fitr 2026
I2026001515,O202600902,2026-03-22,C0032,262,"KDD Long Life Apple Juice, 1L",Juices,Juices,3,1.33,3.99,Eid al-Fitr 2026
I2026001516,O202600903,2026-03-22,C0046,263,"Al Rabie Orange Juice, 1L",Juices,Juices,3,1.55,4.65,Eid al-Fitr 2026
I2026001517,O202600904,2026-03-22,C0091,302,"Mr.Chips Cheese Pop Corn, 58g",Chips,Chips,1,0.65,0.65,Eid al-Fitr 2026
I2026001518,O202600904,2026-03-22,C0091,284,"Kinder Happy Hippo Biscuits with Double Cream Filling, 103.5g",Chocolate,Soft Drinks,3,1.95,5.85,Eid al-Fitr 2026
I2026001519,O202600904,2026-03-22,C0091,267,"Kinder Bueno Milk Chocolate Bar in Wafer with Hazelnut Cream, 43g",Chocolate,Chocolate,1,0.75,0.75,Eid al-Fitr 2026
I2026001520,O202600905,2026-03-22,C0020,323,"Eti PopkekÂ Cocoa Cake, 35g",Cakes and Rolls,Bakery,2,0.3,0.6,Eid al-Fitr 2026
I2026001521,O202600905,2026-03-22,C0020,186,"Morrisons Apricot Halves in Juice, 410g",Canned Fruit,Juices,1,4.39,4.39,Eid al-Fitr 2026
I2026001522,O202600906,2026-03-22,C0074,328,"Americana Orange Pound Cake, 300g",Cakes and Rolls,Juices,1,1.9,1.9,Eid al-Fitr 2026
I2026001523,O202600907,2026-03-22,C0001,264,"Al Rabie Orange Juice, 1L",Juices,Juices,1,1.55,1.55,Eid al-Fitr 2026
I2026001524,O202600908,2026-03-22,C0029,297,"Mr.Chips Paprika Potato Chips, 68g",Chips,Chips,1,0.6,0.6,Eid al-Fitr 2026
I2026001525,O202600909,2026-03-22,C0093,316,"Hala Cheezers Twist Chips, 30g",Chips,Chips,1,0.1,0.1,Eid al-Fitr 2026
I2026001526,O202600910,2026-03-22,C0075,186,"Morrisons Apricot Halves in Juice, 410g",Canned Fruit,Juices,2,4.39,8.78,Eid al-Fitr 2026
I2026001527,O202600911,2026-03-22,C0081,321,"Molto XL Croissant Chocolate With Hazelnut, 42.5g",Cakes and Rolls,Bakery,1,0.25,0.25,Eid al-Fitr 2026
I2026001528,O202600912,2026-03-22,C0098,271,"Galaxy Hazelnut Chocolate Bar, 30g",Chocolate,Chocolate,1,0.77,0.77,Eid al-Fitr 2026
I2026001529,O202600912,2026-03-22,C0098,292,"Smart Chips Ketchup Flavor Stix, 75g",Chips,Chips,1,1.28,1.28,Eid al-Fitr 2026
I2026001530,O202600912,2026-03-22,C0098,324,"Eti Adicto Gold Mini Chocolate Brown Cake, 180g",Cakes and Rolls,Bakery,1,1.7,1.7,Eid al-Fitr 2026
I2026001531,O202600912,2026-03-22,C0098,264,"Al Rabie Orange Juice, 1L",Juices,Juices,1,1.55,1.55,Eid al-Fitr 2026
I2026001532,O202600913,2026-03-22,C0075,319,"Spuds Sweet & Chilli Salsa Craft Cooked Chips, 65g",Chips,Chips,1,0.75,0.75,Eid al-Fitr 2026
I2026001533,O202600914,2026-03-22,C0058,264,"Al Rabie Orange Juice, 1L",Juices,Juices,3,1.55,4.65,Eid al-Fitr 2026
I2026001534,O202600915,2026-03-22,C0116,269,"Galaxy Smooth Milk Chocolate Bar,Â 30g",Chocolate,Chocolate,3,0.77,2.31,Eid al-Fitr 2026
I2026001535,O202600916,2026-03-22,C0052,274,"Nestle Kitkat Hazelnut 4 Fingers Chocolate, 41.5g",Chocolate,Chocolate,2,0.8,1.6,Eid al-Fitr 2026
I2026001536,O202600916,2026-03-22,C0052,306,"Lay's Chili Potato Chips, 110g",Chips,Chips,1,1,1,Eid al-Fitr 2026
I2026001537,O202600916,2026-03-22,C0052,288,"Galaxy Jewels Assorted Chocolate Box, 650g",Chocolate,Soft Drinks,3,17.3,51.9,Eid al-Fitr 2026
I2026001538,O202600917,2026-03-22,C0145,284,"Kinder Happy Hippo Biscuits with Double Cream Filling, 103.5g",Chocolate,Chocolate,1,1.95,1.95,Eid al-Fitr 2026
I2026001539,O202600917,2026-03-22,C0145,297,"Mr.Chips Paprika Potato Chips, 68g",Chips,Chips,1,0.6,0.6,Eid al-Fitr 2026
I2026001540,O202600918,2026-03-22,C0034,275,"Kinder Joy Chocolate Egg for Boys Assorted, 20g",Chocolate,Soft Drinks,2,0.7,1.4,Eid al-Fitr 2026
I2026001541,O202600919,2026-03-22,C0125,47,"Teeba Labneh, 180g",labneh,Eggs,3,1,3,Eid al-Fitr 2026
I2026001542,O202600919,2026-03-22,C0125,330,"L'usine Cupcakes Filled with Chocolate Cream, 18x30g",Cakes and Rolls,Bakery,2,1.8,3.6,Eid al-Fitr 2026
I2026001543,O202600920,2026-03-22,C0053,307,"Lay's French Cheese Potato Chips, 110g",Chips,Chips,2,1,2,Eid al-Fitr 2026
I2026001544,O202600920,2026-03-22,C0053,215,"Jordina Joy Orange, 1L",Soft Drinks,Soft Drinks,1,0.6,0.6,Eid al-Fitr 2026
I2026001545,O202600920,2026-03-22,C0053,272,"Galaxy Crispy Chocolate Bar,Â 30g",Chocolate,Chocolate,1,0.77,0.77,Eid al-Fitr 2026
I2026001546,O202600921,2026-03-22,C0027,313,"Mr.Chips Crocodile Cheese & Pizza Flavor Snack, 58g",Chips,Chips,1,0.25,0.25,Eid al-Fitr 2026
I2026001547,O202600921,2026-03-22,C0027,270,"Galaxy Caramel Chocolate Bar, 34g",Chocolate,Soft Drinks,2,0.77,1.54,Eid al-Fitr 2026
I2026001548,O202600921,2026-03-22,C0027,336,"Barni Chocolate Cake, 30g",Cakes and Rolls,Chocolate,3,0.4,1.2,Eid al-Fitr 2026
I2026001549,O202600922,2026-03-23,C0036,389,SWYOUN 48PCS Eid Al Adha Cupcake Topper Party Decorations,Eid al-Adha,Bakery,1,0.75,0.75,Eid al-Fitr 2026
I2026001550,O202600923,2026-03-23,C0039,304,"Lay's Salt & Vinegar Chips, 110g",Chips,Chips,1,1,1,Eid al-Fitr 2026
I2026001551,O202600923,2026-03-23,C0039,325,"Eti Pop Kek Mini Cake with Dark Chocolate, 144g",Cakes and Rolls,Soft Drinks,1,1.6,1.6,Eid al-Fitr 2026
I2026001552,O202600923,2026-03-23,C0039,287,"Milka Choco Wafer, (5 Pieces), 150g",Chocolate,Chocolate,1,2.31,2.31,Eid al-Fitr 2026
I2026001553,O202600923,2026-03-23,C0039,215,"Jordina Joy Orange, 1L",Soft Drinks,Juices,1,0.6,0.6,Eid al-Fitr 2026
I2026001554,O202600924,2026-03-23,C0083,317,"Spuds Sour Cream & Onion Craft Cooked Chips, 65g",Chips,Chips,1,0.75,0.75,Eid al-Fitr 2026
I2026001555,O202600924,2026-03-23,C0083,269,"Galaxy Smooth Milk Chocolate Bar,Â 30g",Chocolate,Soft Drinks,3,0.77,2.31,Eid al-Fitr 2026
I2026001556,O202600924,2026-03-23,C0083,331,"L'usine Soft Cupcakes Filled with Strawberry Cream, 18x30g",Cakes and Rolls,Bakery,1,1.8,1.8,Eid al-Fitr 2026
I2026001557,O202600925,2026-03-23,C0064,358,Ramadan Advent Calendar 30 Days Countdown Calendars,Eid al-Fitr,Dates/Ramadan,1,3,3,Eid al-Fitr 2026
I2026001558,O202600925,2026-03-23,C0064,269,"Galaxy Smooth Milk Chocolate Bar,Â 30g",Chocolate,Dairy,1,0.77,0.77,Eid al-Fitr 2026
I2026001559,O202600925,2026-03-23,C0064,201,"Kinza Soda Water Can, 250ml",water,Water,3,0.36,1.08,Eid al-Fitr 2026
I2026001560,O202600926,2026-03-23,C0032,261,"KDD Mango Nectar, 1L",Juices,Juices,1,1.33,1.33,Eid al-Fitr 2026
I2026001561,O202600927,2026-03-23,C0116,275,"Kinder Joy Chocolate Egg for Boys Assorted, 20g",Chocolate,Chocolate,1,0.7,0.7,Eid al-Fitr 2026
I2026001562,O202600928,2026-03-23,C0042,326,"Eti Pop Kek Cocoa Cake, 200g",Cakes and Rolls,Bakery,1,1.95,1.95,Eid al-Fitr 2026
I2026001563,O202600929,2026-03-23,C0003,279,"Ozmo Hoppo Biscuit Filled with Chocolate Cream, 40g",Chocolate,Chocolate,1,0.6,0.6,Eid al-Fitr 2026
I2026001564,O202600929,2026-03-23,C0003,301,"Mr.Chips Paprika Snack Mix, 78g",Chips,Chips,1,0.6,0.6,Eid al-Fitr 2026
I2026001565,O202600930,2026-03-23,C0108,330,"L'usine Cupcakes Filled with Chocolate Cream, 18x30g",Cakes and Rolls,Soft Drinks,3,1.8,5.4,Eid al-Fitr 2026
I2026001566,O202600931,2026-03-23,C0115,309,"Doritos Sweet Chili Pepper Tortilla Chips, 120g",Chips,Chips,1,1,1,Eid al-Fitr 2026
I2026001567,O202600931,2026-03-23,C0115,71,"Koita Low Fat Lactose Free Non Harmone Milk, 1L",Long Life Milk,Eggs,4,2.9,11.6,Eid al-Fitr 2026
I2026001568,O202600931,2026-03-23,C0115,270,"Galaxy Caramel Chocolate Bar, 34g",Chocolate,Soft Drinks,2,0.77,1.54,Eid al-Fitr 2026
I2026001569,O202600931,2026-03-23,C0115,276,Said Junior Cup 50 g,Chocolate,Chocolate,2,0.75,1.5,Eid al-Fitr 2026
I2026001570,O202600932,2026-03-23,C0097,337,"Alyoum Burger Buns, 6 Pieces",Burger Buns,Bakery,1,0.55,0.55,Eid al-Fitr 2026
I2026001571,O202600932,2026-03-23,C0097,263,"Al Rabie Orange Juice, 1L",Juices,Juices,2,1.55,3.1,Eid al-Fitr 2026
I2026001572,O202600933,2026-03-23,C0130,298,"Mr.Chips Salt & Vinegar Potato Chips, 68g",Chips,Chips,1,0.6,0.6,Eid al-Fitr 2026
I2026001573,O202600934,2026-03-23,C0040,307,"Lay's French Cheese Potato Chips, 110g",Chips,Chips,1,1,1,Eid al-Fitr 2026
I2026001574,O202600934,2026-03-23,C0040,211,"TT Peach ice Tea, 330ml",Soft Drinks,Soft Drinks,2,0.25,0.5,Eid al-Fitr 2026
I2026001575,O202600935,2026-03-23,C0146,278,"Ozmo Fun Shape Milk Chocolate Lollipop, 23g",Chocolate,Chocolate,1,0.6,0.6,Eid al-Fitr 2026
I2026001576,O202600935,2026-03-23,C0146,312,"Pringles Sour Cream & Onion Chips Can, 165g",Chips,Chips,1,1.7,1.7,Eid al-Fitr 2026
I2026001577,O202600935,2026-03-23,C0146,390,3 Pcs Eid Mubarak Decorations Ramadan Wooden Table Centerpieces,Eid al-Adha,Dates/Ramadan,1,1.5,1.5,Eid al-Fitr 2026
I2026001578,O202600936,2026-03-24,C0024,315,"Mr.Chips Disco Cheddar Cheese Flavor Snack, 58g",Chips,Chips,1,0.25,0.25,Normal
I2026001579,O202600936,2026-03-24,C0024,201,"Kinza Soda Water Can, 250ml",water,Soft Drinks,1,0.36,0.36,Normal
I2026001580,O202600936,2026-03-24,C0024,325,"Eti Pop Kek Mini Cake with Dark Chocolate, 144g",Cakes and Rolls,Chocolate,1,1.6,1.6,Normal
I2026001581,O202600937,2026-03-24,C0029,290,Choco Lake Choco Biscuits 650G,Chocolate,Soft Drinks,4,3,12,Normal
I2026001582,O202600938,2026-03-24,C0134,216,"Matrix Fruit Carbonated Drink, 250ml",Soft Drinks,Fruit And Veg,1,0.25,0.25,Normal
I2026001583,O202600939,2026-03-24,C0131,313,"Mr.Chips Crocodile Cheese & Pizza Flavor Snack, 58g",Chips,Chips,2,0.25,0.5,Normal
I2026001584,O202600939,2026-03-24,C0131,208,"G Cherry Pop Sugar Free Flavored Soda, 300ml",Soft Drinks,Soft Drinks,3,0.55,1.65,Normal
I2026001585,O202600939,2026-03-24,C0131,284,"Kinder Happy Hippo Biscuits with Double Cream Filling, 103.5g",Chocolate,Chocolate,1,1.95,1.95,Normal
I2026001586,O202600940,2026-03-24,C0138,70,"Koita Lactose Free Skim Milk, 1L",Long Life Milk,Dairy,1,3.1,3.1,Normal
I2026001587,O202600941,2026-03-24,C0109,292,"Smart Chips Ketchup Flavor Stix, 75g",Chips,Sauce,1,1.28,1.28,Normal
I2026001588,O202600941,2026-03-24,C0109,303,"Cheetos Crunchy Flaming Hot Chips, 115g",Chips,Chips,1,1,1,Normal
I2026001589,O202600941,2026-03-24,C0109,313,"Mr.Chips Crocodile Cheese & Pizza Flavor Snack, 58g",Chips,Frozen pizza,1,0.25,0.25,Normal
I2026001590,O202600942,2026-03-24,C0037,314,"Mr.Chips Pizza Flavor Corn Chips, 58g",Chips,Frozen pizza,1,0.25,0.25,Normal
I2026001591,O202600943,2026-03-25,C0134,301,"Mr.Chips Paprika Snack Mix, 78g",Chips,Chips,1,0.6,0.6,Normal
I2026001592,O202600944,2026-03-25,C0097,266,"Bounty Coconut Milk Chocolate Bar, 50g",Chocolate,Soft Drinks,1,0.65,0.65,Normal
I2026001593,O202600945,2026-03-25,C0042,162,"NewLand Special Sauce For Burgers & Fries, 300g",Cooking & Baking,Sauce,1,2,2,Normal
I2026001594,O202600945,2026-03-25,C0042,7,Frozen fries,frozen food,Frozen fries,1,1.85,1.85,Normal
I2026001595,O202600945,2026-03-25,C0042,2,Frozen pizza,frozen food,Frozen pizza,1,3.59,3.59,Normal
I2026001596,O202600945,2026-03-25,C0042,280,"Ferrero Rocher Fine Crunchy Hazelnuts Dipped in Smooth Milk Chocolate, (3 Pieces), 37.5g",Chocolate,Soft Drinks,3,1,3,Normal
I2026001597,O202600946,2026-03-25,C0122,329,"Americana Chocolate Pound Cake, 300g",Cakes and Rolls,Chocolate,1,1.9,1.9,Normal
I2026001598,O202600946,2026-03-25,C0122,337,"Alyoum Burger Buns, 6 Pieces",Burger Buns,Burger Buns,2,0.55,1.1,Normal
I2026001599,O202600946,2026-03-25,C0122,291,"Mr.Chips Bugles Cheese Flavor Corn Snacks, 33g",Chips,Cheese,1,0.3,0.3,Normal
I2026001600,O202600946,2026-03-25,C0122,98,"Nadec Burger Cheese (10 Slices), 200g",Cheese,Burger,1,1.57,1.57,Normal
I2026001601,O202600946,2026-03-25,C0122,340,"Cool Gear Cactus Water Bottle with Freeze Stick, 650ml",back to school,Water,4,3.75,15,Normal
I2026001602,O202600946,2026-03-25,C0122,305,"Lay's Tomato Ketchup Potato Chips, 110g",Chips,Sauce,1,1,1,Normal
I2026001603,O202600946,2026-03-25,C0122,311,"Pringles Salt & Vinegar Chips Can, 165g",Chips,Chips,1,1.7,1.7,Normal
I2026001604,O202600946,2026-03-25,C0122,324,"Eti Adicto Gold Mini Chocolate Brown Cake, 180g",Cakes and Rolls,Soft Drinks,2,1.7,3.4,Normal
I2026001605,O202600947,2026-03-25,C0035,7,Frozen fries,frozen food,Frozen fries,3,1.85,5.55,Normal
I2026001606,O202600947,2026-03-25,C0035,2,Frozen pizza,frozen food,Frozen pizza,2,3.59,7.18,Normal
I2026001607,O202600947,2026-03-25,C0035,264,"Al Rabie Orange Juice, 1L",Juices,Juices,3,1.55,4.65,Normal
I2026001608,O202600947,2026-03-25,C0035,162,"NewLand Special Sauce For Burgers & Fries, 300g",Cooking & Baking,Sauce,1,2,2,Normal
I2026001609,O202600947,2026-03-25,C0035,208,"G Cherry Pop Sugar Free Flavored Soda, 300ml",Soft Drinks,Soft Drinks,3,0.55,1.65,Normal
I2026001610,O202600948,2026-03-25,C0115,104,"Pasta Zara Conchiglie No.54, 500g",pasta,Pasta,1,1.31,1.31,Normal
I2026001611,O202600949,2026-03-25,C0138,232,"KDD Milk Coffee Latte, 250ml",Specialty Drinks,Dairy,1,0.7,0.7,Normal
I2026001612,O202600949,2026-03-25,C0138,370,Soccer 50 FT Smart Outdoor String Lights Waterproof,World Cup,Water,1,1.9,1.9,Normal
I2026001613,O202600950,2026-03-25,C0109,267,"Kinder Bueno Milk Chocolate Bar in Wafer with Hazelnut Cream, 43g",Chocolate,Chocolate,1,0.75,0.75,Normal
I2026001614,O202600950,2026-03-25,C0109,302,"Mr.Chips Cheese Pop Corn, 58g",Chips,Chips,1,0.65,0.65,Normal
I2026001615,O202600950,2026-03-25,C0109,77,"Nadec Milk Chocolate Milk, 6x125ml",Long Life Milk,Soft Drinks,1,1.35,1.35,Normal
I2026001616,O202600950,2026-03-25,C0109,335,"Bifa Keks Cocoa Oval Banana Sauce Cake, 45g",Cakes and Rolls,Bakery,3,0.25,0.75,Normal
I2026001617,O202600951,2026-03-26,C0114,306,"Lay's Chili Potato Chips, 110g",Chips,Chips,1,1,1,Normal
I2026001618,O202600952,2026-03-26,C0001,232,"KDD Milk Coffee Latte, 250ml",Specialty Drinks,Dairy,3,0.7,2.1,Normal
I2026001619,O202600953,2026-03-26,C0103,305,"Lay's Tomato Ketchup Potato Chips, 110g",Chips,Chips,1,1,1,Normal
I2026001620,O202600953,2026-03-26,C0103,199,"Nestle Mineral Water, 6x1.5L",water,Water,4,2.2,8.8,Normal
I2026001621,O202600954,2026-03-26,C0015,266,"Bounty Coconut Milk Chocolate Bar, 50g",Chocolate,Chocolate,1,0.65,0.65,Normal
I2026001622,O202600954,2026-03-26,C0015,305,"Lay's Tomato Ketchup Potato Chips, 110g",Chips,Chips,1,1,1,Normal
I2026001623,O202600954,2026-03-26,C0015,77,"Nadec Milk Chocolate Milk, 6x125ml",Long Life Milk,Dairy,2,1.35,2.7,Normal
I2026001624,O202600954,2026-03-26,C0015,201,"Kinza Soda Water Can, 250ml",water,Soft Drinks,2,0.36,0.72,Normal
I2026001625,O202600955,2026-03-26,C0045,123,"Foster Clark's Bicarbonate of Soda, 150g",Cooking & Baking,Soft Drinks,1,0.9,0.9,Normal
I2026001626,O202600956,2026-03-27,C0124,298,"Mr.Chips Salt & Vinegar Potato Chips, 68g",Chips,Chips,3,0.6,1.8,Normal
I2026001627,O202600956,2026-03-27,C0124,337,"Alyoum Burger Buns, 6 Pieces",Burger Buns,Burger,1,0.55,0.55,Normal
I2026001628,O202600957,2026-03-27,C0024,325,"Eti Pop Kek Mini Cake with Dark Chocolate, 144g",Cakes and Rolls,Chocolate,1,1.6,1.6,Normal
I2026001629,O202600958,2026-03-27,C0052,4,Frozen fries,frozen food,Frozen fries,2,1.9,3.8,Normal
I2026001630,O202600959,2026-03-27,C0108,291,"Mr.Chips Bugles Cheese Flavor Corn Snacks, 33g",Chips,Chips,1,0.3,0.3,Normal
I2026001631,O202600959,2026-03-27,C0108,85,"Alpro Plant-Based Barista Soya Drink, 1L",Milk Alternatives,Dairy,1,2.8,2.8,Normal
I2026001632,O202600960,2026-03-27,C0071,203,"Kinza Zero Sugar Lemon Soft Drink Can, 250ml",Soft Drinks,Soft Drinks,4,0.25,1,Normal
I2026001633,O202600961,2026-03-27,C0070,137,"Ard Jdadna Powder Garlic, 200g",Cooking & Baking,Sauce,1,1.9,1.9,Normal
I2026001634,O202600961,2026-03-27,C0070,293,"Smart Chips Crunchy Rings Pizza Flavor, 80g",Chips,Frozen pizza,2,1,2,Normal
I2026001635,O202600961,2026-03-27,C0070,212,"Crush Cola Soft Drink Pet Bottle, 1L",Soft Drinks,Soft Drinks,1,0.33,0.33,Normal
I2026001636,O202600961,2026-03-27,C0070,257,"Almarai Mixed Fruit Juice, 1.4L",Juices,Juices,2,2,4,Normal
I2026001637,O202600962,2026-03-27,C0034,291,"Mr.Chips Bugles Cheese Flavor Corn Snacks, 33g",Chips,Chips,1,0.3,0.3,Normal
I2026001638,O202600962,2026-03-27,C0034,281,"Raffaello Premium Coconut & Almond Pralines, 30g",Chocolate,Soft Drinks,4,0.9,3.6,Normal
I2026001639,O202600962,2026-03-27,C0034,324,"Eti Adicto Gold Mini Chocolate Brown Cake, 180g",Cakes and Rolls,Chocolate,1,1.7,1.7,Normal
I2026001640,O202600963,2026-03-27,C0099,94,"Alyoum Tang Taste Yoghurt Baladi, 1kg",Yoghurts,Dairy,1,1.75,1.75,Normal
I2026001641,O202600963,2026-03-27,C0099,214,"Kinza Lemon Carbonated Drink, 1L",Soft Drinks,Soft Drinks,4,0.4,1.6,Normal
I2026001642,O202600964,2026-03-27,C0057,298,"Mr.Chips Salt & Vinegar Potato Chips, 68g",Chips,Chips,1,0.6,0.6,Normal
I2026001643,O202600964,2026-03-27,C0057,99,"Kraft Original Cheddar Cheese Slices, 200g",Cheese,Cheese,1,1.75,1.75,Normal
I2026001644,O202600964,2026-03-27,C0057,290,Choco Lake Choco Biscuits 650G,Chocolate,Soft Drinks,3,3,9,Normal
I2026001645,O202600964,2026-03-27,C0057,26,Burger,frozen food,Burger,1,3.1,3.1,Normal
I2026001646,O202600965,2026-03-27,C0056,283,"Galaxy Minstrels Chocolate, 42g",Chocolate,Chocolate,1,1.09,1.09,Normal
I2026001647,O202600965,2026-03-27,C0056,1,Frozen pizza,frozen food,Frozen pizza,1,2.49,2.49,Normal
I2026001648,O202600965,2026-03-27,C0056,213,"Crush Orange Soft Drink Pet Bottle, 1L",Soft Drinks,Juices,3,0.33,0.99,Normal
I2026001649,O202600965,2026-03-27,C0056,161,"NewLand Mayonnaise, 300ml",Cooking & Baking,Sauce,3,2,6,Normal
I2026001650,O202600965,2026-03-27,C0056,298,"Mr.Chips Salt & Vinegar Potato Chips, 68g",Chips,Chips,2,0.6,1.2,Normal
I2026001651,O202600965,2026-03-27,C0056,265,"Snickers Chocolate Bar Filled with Caramel & Peanuts, 40g",Chocolate,Soft Drinks,2,0.6,1.2,Normal
I2026001652,O202600966,2026-03-28,C0139,282,"Storck Toffifee Hazelnut In Caramel Candy, 125g",Chocolate,Chocolate,1,2.15,2.15,Normal
I2026001653,O202600966,2026-03-28,C0139,304,"Lay's Salt & Vinegar Chips, 110g",Chips,Chips,1,1,1,Normal
I2026001654,O202600966,2026-03-28,C0139,212,"Crush Cola Soft Drink Pet Bottle, 1L",Soft Drinks,Soft Drinks,2,0.33,0.66,Normal
I2026001655,O202600967,2026-03-28,C0011,296,"Mr.Chips Waves Honey Mustard Chips, 50g",Chips,Chips,1,0.65,0.65,Normal
I2026001656,O202600967,2026-03-28,C0011,275,"Kinder Joy Chocolate Egg for Boys Assorted, 20g",Chocolate,Soft Drinks,1,0.7,0.7,Normal
I2026001657,O202600967,2026-03-28,C0011,281,"Raffaello Premium Coconut & Almond Pralines, 30g",Chocolate,Chocolate,3,0.9,2.7,Normal
I2026001658,O202600967,2026-03-28,C0011,335,"Bifa Keks Cocoa Oval Banana Sauce Cake, 45g",Cakes and Rolls,Bakery,1,0.25,0.25,Normal
I2026001659,O202600968,2026-03-28,C0128,69,"Nadec Long Life Full Fat UHT Milk, 4x1L",Long Life Milk,Eggs,3,3.35,10.05,Normal
I2026001660,O202600968,2026-03-28,C0128,86,"Pascual Vive Soy High Calcium Soy Drink, 1L",Milk Alternatives,Dairy,1,3.5,3.5,Normal
I2026001661,O202600969,2026-03-28,C0150,61,"Almarai Natural Unsalted Butter, 100g",butter,Eggs,1,0.99,0.99,Normal
I2026001662,O202600969,2026-03-28,C0150,285,"Nutella B-Ready Chocolate Wafer Bar (6 Bars), 132g",Chocolate,Soft Drinks,1,2.25,2.25,Normal
I2026001663,O202600970,2026-03-28,C0145,290,Choco Lake Choco Biscuits 650G,Chocolate,Chocolate,1,3,3,Normal
I2026001664,O202600970,2026-03-28,C0145,313,"Mr.Chips Crocodile Cheese & Pizza Flavor Snack, 58g",Chips,Chips,2,0.25,0.5,Normal
I2026001665,O202600970,2026-03-28,C0145,286,Mythic Sensation Mini Milk Chocolate 30 g,Chocolate,Soft Drinks,2,0.55,1.1,Normal
I2026001666,O202600970,2026-03-28,C0145,328,"Americana Orange Pound Cake, 300g",Cakes and Rolls,Bakery,1,1.9,1.9,Normal
I2026001667,O202600971,2026-03-28,C0046,328,"Americana Orange Pound Cake, 300g",Cakes and Rolls,Bakery,1,1.9,1.9,Normal
I2026001668,O202600972,2026-03-28,C0095,274,"Nestle Kitkat Hazelnut 4 Fingers Chocolate, 41.5g",Chocolate,Chocolate,1,0.8,0.8,Normal
I2026001669,O202600972,2026-03-28,C0095,289,"Choco Lake Diamond Twist Kunafa with Peanut Butter Filling, 450g",Chocolate,Dairy,1,4.99,4.99,Normal
I2026001670,O202600972,2026-03-28,C0095,265,"Snickers Chocolate Bar Filled with Caramel & Peanuts, 40g",Chocolate,Soft Drinks,2,0.6,1.2,Normal
I2026001671,O202600973,2026-03-28,C0119,278,"Ozmo Fun Shape Milk Chocolate Lollipop, 23g",Chocolate,Chocolate,1,0.6,0.6,Normal
I2026001672,O202600973,2026-03-28,C0119,286,Mythic Sensation Mini Milk Chocolate 30 g,Chocolate,Soft Drinks,1,0.55,0.55,Normal
I2026001673,O202600974,2026-03-28,C0145,278,"Ozmo Fun Shape Milk Chocolate Lollipop, 23g",Chocolate,Dairy,1,0.6,0.6,Normal
I2026001674,O202600975,2026-03-28,C0036,304,"Lay's Salt & Vinegar Chips, 110g",Chips,Chips,1,1,1,Normal
I2026001675,O202600975,2026-03-28,C0036,277,"Ozmo Milk Chocolate Egg Shapes, 20g",Chocolate,Soft Drinks,2,0.75,1.5,Normal
I2026001676,O202600975,2026-03-28,C0036,278,"Ozmo Fun Shape Milk Chocolate Lollipop, 23g",Chocolate,Chocolate,1,0.6,0.6,Normal
I2026001677,O202600976,2026-03-28,C0042,302,"Mr.Chips Cheese Pop Corn, 58g",Chips,Chips,1,0.65,0.65,Normal
I2026001678,O202600977,2026-03-28,C0002,197,Al-Bayrouti Chick Peas 3x400g,Canned Fruit,Fruit And Veg,1,1.5,1.5,Normal
I2026001679,O202600978,2026-03-29,C0023,90,"Almarai Greek Style Full Fat Blueberry Yoghurt, 150g",Yoghurts,Dairy,1,0.9,0.9,Normal
I2026001680,O202600979,2026-03-29,C0132,206,"G Pink Lemonade Flavored Soda, 300ml",Soft Drinks,Soft Drinks,2,0.55,1.1,Normal
I2026001681,O202600980,2026-03-29,C0092,312,"Pringles Sour Cream & Onion Chips Can, 165g",Chips,Chips,1,1.7,1.7,Normal
I2026001682,O202600981,2026-03-29,C0005,104,"Pasta Zara Conchiglie No.54, 500g",pasta,Pasta,1,1.31,1.31,Normal
I2026001683,O202600981,2026-03-29,C0005,293,"Smart Chips Crunchy Rings Pizza Flavor, 80g",Chips,Frozen pizza,1,1,1,Normal
I2026001684,O202600981,2026-03-29,C0005,258,"Almarai Mixed Berry Juice, 1.4L",Juices,Juices,4,2,8,Normal
I2026001685,O202600981,2026-03-29,C0005,155,"Kikkoman Soy Sauce, 591ml",Cooking & Baking,Sauce,1,3.55,3.55,Normal
I2026001686,O202600981,2026-03-29,C0005,51,"Hammoudeh Lactose Free Full Fat UHT Milk, 1L",milk,Dairy,1,1.5,1.5,Normal
I2026001687,O202600981,2026-03-29,C0005,208,"G Cherry Pop Sugar Free Flavored Soda, 300ml",Soft Drinks,Soft Drinks,3,0.55,1.65,Normal
I2026001688,O202600982,2026-03-29,C0049,308,"Doritos Nacho Cheese Tortilla Chips, 120g",Chips,Chips,1,1,1,Normal
I2026001689,O202600982,2026-03-29,C0049,228,"Mr. Brown Chocolate Flavor Iced Coffee, 240ml",Specialty Drinks,Soft Drinks,2,0.95,1.9,Normal
I2026001690,O202600983,2026-03-29,C0084,337,"Alyoum Burger Buns, 6 Pieces",Burger Buns,Bakery,2,0.55,1.1,Normal
I2026001691,O202600984,2026-03-29,C0134,237,"Freez Blue Hawaii Tropical Fruits Flavored Carbonated Drink, 275ml",Specialty Drinks,Fruit And Veg,1,1,1,Normal
I2026001692,O202600985,2026-03-29,C0044,137,"Ard Jdadna Powder Garlic, 200g",Cooking & Baking,Sauce,1,1.9,1.9,Normal
I2026001693,O202600985,2026-03-29,C0044,1,Frozen pizza,frozen food,Frozen pizza,1,2.49,2.49,Normal
I2026001694,O202600985,2026-03-29,C0044,105,"Al-Ghazal Pasta Bucatini 1, 300g",pasta,Pasta,1,0.49,0.49,Normal
I2026001695,O202600985,2026-03-29,C0044,215,"Jordina Joy Orange, 1L",Soft Drinks,Juices,1,0.6,0.6,Normal
I2026001696,O202600986,2026-03-30,C0056,78,"Nadec Full Fat Fresh Milk, 6x125ml",Long Life Milk,Dairy,2,1.13,2.26,Normal
I2026001697,O202600987,2026-03-30,C0071,66,"Almarai Cooking Cream, 500ml",cream,Dairy,1,2.65,2.65,Normal
I2026001698,O202600987,2026-03-30,C0071,267,"Kinder Bueno Milk Chocolate Bar in Wafer with Hazelnut Cream, 43g",Chocolate,Soft Drinks,3,0.75,2.25,Normal
I2026001699,O202600988,2026-03-30,C0123,179,"California Garden Whole Kernal Sweet Corn, 400g",Canned Vegetables,Fruit And Veg,1,1.05,1.05,Normal
I2026001700,O202600988,2026-03-30,C0123,322,"Eti Aditco Chocolate Cake, 36g",Cakes and Rolls,Bakery,1,0.39,0.39,Normal
I2026001701,O202600989,2026-03-30,C0041,319,"Spuds Sweet & Chilli Salsa Craft Cooked Chips, 65g",Chips,Chips,1,0.75,0.75,Normal
I2026001702,O202600989,2026-03-30,C0041,204,"Jordina Joy Cola, 1L",Soft Drinks,Soft Drinks,4,0.6,2.4,Normal
I2026001703,O202600989,2026-03-30,C0041,74,Koita Organic Chocolate Milk Uht 200 ml,Long Life Milk,Chocolate,1,1.65,1.65,Normal
I2026001704,O202600990,2026-03-30,C0011,329,"Americana Chocolate Pound Cake, 300g",Cakes and Rolls,Bakery,1,1.9,1.9,Normal
I2026001705,O202600991,2026-03-30,C0011,290,Choco Lake Choco Biscuits 650G,Chocolate,Chocolate,1,3,3,Normal
I2026001706,O202600991,2026-03-30,C0011,1,Frozen pizza,frozen food,Frozen pizza,1,2.49,2.49,Normal
I2026001707,O202600991,2026-03-30,C0011,261,"KDD Mango Nectar, 1L",Juices,Juices,2,1.33,2.66,Normal
I2026001708,O202600992,2026-03-30,C0122,298,"Mr.Chips Salt & Vinegar Potato Chips, 68g",Chips,Chips,3,0.6,1.8,Normal
I2026001709,O202600993,2026-03-31,C0014,19,Fruit And Veg,frozen food,Fruit And Veg,1,0.85,0.85,Normal
I2026001710,O202600993,2026-03-31,C0014,334,"Bifa Keks Roll Black and White Cake, 50g",Cakes and Rolls,Bakery,1,0.25,0.25,Normal
I2026001711,O202600994,2026-03-31,C0111,152,"Benina Garlic Chili Sauce, 280g",Cooking & Baking,Sauce,1,1.49,1.49,Normal
I2026001712,O202600994,2026-03-31,C0111,293,"Smart Chips Crunchy Rings Pizza Flavor, 80g",Chips,Frozen pizza,1,1,1,Normal
I2026001713,O202600994,2026-03-31,C0111,259,"Almarai Mango Juice, 1L",Juices,Juices,2,1.25,2.5,Normal
I2026001714,O202600995,2026-03-31,C0064,294,"Mr.Chips Waves Smoky Bbq Chips, 50g",Chips,Chips,1,0.65,0.65,Normal
I2026001715,O202600995,2026-03-31,C0064,82,"Koita UHT Coconut Milk - No Added Sugar, 1L",Milk Alternatives,Dairy,1,3.7,3.7,Normal
I2026001716,O202600995,2026-03-31,C0064,288,"Galaxy Jewels Assorted Chocolate Box, 650g",Chocolate,Soft Drinks,1,17.3,17.3,Normal
I2026001717,O202600995,2026-03-31,C0064,270,"Galaxy Caramel Chocolate Bar, 34g",Chocolate,Chocolate,1,0.77,0.77,Normal
I2026001718,O202600996,2026-03-31,C0028,184,"American Garden Strawberry Topping & Filling, No Artificial Flavors, 595g",Canned Fruit,Fruit And Veg,1,4.75,4.75,Normal
I2026001719,O202600997,2026-03-31,C0086,152,"Benina Garlic Chili Sauce, 280g",Cooking & Baking,Sauce,1,1.49,1.49,Normal
I2026001720,O202600997,2026-03-31,C0086,5,Frozen fries,frozen food,Frozen fries,3,2.5,7.5,Normal
I2026001721,O202600997,2026-03-31,C0086,211,"TT Peach ice Tea, 330ml",Soft Drinks,Soft Drinks,3,0.25,0.75,Normal
I2026001722,O202600998,2026-03-31,C0115,287,"Milka Choco Wafer, (5 Pieces), 150g",Chocolate,Chocolate,1,2.31,2.31,Normal
I2026001723,O202600998,2026-03-31,C0115,317,"Spuds Sour Cream & Onion Craft Cooked Chips, 65g",Chips,Chips,1,0.75,0.75,Normal
I2026001724,O202600998,2026-03-31,C0115,336,"Barni Chocolate Cake, 30g",Cakes and Rolls,Soft Drinks,2,0.4,0.8,Normal
I2026001725,O202600999,2026-03-31,C0086,308,"Doritos Nacho Cheese Tortilla Chips, 120g",Chips,Chips,1,1,1,Normal
I2026001726,O202601000,2026-03-31,C0008,321,"Molto XL Croissant Chocolate With Hazelnut, 42.5g",Cakes and Rolls,Soft Drinks,2,0.25,0.5,Normal
I2026001727,O202601001,2026-03-31,C0067,90,"Almarai Greek Style Full Fat Blueberry Yoghurt, 150g",Yoghurts,Dairy,1,0.9,0.9,Normal
I2026001728,O202601002,2026-03-31,C0054,314,"Mr.Chips Pizza Flavor Corn Chips, 58g",Chips,Chips,1,0.25,0.25,Normal
I2026001729,O202601002,2026-03-31,C0054,330,"L'usine Cupcakes Filled with Chocolate Cream, 18x30g",Cakes and Rolls,Soft Drinks,4,1.8,7.2,Normal
I2026001730,O202601002,2026-03-31,C0054,279,"Ozmo Hoppo Biscuit Filled with Chocolate Cream, 40g",Chocolate,Chocolate,1,0.6,0.6,Normal
I2026001731,O202601003,2026-04-01,C0141,7,Frozen fries,frozen food,Frozen fries,1,1.85,1.85,Normal
I2026001732,O202601003,2026-04-01,C0141,67,"Five Cows Thick Cream, 4x125ml",cream,Eggs,1,1.75,1.75,Normal
I2026001733,O202601003,2026-04-01,C0141,389,SWYOUN 48PCS Eid Al Adha Cupcake Topper Party Decorations,Eid al-Adha,Bakery,1,0.75,0.75,Normal
I2026001734,O202601004,2026-04-01,C0117,276,Said Junior Cup 50 g,Chocolate,Chocolate,1,0.75,0.75,Normal
I2026001735,O202601004,2026-04-01,C0117,260,"Almarai Mixed Fruit Juice, 200ml",Juices,Fruit And Veg,1,0.3,0.3,Normal
I2026001736,O202601004,2026-04-01,C0117,69,"Nadec Long Life Full Fat UHT Milk, 4x1L",Long Life Milk,Eggs,2,3.35,6.7,Normal
I2026001737,O202601004,2026-04-01,C0117,298,"Mr.Chips Salt & Vinegar Potato Chips, 68g",Chips,Chips,1,0.6,0.6,Normal
I2026001738,O202601004,2026-04-01,C0117,211,"TT Peach ice Tea, 330ml",Soft Drinks,Soft Drinks,1,0.25,0.25,Normal
I2026001739,O202601005,2026-04-01,C0002,324,"Eti Adicto Gold Mini Chocolate Brown Cake, 180g",Cakes and Rolls,Chocolate,1,1.7,1.7,Normal
I2026001740,O202601005,2026-04-01,C0002,123,"Foster Clark's Bicarbonate of Soda, 150g",Cooking & Baking,Soft Drinks,1,0.9,0.9,Normal
I2026001741,O202601006,2026-04-01,C0006,279,"Ozmo Hoppo Biscuit Filled with Chocolate Cream, 40g",Chocolate,Soft Drinks,1,0.6,0.6,Normal
I2026001742,O202601007,2026-04-01,C0029,5,Frozen fries,frozen food,Frozen fries,1,2.5,2.5,Normal
I2026001743,O202601008,2026-04-01,C0127,324,"Eti Adicto Gold Mini Chocolate Brown Cake, 180g",Cakes and Rolls,Chocolate,1,1.7,1.7,Normal
I2026001744,O202601008,2026-04-01,C0127,266,"Bounty Coconut Milk Chocolate Bar, 50g",Chocolate,Soft Drinks,3,0.65,1.95,Normal
I2026001745,O202601008,2026-04-01,C0127,323,"Eti PopkekÂ Cocoa Cake, 35g",Cakes and Rolls,Bakery,1,0.3,0.3,Normal
I2026001746,O202601009,2026-04-01,C0099,292,"Smart Chips Ketchup Flavor Stix, 75g",Chips,Chips,1,1.28,1.28,Normal
I2026001747,O202601010,2026-04-01,C0066,179,"California Garden Whole Kernal Sweet Corn, 400g",Canned Vegetables,Fruit And Veg,1,1.05,1.05,Normal
I2026001748,O202601011,2026-04-01,C0051,315,"Mr.Chips Disco Cheddar Cheese Flavor Snack, 58g",Chips,Chips,1,0.25,0.25,Normal
I2026001749,O202601011,2026-04-01,C0051,267,"Kinder Bueno Milk Chocolate Bar in Wafer with Hazelnut Cream, 43g",Chocolate,Soft Drinks,2,0.75,1.5,Normal
I2026001750,O202601011,2026-04-01,C0051,284,"Kinder Happy Hippo Biscuits with Double Cream Filling, 103.5g",Chocolate,Chocolate,1,1.95,1.95,Normal
I2026001751,O202601012,2026-04-01,C0113,321,"Molto XL Croissant Chocolate With Hazelnut, 42.5g",Cakes and Rolls,Chocolate,1,0.25,0.25,Normal
I2026001752,O202601013,2026-04-02,C0033,324,"Eti Adicto Gold Mini Chocolate Brown Cake, 180g",Cakes and Rolls,Bakery,1,1.7,1.7,Normal
I2026001753,O202601014,2026-04-02,C0079,291,"Mr.Chips Bugles Cheese Flavor Corn Snacks, 33g",Chips,Canned Vegetables,1,0.3,0.3,Normal
I2026001754,O202601014,2026-04-02,C0079,107,"Barakah Al Sanabel Chiffari Lisci, 450g",pasta,Pasta,1,0.35,0.35,Normal
I2026001755,O202601015,2026-04-02,C0081,300,"Mr.Chips Chilli Potato Chips, 68g",Chips,Chips,3,0.6,1.8,Normal
I2026001756,O202601015,2026-04-02,C0081,217,"Kinza Blackcurrant Carbonated Drink Can, 250ml",Soft Drinks,Soft Drinks,2,0.25,0.5,Normal
I2026001757,O202601015,2026-04-02,C0081,272,"Galaxy Crispy Chocolate Bar,Â 30g",Chocolate,Chocolate,2,0.77,1.54,Normal
I2026001758,O202601016,2026-04-02,C0097,325,"Eti Pop Kek Mini Cake with Dark Chocolate, 144g",Cakes and Rolls,Soft Drinks,1,1.6,1.6,Normal
I2026001759,O202601016,2026-04-02,C0097,336,"Barni Chocolate Cake, 30g",Cakes and Rolls,Bakery,1,0.4,0.4,Normal
I2026001760,O202601017,2026-04-02,C0118,303,"Cheetos Crunchy Flaming Hot Chips, 115g",Chips,Chips,1,1,1,Normal
I2026001761,O202601017,2026-04-02,C0118,270,"Galaxy Caramel Chocolate Bar, 34g",Chocolate,Chocolate,1,0.77,0.77,Normal
I2026001762,O202601017,2026-04-02,C0118,201,"Kinza Soda Water Can, 250ml",water,Soft Drinks,2,0.36,0.72,Normal
I2026001763,O202601018,2026-04-02,C0057,279,"Ozmo Hoppo Biscuit Filled with Chocolate Cream, 40g",Chocolate,Soft Drinks,4,0.6,2.4,Normal
I2026001764,O202601019,2026-04-02,C0027,325,"Eti Pop Kek Mini Cake with Dark Chocolate, 144g",Cakes and Rolls,Chocolate,1,1.6,1.6,Normal
I2026001765,O202601019,2026-04-02,C0027,318,"Spuds Prime Ribs Craft Cooked Chips, 65g",Chips,Chips,1,0.75,0.75,Normal
I2026001766,O202601020,2026-04-02,C0131,268,"Kinder Chocolate Milk Chocolate Bars With Milky Filling (4 Bars), 50g",Chocolate,Dairy,2,0.6,1.2,Normal
I2026001767,O202601021,2026-04-03,C0025,280,"Ferrero Rocher Fine Crunchy Hazelnuts Dipped in Smooth Milk Chocolate, (3 Pieces), 37.5g",Chocolate,Chocolate,1,1,1,Normal
I2026001768,O202601022,2026-04-03,C0042,108,"Afia Pure Corn Oil, 1.5L",oil,Oil,1,3.99,3.99,Normal
I2026001769,O202601022,2026-04-03,C0042,179,"California Garden Whole Kernal Sweet Corn, 400g",Canned Vegetables,Fruit And Veg,1,1.05,1.05,Normal
I2026001770,O202601022,2026-04-03,C0042,101,Mandi Basmati Rice 4 kg,rice,Rice,1,4.97,4.97,Normal
I2026001771,O202601022,2026-04-03,C0042,142,"Aroma Garden Organic Meat Spices, 120g",Cooking & Baking,Spices & Seasonings,1,2.09,2.09,Normal
I2026001772,O202601023,2026-04-03,C0006,280,"Ferrero Rocher Fine Crunchy Hazelnuts Dipped in Smooth Milk Chocolate, (3 Pieces), 37.5g",Chocolate,Chocolate,1,1,1,Normal
I2026001773,O202601023,2026-04-03,C0006,298,"Mr.Chips Salt & Vinegar Potato Chips, 68g",Chips,Chips,1,0.6,0.6,Normal
I2026001774,O202601024,2026-04-03,C0032,184,"American Garden Strawberry Topping & Filling, No Artificial Flavors, 595g",Canned Fruit,Fruit And Veg,1,4.75,4.75,Normal
I2026001775,O202601024,2026-04-03,C0032,313,"Mr.Chips Crocodile Cheese & Pizza Flavor Snack, 58g",Chips,Chips,1,0.25,0.25,Normal
I2026001776,O202601025,2026-04-03,C0046,337,"Alyoum Burger Buns, 6 Pieces",Burger Buns,Burger Buns,2,0.55,1.1,Normal
I2026001777,O202601025,2026-04-03,C0046,98,"Nadec Burger Cheese (10 Slices), 200g",Cheese,Cheese,1,1.57,1.57,Normal
I2026001778,O202601025,2026-04-03,C0046,97,"Almarai Full Fat Processed Cheddar Burger Cheese (10 Slices), 200g",Cheese,Burger,1,1.4,1.4,Normal
I2026001779,O202601025,2026-04-03,C0046,160,NewLand Tomato Ketchup 567 g,Cooking & Baking,Sauce,1,2.09,2.09,Normal
I2026001780,O202601025,2026-04-03,C0046,336,"Barni Chocolate Cake, 30g",Cakes and Rolls,Soft Drinks,2,0.4,0.8,Normal
I2026001781,O202601026,2026-04-04,C0139,163,"NewLand Dynamite Sauce, 300ml",Cooking & Baking,Sauce,1,2.13,2.13,Normal
I2026001782,O202601026,2026-04-04,C0139,7,Frozen fries,frozen food,Frozen fries,2,1.85,3.7,Normal
I2026001783,O202601026,2026-04-04,C0139,285,"Nutella B-Ready Chocolate Wafer Bar (6 Bars), 132g",Chocolate,Soft Drinks,3,2.25,6.75,Normal
I2026001784,O202601027,2026-04-04,C0108,201,"Kinza Soda Water Can, 250ml",water,Soft Drinks,4,0.36,1.44,Normal
I2026001785,O202601028,2026-04-04,C0110,291,"Mr.Chips Bugles Cheese Flavor Corn Snacks, 33g",Chips,Cheese,1,0.3,0.3,Normal
I2026001786,O202601028,2026-04-04,C0110,338,"Alyoum Burger Buns with Sesame Seeds, 6 Pieces",Burger Buns,Burger Buns,3,0.55,1.65,Normal
I2026001787,O202601028,2026-04-04,C0110,284,"Kinder Happy Hippo Biscuits with Double Cream Filling, 103.5g",Chocolate,Soft Drinks,1,1.95,1.95,Normal
I2026001788,O202601028,2026-04-04,C0110,98,"Nadec Burger Cheese (10 Slices), 200g",Cheese,Burger,1,1.57,1.57,Normal
I2026001789,O202601029,2026-04-04,C0066,74,Koita Organic Chocolate Milk Uht 200 ml,Long Life Milk,Chocolate,1,1.65,1.65,Normal
I2026001790,O202601030,2026-04-04,C0003,161,"NewLand Mayonnaise, 300ml",Cooking & Baking,Sauce,2,2,4,Normal
I2026001791,O202601030,2026-04-04,C0003,5,Frozen fries,frozen food,Frozen fries,1,2.5,2.5,Normal
I2026001792,O202601030,2026-04-04,C0003,215,"Jordina Joy Orange, 1L",Soft Drinks,Soft Drinks,2,0.6,1.2,Normal
I2026001793,O202601031,2026-04-04,C0143,201,"Kinza Soda Water Can, 250ml",water,Soft Drinks,3,0.36,1.08,Normal
I2026001794,O202601032,2026-04-04,C0066,276,Said Junior Cup 50 g,Chocolate,Chocolate,1,0.75,0.75,Normal
I2026001795,O202601032,2026-04-04,C0066,287,"Milka Choco Wafer, (5 Pieces), 150g",Chocolate,Soft Drinks,3,2.31,6.93,Normal
I2026001796,O202601033,2026-04-04,C0084,291,"Mr.Chips Bugles Cheese Flavor Corn Snacks, 33g",Chips,Chips,1,0.3,0.3,Normal
I2026001797,O202601033,2026-04-04,C0084,330,"L'usine Cupcakes Filled with Chocolate Cream, 18x30g",Cakes and Rolls,Soft Drinks,1,1.8,1.8,Normal
I2026001798,O202601034,2026-04-04,C0068,325,"Eti Pop Kek Mini Cake with Dark Chocolate, 144g",Cakes and Rolls,Bakery,1,1.6,1.6,Normal
I2026001799,O202601035,2026-04-04,C0056,291,"Mr.Chips Bugles Cheese Flavor Corn Snacks, 33g",Chips,Cheese,1,0.3,0.3,Normal
I2026001800,O202601035,2026-04-04,C0056,338,"Alyoum Burger Buns with Sesame Seeds, 6 Pieces",Burger Buns,Burger Buns,2,0.55,1.1,Normal
I2026001801,O202601035,2026-04-04,C0056,266,"Bounty Coconut Milk Chocolate Bar, 50g",Chocolate,Soft Drinks,4,0.65,2.6,Normal
I2026001802,O202601036,2026-04-04,C0078,106,Barilla Rigatoni 500 g,pasta,Pasta,1,1.68,1.68,Normal
I2026001803,O202601036,2026-04-04,C0078,338,"Alyoum Burger Buns with Sesame Seeds, 6 Pieces",Burger Buns,Burger Buns,3,0.55,1.65,Normal
I2026001804,O202601036,2026-04-04,C0078,179,"California Garden Whole Kernal Sweet Corn, 400g",Canned Vegetables,Canned Vegetables,1,1.05,1.05,Normal
I2026001805,O202601036,2026-04-04,C0078,299,"Mr.Chips Cheese Potato Chips, 68g",Chips,Cheese,1,0.6,0.6,Normal
I2026001806,O202601036,2026-04-04,C0078,162,"NewLand Special Sauce For Burgers & Fries, 300g",Cooking & Baking,Burger,1,2,2,Normal
I2026001807,O202601036,2026-04-04,C0078,163,"NewLand Dynamite Sauce, 300ml",Cooking & Baking,Sauce,1,2.13,2.13,Normal
I2026001808,O202601036,2026-04-04,C0078,204,"Jordina Joy Cola, 1L",Soft Drinks,Soft Drinks,2,0.6,1.2,Normal
I2026001809,O202601037,2026-04-04,C0104,271,"Galaxy Hazelnut Chocolate Bar, 30g",Chocolate,Chocolate,1,0.77,0.77,Normal
I2026001810,O202601037,2026-04-04,C0104,5,Frozen fries,frozen food,Frozen fries,1,2.5,2.5,Normal
I2026001811,O202601038,2026-04-04,C0028,265,"Snickers Chocolate Bar Filled with Caramel & Peanuts, 40g",Chocolate,Soft Drinks,2,0.6,1.2,Normal
I2026001812,O202601039,2026-04-05,C0024,270,"Galaxy Caramel Chocolate Bar, 34g",Chocolate,Soft Drinks,3,0.77,2.31,Normal
I2026001813,O202601040,2026-04-05,C0068,6,Frozen fries,frozen food,Frozen fries,1,3,3,Normal
I2026001814,O202601040,2026-04-05,C0068,106,Barilla Rigatoni 500 g,pasta,Pasta,1,1.68,1.68,Normal
I2026001815,O202601041,2026-04-05,C0086,153,"Benina Soy Sauce Mild, 150g",Cooking & Baking,Sauce,1,1.05,1.05,Normal
I2026001816,O202601041,2026-04-05,C0086,162,"NewLand Special Sauce For Burgers & Fries, 300g",Cooking & Baking,Frozen fries,1,2,2,Normal
I2026001817,O202601041,2026-04-05,C0086,287,"Milka Choco Wafer, (5 Pieces), 150g",Chocolate,Soft Drinks,2,2.31,4.62,Normal
I2026001818,O202601042,2026-04-05,C0107,285,"Nutella B-Ready Chocolate Wafer Bar (6 Bars), 132g",Chocolate,Chocolate,1,2.25,2.25,Normal
I2026001819,O202601042,2026-04-05,C0107,298,"Mr.Chips Salt & Vinegar Potato Chips, 68g",Chips,Chips,1,0.6,0.6,Normal
I2026001820,O202601042,2026-04-05,C0107,215,"Jordina Joy Orange, 1L",Soft Drinks,Soft Drinks,2,0.6,1.2,Normal
I2026001821,O202601042,2026-04-05,C0107,389,SWYOUN 48PCS Eid Al Adha Cupcake Topper Party Decorations,Eid al-Adha,Bakery,1,0.75,0.75,Normal
I2026001822,O202601043,2026-04-05,C0086,273,"Galaxy Dark Truffle Dark Chocolate Bar, 33g",Chocolate,Chocolate,1,0.77,0.77,Normal
I2026001823,O202601043,2026-04-05,C0086,277,"Ozmo Milk Chocolate Egg Shapes, 20g",Chocolate,Eggs,4,0.75,3,Normal
I2026001824,O202601043,2026-04-05,C0086,296,"Mr.Chips Waves Honey Mustard Chips, 50g",Chips,Chips,1,0.65,0.65,Normal
I2026001825,O202601044,2026-04-05,C0093,159,NewLand Hickory Smoked Barbecue Sauce 510 g,Cooking & Baking,Sauce,3,2.75,8.25,Normal
I2026001826,O202601044,2026-04-05,C0093,162,"NewLand Special Sauce For Burgers & Fries, 300g",Cooking & Baking,Frozen fries,3,2,6,Normal
I2026001827,O202601044,2026-04-05,C0093,284,"Kinder Happy Hippo Biscuits with Double Cream Filling, 103.5g",Chocolate,Soft Drinks,2,1.95,3.9,Normal
I2026001828,O202601044,2026-04-05,C0093,202,Crystal Ice Cubes 2 kg,water,Water,2,0.99,1.98,Normal
I2026001829,O202601045,2026-04-05,C0057,330,"L'usine Cupcakes Filled with Chocolate Cream, 18x30g",Cakes and Rolls,Chocolate,1,1.8,1.8,Normal
I2026001830,O202601045,2026-04-05,C0057,272,"Galaxy Crispy Chocolate Bar,Â 30g",Chocolate,Soft Drinks,2,0.77,1.54,Normal
I2026001831,O202601046,2026-04-05,C0143,276,Said Junior Cup 50 g,Chocolate,Soft Drinks,2,0.75,1.5,Normal
I2026001832,O202601047,2026-04-05,C0138,136,"Ard Jdadna Powder Garlic, 200g",Cooking & Baking,Sauce,3,2.2,6.6,Normal
I2026001833,O202601047,2026-04-05,C0138,293,"Smart Chips Crunchy Rings Pizza Flavor, 80g",Chips,Frozen pizza,1,1,1,Normal
I2026001834,O202601048,2026-04-05,C0102,312,"Pringles Sour Cream & Onion Chips Can, 165g",Chips,Dairy,1,1.7,1.7,Normal
I2026001835,O202601048,2026-04-05,C0102,209,"Super Sour Green Apple Carbonated Drink, 250ml",Soft Drinks,Soft Drinks,3,0.35,1.05,Normal
I2026001836,O202601049,2026-04-05,C0030,291,"Mr.Chips Bugles Cheese Flavor Corn Snacks, 33g",Chips,Chips,1,0.3,0.3,Normal
I2026001837,O202601049,2026-04-05,C0030,162,"NewLand Special Sauce For Burgers & Fries, 300g",Cooking & Baking,Frozen fries,1,2,2,Normal
I2026001838,O202601049,2026-04-05,C0030,287,"Milka Choco Wafer, (5 Pieces), 150g",Chocolate,Soft Drinks,1,2.31,2.31,Normal
I2026001839,O202601049,2026-04-05,C0030,285,"Nutella B-Ready Chocolate Wafer Bar (6 Bars), 132g",Chocolate,Chocolate,1,2.25,2.25,Normal
I2026001840,O202601050,2026-04-05,C0122,314,"Mr.Chips Pizza Flavor Corn Chips, 58g",Chips,Chips,1,0.25,0.25,Normal
I2026001841,O202601050,2026-04-05,C0122,267,"Kinder Bueno Milk Chocolate Bar in Wafer with Hazelnut Cream, 43g",Chocolate,Dairy,2,0.75,1.5,Normal
I2026001842,O202601051,2026-04-05,C0069,103,"Abu Kass Basmati Rice, 4kg",rice,Rice,1,5.49,5.49,Normal
I2026001843,O202601051,2026-04-05,C0069,257,"Almarai Mixed Fruit Juice, 1.4L",Juices,Fruit And Veg,1,2,2,Normal
I2026001844,O202601051,2026-04-05,C0069,293,"Smart Chips Crunchy Rings Pizza Flavor, 80g",Chips,Frozen pizza,1,1,1,Normal
I2026001845,O202601051,2026-04-05,C0069,141,"Aroma Garden Chicken Spices, 100g",Cooking & Baking,Spices & Seasonings,3,2.09,6.27,Normal
I2026001846,O202601051,2026-04-05,C0069,131,Blue Mill Garlic Powder 200 g,Cooking & Baking,Sauce,1,2.89,2.89,Normal
I2026001847,O202601052,2026-04-06,C0043,293,"Smart Chips Crunchy Rings Pizza Flavor, 80g",Chips,Chips,1,1,1,Normal
I2026001848,O202601052,2026-04-06,C0043,274,"Nestle Kitkat Hazelnut 4 Fingers Chocolate, 41.5g",Chocolate,Soft Drinks,1,0.8,0.8,Normal
I2026001849,O202601052,2026-04-06,C0043,329,"Americana Chocolate Pound Cake, 300g",Cakes and Rolls,Chocolate,1,1.9,1.9,Normal
I2026001850,O202601053,2026-04-06,C0121,300,"Mr.Chips Chilli Potato Chips, 68g",Chips,Chips,1,0.6,0.6,Normal
I2026001851,O202601054,2026-04-06,C0087,288,"Galaxy Jewels Assorted Chocolate Box, 650g",Chocolate,Chocolate,1,17.3,17.3,Normal
I2026001852,O202601054,2026-04-06,C0087,311,"Pringles Salt & Vinegar Chips Can, 165g",Chips,Chips,1,1.7,1.7,Normal
I2026001853,O202601055,2026-04-06,C0091,68,"Al Safi UHT Full Fat Milk, 4x1L",Long Life Milk,Eggs,3,3.85,11.55,Normal
I2026001854,O202601055,2026-04-06,C0091,211,"TT Peach ice Tea, 330ml",Soft Drinks,Soft Drinks,2,0.25,0.5,Normal
I2026001855,O202601055,2026-04-06,C0091,328,"Americana Orange Pound Cake, 300g",Cakes and Rolls,Bakery,1,1.9,1.9,Normal
I2026001856,O202601056,2026-04-06,C0085,1,Frozen pizza,frozen food,Frozen pizza,1,2.49,2.49,Normal
I2026001857,O202601057,2026-04-06,C0071,283,"Galaxy Minstrels Chocolate, 42g",Chocolate,Chocolate,1,1.09,1.09,Normal
I2026001858,O202601057,2026-04-06,C0071,92,"AL Safi Greek Yogurt Lemon Pie, 150g",Yoghurts,Dairy,2,0.8,1.6,Normal
I2026001859,O202601058,2026-04-07,C0122,289,"Choco Lake Diamond Twist Kunafa with Peanut Butter Filling, 450g",Chocolate,Chocolate,1,4.99,4.99,Normal
I2026001860,O202601058,2026-04-07,C0122,84,"Orasi Soy Milk Sugar Free, 1L",Milk Alternatives,Dairy,1,2.5,2.5,Normal
I2026001861,O202601058,2026-04-07,C0122,228,"Mr. Brown Chocolate Flavor Iced Coffee, 240ml",Specialty Drinks,Soft Drinks,4,0.95,3.8,Normal
I2026001862,O202601059,2026-04-07,C0033,330,"L'usine Cupcakes Filled with Chocolate Cream, 18x30g",Cakes and Rolls,Dairy,1,1.8,1.8,Normal
I2026001863,O202601059,2026-04-07,C0033,339,"Reef Diet Flax Seeds Bread, 250g",Flatbread,Bakery,1,1,1,Normal
I2026001864,O202601060,2026-04-07,C0093,166,Maxim's Sliced Tuna With Garlic And Black Pepper 120 g,Canned Seafood,Sauce,1,2.29,2.29,Normal
I2026001865,O202601060,2026-04-07,C0093,314,"Mr.Chips Pizza Flavor Corn Chips, 58g",Chips,Frozen pizza,1,0.25,0.25,Normal
I2026001866,O202601061,2026-04-07,C0140,330,"L'usine Cupcakes Filled with Chocolate Cream, 18x30g",Cakes and Rolls,Chocolate,1,1.8,1.8,Normal
I2026001867,O202601061,2026-04-07,C0140,317,"Spuds Sour Cream & Onion Craft Cooked Chips, 65g",Chips,Chips,1,0.75,0.75,Normal
I2026001868,O202601062,2026-04-07,C0071,201,"Kinza Soda Water Can, 250ml",water,Soft Drinks,3,0.36,1.08,Normal
I2026001869,O202601063,2026-04-07,C0013,216,"Matrix Fruit Carbonated Drink, 250ml",Soft Drinks,Fruit And Veg,1,0.25,0.25,Normal
I2026001870,O202601063,2026-04-07,C0013,65,"KDD Thick Cream, 4x125ml",cream,Eggs,2,1.72,3.44,Normal
I2026001871,O202601064,2026-04-07,C0090,174,"Maxims Sweet Corn, 340g",Canned Vegetables,Fruit And Veg,1,1.5,1.5,Normal
I2026001872,O202601064,2026-04-07,C0090,296,"Mr.Chips Waves Honey Mustard Chips, 50g",Chips,Chips,1,0.65,0.65,Normal
I2026001873,O202601065,2026-04-07,C0086,163,"NewLand Dynamite Sauce, 300ml",Cooking & Baking,Sauce,1,2.13,2.13,Normal
I2026001874,O202601065,2026-04-07,C0086,2,Frozen pizza,frozen food,Frozen pizza,1,3.59,3.59,Normal
I2026001875,O202601065,2026-04-07,C0086,263,"Al Rabie Orange Juice, 1L",Juices,Juices,1,1.55,1.55,Normal
I2026001876,O202601066,2026-04-08,C0096,185,NewLand Pineapple Slices In Light Syrup 565 g,Canned Fruit,Fruit And Veg,1,1.89,1.89,Normal
I2026001877,O202601066,2026-04-08,C0096,284,"Kinder Happy Hippo Biscuits with Double Cream Filling, 103.5g",Chocolate,Dairy,1,1.95,1.95,Normal
I2026001878,O202601066,2026-04-08,C0096,129,Blue Mill Paprika 200 g,Cooking & Baking,Spices & Seasonings,1,3.85,3.85,Normal
I2026001879,O202601067,2026-04-08,C0085,200,"Sama Mineral Water, 12x600ml",water,Water,2,1.43,2.86,Normal
I2026001880,O202601067,2026-04-08,C0085,33,Burger,frozen food,Burger,3,5.15,15.45,Normal
I2026001881,O202601068,2026-04-08,C0047,98,"Nadec Burger Cheese (10 Slices), 200g",Cheese,Burger,1,1.57,1.57,Normal
I2026001882,O202601069,2026-04-08,C0083,101,Mandi Basmati Rice 4 kg,rice,Rice,2,4.97,9.94,Normal
I2026001883,O202601069,2026-04-08,C0083,104,"Pasta Zara Conchiglie No.54, 500g",pasta,Pasta,1,1.31,1.31,Normal
I2026001884,O202601069,2026-04-08,C0083,179,"California Garden Whole Kernal Sweet Corn, 400g",Canned Vegetables,Fruit And Veg,1,1.05,1.05,Normal
I2026001885,O202601069,2026-04-08,C0083,111,"Filippo Berio Basil Flavoured Olive Oil, 250ml",oil,Oil,1,12.6,12.6,Normal
I2026001886,O202601069,2026-04-08,C0083,152,"Benina Garlic Chili Sauce, 280g",Cooking & Baking,Spices & Seasonings,1,1.49,1.49,Normal
I2026001887,O202601069,2026-04-08,C0083,297,"Mr.Chips Paprika Potato Chips, 68g",Chips,Chips,1,0.6,0.6,Normal
I2026001888,O202601069,2026-04-08,C0083,331,"L'usine Soft Cupcakes Filled with Strawberry Cream, 18x30g",Cakes and Rolls,Dairy,1,1.8,1.8,Normal
I2026001889,O202601070,2026-04-08,C0097,284,"Kinder Happy Hippo Biscuits with Double Cream Filling, 103.5g",Chocolate,Chocolate,1,1.95,1.95,Normal
I2026001890,O202601070,2026-04-08,C0097,4,Frozen fries,frozen food,Frozen fries,1,1.9,1.9,Normal
I2026001891,O202601070,2026-04-08,C0097,102,"Sunwhite Calrose Rice, 4kg",rice,Rice,1,4.99,4.99,Normal
I2026001892,O202601070,2026-04-08,C0097,180,Albayrouty Mushroom Slices 400 g,Canned Vegetables,Fruit And Veg,1,1.05,1.05,Normal
I2026001893,O202601070,2026-04-08,C0097,141,"Aroma Garden Chicken Spices, 100g",Cooking & Baking,Spices & Seasonings,1,2.09,2.09,Normal
I2026001894,O202601070,2026-04-08,C0097,322,"Eti Aditco Chocolate Cake, 36g",Cakes and Rolls,Bakery,1,0.39,0.39,Normal
I2026001895,O202601071,2026-04-08,C0119,336,"Barni Chocolate Cake, 30g",Cakes and Rolls,Bakery,1,0.4,0.4,Normal
I2026001896,O202601072,2026-04-08,C0145,228,"Mr. Brown Chocolate Flavor Iced Coffee, 240ml",Specialty Drinks,Chocolate,1,0.95,0.95,Normal
I2026001897,O202601072,2026-04-08,C0145,337,"Alyoum Burger Buns, 6 Pieces",Burger Buns,Burger Buns,2,0.55,1.1,Normal
I2026001898,O202601072,2026-04-08,C0145,315,"Mr.Chips Disco Cheddar Cheese Flavor Snack, 58g",Chips,Cheese,1,0.25,0.25,Normal
I2026001899,O202601072,2026-04-08,C0145,27,Burger,frozen food,Burger,2,3.8,7.6,Normal
I2026001900,O202601072,2026-04-08,C0145,162,"NewLand Special Sauce For Burgers & Fries, 300g",Cooking & Baking,Sauce,1,2,2,Normal
I2026001901,O202601072,2026-04-08,C0145,318,"Spuds Prime Ribs Craft Cooked Chips, 65g",Chips,Chips,1,0.75,0.75,Normal
I2026001902,O202601072,2026-04-08,C0145,325,"Eti Pop Kek Mini Cake with Dark Chocolate, 144g",Cakes and Rolls,Soft Drinks,1,1.6,1.6,Normal
I2026001903,O202601073,2026-04-09,C0001,105,"Al-Ghazal Pasta Bucatini 1, 300g",pasta,Pasta,1,0.49,0.49,Normal
I2026001904,O202601074,2026-04-09,C0133,309,"Doritos Sweet Chili Pepper Tortilla Chips, 120g",Chips,Chips,1,1,1,Normal
I2026001905,O202601075,2026-04-09,C0005,228,"Mr. Brown Chocolate Flavor Iced Coffee, 240ml",Specialty Drinks,Chocolate,1,0.95,0.95,Normal
I2026001906,O202601075,2026-04-09,C0005,210,"Super Triple Berry Carbonated Drink, 250ml",Soft Drinks,Soft Drinks,2,0.35,0.7,Normal
I2026001907,O202601076,2026-04-09,C0113,162,"NewLand Special Sauce For Burgers & Fries, 300g",Cooking & Baking,Sauce,1,2,2,Normal
I2026001908,O202601076,2026-04-09,C0113,5,Frozen fries,frozen food,Frozen fries,3,2.5,7.5,Normal
I2026001909,O202601076,2026-04-09,C0113,286,Mythic Sensation Mini Milk Chocolate 30 g,Chocolate,Soft Drinks,2,0.55,1.1,Normal
I2026001910,O202601077,2026-04-09,C0043,283,"Galaxy Minstrels Chocolate, 42g",Chocolate,Chocolate,1,1.09,1.09,Normal
I2026001911,O202601077,2026-04-09,C0043,1,Frozen pizza,frozen food,Frozen pizza,1,2.49,2.49,Normal
I2026001912,O202601077,2026-04-09,C0043,264,"Al Rabie Orange Juice, 1L",Juices,Juices,2,1.55,3.1,Normal
I2026001913,O202601078,2026-04-09,C0046,290,Choco Lake Choco Biscuits 650G,Chocolate,Soft Drinks,2,3,6,Normal
I2026001914,O202601079,2026-04-10,C0059,34,Burger,frozen food,Burger,1,4.09,4.09,Normal
I2026001915,O202601080,2026-04-10,C0038,136,"Ard Jdadna Powder Garlic, 200g",Cooking & Baking,Sauce,1,2.2,2.2,Normal
I2026001916,O202601080,2026-04-10,C0038,1,Frozen pizza,frozen food,Frozen pizza,1,2.49,2.49,Normal
I2026001917,O202601080,2026-04-10,C0038,328,"Americana Orange Pound Cake, 300g",Cakes and Rolls,Juices,1,1.9,1.9,Normal
I2026001918,O202601081,2026-04-10,C0026,321,"Molto XL Croissant Chocolate With Hazelnut, 42.5g",Cakes and Rolls,Soft Drinks,4,0.25,1,Normal
I2026001919,O202601082,2026-04-10,C0015,335,"Bifa Keks Cocoa Oval Banana Sauce Cake, 45g",Cakes and Rolls,Bakery,1,0.25,0.25,Normal
I2026001920,O202601083,2026-04-10,C0119,74,Koita Organic Chocolate Milk Uht 200 ml,Long Life Milk,Chocolate,2,1.65,3.3,Normal
I2026001921,O202601083,2026-04-10,C0119,313,"Mr.Chips Crocodile Cheese & Pizza Flavor Snack, 58g",Chips,Chips,1,0.25,0.25,Normal
I2026001922,O202601083,2026-04-10,C0119,276,Said Junior Cup 50 g,Chocolate,Soft Drinks,3,0.75,2.25,Normal
I2026001923,O202601084,2026-04-10,C0097,274,"Nestle Kitkat Hazelnut 4 Fingers Chocolate, 41.5g",Chocolate,Chocolate,2,0.8,1.6,Normal
I2026001924,O202601084,2026-04-10,C0097,333,"Bifa Keks Roll Cake with Cocoa Cream, 50g",Cakes and Rolls,Bakery,1,0.25,0.25,Normal
I2026001925,O202601084,2026-04-10,C0097,319,"Spuds Sweet & Chilli Salsa Craft Cooked Chips, 65g",Chips,Chips,2,0.75,1.5,Normal
I2026001926,O202601084,2026-04-10,C0097,255,"Almarai Vanilla Fat Free Protein Milk No Added Sugar, 400ml",Sports & Energy Drinks,Dairy,1,1.62,1.62,Normal
I2026001927,O202601084,2026-04-10,C0097,209,"Super Sour Green Apple Carbonated Drink, 250ml",Soft Drinks,Soft Drinks,1,0.35,0.35,Normal
I2026001928,O202601085,2026-04-10,C0067,277,"Ozmo Milk Chocolate Egg Shapes, 20g",Chocolate,Chocolate,1,0.75,0.75,Normal
I2026001929,O202601086,2026-04-10,C0037,60,"Free Field Farms White Eggs, 15 Pieces",eggs,Eggs,4,4.25,17,Normal
I2026001930,O202601086,2026-04-10,C0037,106,Barilla Rigatoni 500 g,pasta,Pasta,1,1.68,1.68,Normal
I2026001931,O202601087,2026-04-10,C0148,276,Said Junior Cup 50 g,Chocolate,Chocolate,2,0.75,1.5,Normal
I2026001932,O202601088,2026-04-11,C0113,331,"L'usine Soft Cupcakes Filled with Strawberry Cream, 18x30g",Cakes and Rolls,Dairy,2,1.8,3.6,Normal
I2026001933,O202601089,2026-04-11,C0032,137,"Ard Jdadna Powder Garlic, 200g",Cooking & Baking,Sauce,1,1.9,1.9,Normal
I2026001934,O202601089,2026-04-11,C0032,162,"NewLand Special Sauce For Burgers & Fries, 300g",Cooking & Baking,Frozen fries,1,2,2,Normal
I2026001935,O202601089,2026-04-11,C0032,278,"Ozmo Fun Shape Milk Chocolate Lollipop, 23g",Chocolate,Soft Drinks,1,0.6,0.6,Normal
I2026001936,O202601090,2026-04-11,C0140,300,"Mr.Chips Chilli Potato Chips, 68g",Chips,Chips,2,0.6,1.2,Normal
I2026001937,O202601091,2026-04-11,C0014,105,"Al-Ghazal Pasta Bucatini 1, 300g",pasta,Pasta,1,0.49,0.49,Normal
I2026001938,O202601091,2026-04-11,C0014,217,"Kinza Blackcurrant Carbonated Drink Can, 250ml",Soft Drinks,Soft Drinks,3,0.25,0.75,Normal
I2026001939,O202601092,2026-04-11,C0150,107,"Barakah Al Sanabel Chiffari Lisci, 450g",pasta,Pasta,1,0.35,0.35,Normal
I2026001940,O202601093,2026-04-11,C0133,266,"Bounty Coconut Milk Chocolate Bar, 50g",Chocolate,Chocolate,1,0.65,0.65,Normal
I2026001941,O202601093,2026-04-11,C0133,6,Frozen fries,frozen food,Frozen fries,1,3,3,Normal
I2026001942,O202601093,2026-04-11,C0133,308,"Doritos Nacho Cheese Tortilla Chips, 120g",Chips,Chips,1,1,1,Normal
I2026001943,O202601093,2026-04-11,C0133,324,"Eti Adicto Gold Mini Chocolate Brown Cake, 180g",Cakes and Rolls,Soft Drinks,1,1.7,1.7,Normal
I2026001944,O202601094,2026-04-11,C0065,131,Blue Mill Garlic Powder 200 g,Cooking & Baking,Sauce,1,2.89,2.89,Normal
I2026001945,O202601094,2026-04-11,C0065,7,Frozen fries,frozen food,Frozen fries,1,1.85,1.85,Normal
I2026001946,O202601094,2026-04-11,C0065,266,"Bounty Coconut Milk Chocolate Bar, 50g",Chocolate,Soft Drinks,3,0.65,1.95,Normal
I2026001947,O202601095,2026-04-11,C0079,305,"Lay's Tomato Ketchup Potato Chips, 110g",Chips,Sauce,1,1,1,Normal
I2026001948,O202601095,2026-04-11,C0079,297,"Mr.Chips Paprika Potato Chips, 68g",Chips,Chips,3,0.6,1.8,Normal
I2026001949,O202601095,2026-04-11,C0079,4,Frozen fries,frozen food,Frozen fries,1,1.9,1.9,Normal
I2026001950,O202601095,2026-04-11,C0079,217,"Kinza Blackcurrant Carbonated Drink Can, 250ml",Soft Drinks,Soft Drinks,3,0.25,0.75,Normal
I2026001951,O202601096,2026-04-11,C0050,165,NewLand Mayonnaise Garlic Flavor 300ml,Cooking & Baking,Sauce,1,1.61,1.61,Normal
I2026001952,O202601096,2026-04-11,C0050,1,Frozen pizza,frozen food,Frozen pizza,1,2.49,2.49,Normal
I2026001953,O202601096,2026-04-11,C0050,261,"KDD Mango Nectar, 1L",Juices,Juices,2,1.33,2.66,Normal
I2026001954,O202601097,2026-04-11,C0088,335,"Bifa Keks Cocoa Oval Banana Sauce Cake, 45g",Cakes and Rolls,Sauce,1,0.25,0.25,Normal
I2026001955,O202601097,2026-04-11,C0088,293,"Smart Chips Crunchy Rings Pizza Flavor, 80g",Chips,Frozen pizza,2,1,2,Normal
I2026001956,O202601098,2026-04-11,C0017,324,"Eti Adicto Gold Mini Chocolate Brown Cake, 180g",Cakes and Rolls,Chocolate,1,1.7,1.7,Normal
I2026001957,O202601098,2026-04-11,C0017,299,"Mr.Chips Cheese Potato Chips, 68g",Chips,Chips,1,0.6,0.6,Normal
I2026001958,O202601098,2026-04-11,C0017,62,"Lurpak Unsalted Butter, 100g",butter,Dairy,3,1.13,3.39,Normal
I2026001959,O202601098,2026-04-11,C0017,286,Mythic Sensation Mini Milk Chocolate 30 g,Chocolate,Soft Drinks,3,0.55,1.65,Normal
I2026001960,O202601099,2026-04-12,C0014,163,"NewLand Dynamite Sauce, 300ml",Cooking & Baking,Sauce,2,2.13,4.26,Normal
I2026001961,O202601099,2026-04-12,C0014,1,Frozen pizza,frozen food,Frozen pizza,1,2.49,2.49,Normal
I2026001962,O202601099,2026-04-12,C0014,260,"Almarai Mixed Fruit Juice, 200ml",Juices,Juices,1,0.3,0.3,Normal
I2026001963,O202601100,2026-04-12,C0037,266,"Bounty Coconut Milk Chocolate Bar, 50g",Chocolate,Chocolate,1,0.65,0.65,Normal
I2026001964,O202601100,2026-04-12,C0037,94,"Alyoum Tang Taste Yoghurt Baladi, 1kg",Yoghurts,Dairy,1,1.75,1.75,Normal
I2026001965,O202601101,2026-04-12,C0094,329,"Americana Chocolate Pound Cake, 300g",Cakes and Rolls,Bakery,1,1.9,1.9,Normal
I2026001966,O202601102,2026-04-12,C0140,101,Mandi Basmati Rice 4 kg,rice,Rice,3,4.97,14.91,Normal
I2026001967,O202601102,2026-04-12,C0140,196,Maxims Sweet Corn 180 g 3 pcs get 1 pc Free,Canned Fruit,Fruit And Veg,1,3.79,3.79,Normal
I2026001968,O202601102,2026-04-12,C0140,171,"Rio Mare Tuna In Olive Oil, 2x160g",Canned Seafood,Oil,1,5.5,5.5,Normal
I2026001969,O202601102,2026-04-12,C0140,313,"Mr.Chips Crocodile Cheese & Pizza Flavor Snack, 58g",Chips,Frozen pizza,3,0.25,0.75,Normal
I2026001970,O202601102,2026-04-12,C0140,337,"Alyoum Burger Buns, 6 Pieces",Burger Buns,Burger,1,0.55,0.55,Normal
I2026001971,O202601102,2026-04-12,C0140,301,"Mr.Chips Paprika Snack Mix, 78g",Chips,Spices & Seasonings,1,0.6,0.6,Normal
I2026001972,O202601103,2026-04-12,C0049,317,"Spuds Sour Cream & Onion Craft Cooked Chips, 65g",Chips,Dairy,3,0.75,2.25,Normal
I2026001973,O202601104,2026-04-12,C0129,299,"Mr.Chips Cheese Potato Chips, 68g",Chips,Chips,1,0.6,0.6,Normal
I2026001974,O202601105,2026-04-12,C0076,237,"Freez Blue Hawaii Tropical Fruits Flavored Carbonated Drink, 275ml",Specialty Drinks,Fruit And Veg,1,1,1,Normal
I2026001975,O202601105,2026-04-12,C0076,275,"Kinder Joy Chocolate Egg for Boys Assorted, 20g",Chocolate,Chocolate,1,0.7,0.7,Normal
I2026001976,O202601105,2026-04-12,C0076,301,"Mr.Chips Paprika Snack Mix, 78g",Chips,Chips,2,0.6,1.2,Normal
I2026001977,O202601105,2026-04-12,C0076,207,"G Mixed Berry Fusion Flavored Soda, 300ml",Soft Drinks,Soft Drinks,2,0.55,1.1,Normal
I2026001978,O202601106,2026-04-12,C0027,159,NewLand Hickory Smoked Barbecue Sauce 510 g,Cooking & Baking,Sauce,1,2.75,2.75,Normal
I2026001979,O202601106,2026-04-12,C0027,313,"Mr.Chips Crocodile Cheese & Pizza Flavor Snack, 58g",Chips,Frozen pizza,1,0.25,0.25,Normal
I2026001980,O202601106,2026-04-12,C0027,323,"Eti PopkekÂ Cocoa Cake, 35g",Cakes and Rolls,Bakery,2,0.3,0.6,Normal
I2026001981,O202601106,2026-04-12,C0027,215,"Jordina Joy Orange, 1L",Soft Drinks,Juices,2,0.6,1.2,Normal
I2026001982,O202601107,2026-04-12,C0060,173,NewLand Sliced Black Olives 345 g,Canned Vegetables,Fruit And Veg,1,1.2,1.2,Normal
I2026001983,O202601107,2026-04-12,C0060,103,"Abu Kass Basmati Rice, 4kg",rice,Rice,1,5.49,5.49,Normal
I2026001984,O202601107,2026-04-12,C0060,287,"Milka Choco Wafer, (5 Pieces), 150g",Chocolate,Soft Drinks,1,2.31,2.31,Normal
I2026001985,O202601107,2026-04-12,C0060,144,"Aroma Garden Magloubeh Spices, 100g",Cooking & Baking,Spices & Seasonings,1,2.09,2.09,Normal
I2026001986,O202601108,2026-04-12,C0020,278,"Ozmo Fun Shape Milk Chocolate Lollipop, 23g",Chocolate,Soft Drinks,4,0.6,2.4,Normal
I2026001987,O202601109,2026-04-12,C0002,53,"Alyoum Yoghurt, 1kg",youghurt,Dairy,1,1.27,1.27,Normal
I2026001988,O202601109,2026-04-12,C0002,271,"Galaxy Hazelnut Chocolate Bar, 30g",Chocolate,Soft Drinks,1,0.77,0.77,Normal
I2026001989,O202601110,2026-04-12,C0044,74,Koita Organic Chocolate Milk Uht 200 ml,Long Life Milk,Chocolate,1,1.65,1.65,Normal
I2026001990,O202601110,2026-04-12,C0044,298,"Mr.Chips Salt & Vinegar Potato Chips, 68g",Chips,Chips,1,0.6,0.6,Normal
I2026001991,O202601111,2026-04-13,C0091,335,"Bifa Keks Cocoa Oval Banana Sauce Cake, 45g",Cakes and Rolls,Sauce,2,0.25,0.5,Normal
I2026001992,O202601111,2026-04-13,C0091,313,"Mr.Chips Crocodile Cheese & Pizza Flavor Snack, 58g",Chips,Frozen pizza,2,0.25,0.5,Normal
I2026001993,O202601111,2026-04-13,C0091,259,"Almarai Mango Juice, 1L",Juices,Juices,1,1.25,1.25,Normal
I2026001994,O202601112,2026-04-13,C0110,268,"Kinder Chocolate Milk Chocolate Bars With Milky Filling (4 Bars), 50g",Chocolate,Chocolate,1,0.6,0.6,Normal
I2026001995,O202601113,2026-04-13,C0025,330,"L'usine Cupcakes Filled with Chocolate Cream, 18x30g",Cakes and Rolls,Dairy,1,1.8,1.8,Normal
I2026001996,O202601114,2026-04-13,C0084,198,"Pomi Whole Peeled Tomatoes, 400g",Canned Fruit,Fruit And Veg,1,1.75,1.75,Normal
I2026001997,O202601115,2026-04-13,C0113,106,Barilla Rigatoni 500 g,pasta,Pasta,1,1.68,1.68,Normal
I2026001998,O202601115,2026-04-13,C0113,325,"Eti Pop Kek Mini Cake with Dark Chocolate, 144g",Cakes and Rolls,Bakery,1,1.6,1.6,Normal
I2026001999,O202601116,2026-04-13,C0136,152,"Benina Garlic Chili Sauce, 280g",Cooking & Baking,Sauce,1,1.49,1.49,Normal
I2026002000,O202601116,2026-04-13,C0136,6,Frozen fries,frozen food,Frozen fries,1,3,3,Normal
I2026002001,O202601116,2026-04-13,C0136,216,"Matrix Fruit Carbonated Drink, 250ml",Soft Drinks,Soft Drinks,1,0.25,0.25,Normal
I2026002002,O202601117,2026-04-13,C0057,7,Frozen fries,frozen food,Frozen fries,2,1.85,3.7,Normal
I2026002003,O202601117,2026-04-13,C0057,203,"Kinza Zero Sugar Lemon Soft Drink Can, 250ml",Soft Drinks,Soft Drinks,1,0.25,0.25,Normal
I2026002004,O202601118,2026-04-14,C0113,131,Blue Mill Garlic Powder 200 g,Cooking & Baking,Sauce,1,2.89,2.89,Normal
I2026002005,O202601118,2026-04-14,C0113,6,Frozen fries,frozen food,Frozen fries,1,3,3,Normal
I2026002006,O202601119,2026-04-14,C0148,102,"Sunwhite Calrose Rice, 4kg",rice,Rice,3,4.99,14.97,Normal
I2026002007,O202601119,2026-04-14,C0148,172,"Rio Mare Light Tuna in Olive Oil, 160g",Canned Seafood,Oil,1,3.45,3.45,Normal
I2026002008,O202601119,2026-04-14,C0148,181,Albayrouty Sweet Corn 340 g,Canned Vegetables,Fruit And Veg,2,1.05,2.1,Normal
I2026002009,O202601119,2026-04-14,C0148,142,"Aroma Garden Organic Meat Spices, 120g",Cooking & Baking,Spices & Seasonings,1,2.09,2.09,Normal
I2026002010,O202601119,2026-04-14,C0148,201,"Kinza Soda Water Can, 250ml",water,Water,3,0.36,1.08,Normal
I2026002011,O202601120,2026-04-14,C0036,155,"Kikkoman Soy Sauce, 591ml",Cooking & Baking,Sauce,1,3.55,3.55,Normal
I2026002012,O202601120,2026-04-14,C0036,2,Frozen pizza,frozen food,Frozen pizza,1,3.59,3.59,Normal
I2026002013,O202601121,2026-04-14,C0118,52,"Almarai Full Fat Fresh Yoghurt, 700g",youghurt,Eggs,1,1,1,Normal
I2026002014,O202601121,2026-04-14,C0118,312,"Pringles Sour Cream & Onion Chips Can, 165g",Chips,Dairy,1,1.7,1.7,Normal
I2026002015,O202601122,2026-04-14,C0035,326,"Eti Pop Kek Cocoa Cake, 200g",Cakes and Rolls,Bakery,1,1.95,1.95,Normal
I2026002016,O202601123,2026-04-14,C0018,46,"Teeba 9% Fat Labneh, 500g",labneh,Dairy,1,2.25,2.25,Normal
I2026002017,O202601123,2026-04-14,C0018,206,"G Pink Lemonade Flavored Soda, 300ml",Soft Drinks,Soft Drinks,3,0.55,1.65,Normal
I2026002018,O202601123,2026-04-14,C0018,327,"Americana Marble Pound Cake, 300g",Cakes and Rolls,Bakery,1,1.9,1.9,Normal
I2026002019,O202601124,2026-04-14,C0111,338,"Alyoum Burger Buns with Sesame Seeds, 6 Pieces",Burger Buns,Burger Buns,1,0.55,0.55,Normal
I2026002020,O202601124,2026-04-14,C0111,43,burger,frozen food,Burger,1,4.25,4.25,Normal
I2026002021,O202601125,2026-04-14,C0102,7,Frozen fries,frozen food,Frozen fries,1,1.85,1.85,Normal
I2026002022,O202601126,2026-04-14,C0037,162,"NewLand Special Sauce For Burgers & Fries, 300g",Cooking & Baking,Sauce,2,2,4,Normal
I2026002023,O202601126,2026-04-14,C0037,313,"Mr.Chips Crocodile Cheese & Pizza Flavor Snack, 58g",Chips,Frozen pizza,1,0.25,0.25,Normal
I2026002024,O202601126,2026-04-14,C0037,263,"Al Rabie Orange Juice, 1L",Juices,Juices,2,1.55,3.1,Normal
I2026002025,O202601127,2026-04-14,C0147,294,"Mr.Chips Waves Smoky Bbq Chips, 50g",Chips,Chips,1,0.65,0.65,Normal
I2026002026,O202601127,2026-04-14,C0147,271,"Galaxy Hazelnut Chocolate Bar, 30g",Chocolate,Chocolate,1,0.77,0.77,Normal
I2026002027,O202601128,2026-04-15,C0123,306,"Lay's Chili Potato Chips, 110g",Chips,Chips,3,1,3,Normal
I2026002028,O202601128,2026-04-15,C0123,314,"Mr.Chips Pizza Flavor Corn Chips, 58g",Chips,Frozen pizza,3,0.25,0.75,Normal
I2026002029,O202601128,2026-04-15,C0123,264,"Al Rabie Orange Juice, 1L",Juices,Juices,1,1.55,1.55,Normal
I2026002030,O202601129,2026-04-15,C0053,131,Blue Mill Garlic Powder 200 g,Cooking & Baking,Sauce,1,2.89,2.89,Normal
I2026002031,O202601129,2026-04-15,C0053,56,"Almarai Cream Cheese, 6 Portion, 108g",cheese,Cheese,1,1.02,1.02,Normal
I2026002032,O202601129,2026-04-15,C0053,337,"Alyoum Burger Buns, 6 Pieces",Burger Buns,Burger Buns,1,0.55,0.55,Normal
I2026002033,O202601129,2026-04-15,C0053,97,"Almarai Full Fat Processed Cheddar Burger Cheese (10 Slices), 200g",Cheese,Burger,1,1.4,1.4,Normal
I2026002034,O202601130,2026-04-15,C0002,7,Frozen fries,frozen food,Frozen fries,1,1.85,1.85,Normal
I2026002035,O202601130,2026-04-15,C0002,2,Frozen pizza,frozen food,Frozen pizza,3,3.59,10.77,Normal
I2026002036,O202601130,2026-04-15,C0002,262,"KDD Long Life Apple Juice, 1L",Juices,Juices,2,1.33,2.66,Normal
I2026002037,O202601130,2026-04-15,C0002,165,NewLand Mayonnaise Garlic Flavor 300ml,Cooking & Baking,Sauce,1,1.61,1.61,Normal
I2026002038,O202601130,2026-04-15,C0002,77,"Nadec Milk Chocolate Milk, 6x125ml",Long Life Milk,Soft Drinks,4,1.35,5.4,Normal
I2026002039,O202601131,2026-04-15,C0140,165,NewLand Mayonnaise Garlic Flavor 300ml,Cooking & Baking,Sauce,1,1.61,1.61,Normal
I2026002040,O202601131,2026-04-15,C0140,3,Frozen pizza,frozen food,Frozen pizza,1,3.59,3.59,Normal
I2026002041,O202601131,2026-04-15,C0140,258,"Almarai Mixed Berry Juice, 1.4L",Juices,Juices,2,2,4,Normal
I2026002042,O202601132,2026-04-16,C0043,273,"Galaxy Dark Truffle Dark Chocolate Bar, 33g",Chocolate,Soft Drinks,4,0.77,3.08,Normal
I2026002043,O202601132,2026-04-16,C0043,325,"Eti Pop Kek Mini Cake with Dark Chocolate, 144g",Cakes and Rolls,Bakery,1,1.6,1.6,Normal
I2026002044,O202601133,2026-04-16,C0142,274,"Nestle Kitkat Hazelnut 4 Fingers Chocolate, 41.5g",Chocolate,Chocolate,3,0.8,2.4,Normal
I2026002045,O202601133,2026-04-16,C0142,314,"Mr.Chips Pizza Flavor Corn Chips, 58g",Chips,Frozen pizza,1,0.25,0.25,Normal
I2026002046,O202601133,2026-04-16,C0142,263,"Al Rabie Orange Juice, 1L",Juices,Juices,2,1.55,3.1,Normal
I2026002047,O202601133,2026-04-16,C0142,292,"Smart Chips Ketchup Flavor Stix, 75g",Chips,Sauce,2,1.28,2.56,Normal
I2026002048,O202601133,2026-04-16,C0142,304,"Lay's Salt & Vinegar Chips, 110g",Chips,Chips,1,1,1,Normal
I2026002049,O202601133,2026-04-16,C0142,324,"Eti Adicto Gold Mini Chocolate Brown Cake, 180g",Cakes and Rolls,Soft Drinks,1,1.7,1.7,Normal
I2026002050,O202601134,2026-04-16,C0097,335,"Bifa Keks Cocoa Oval Banana Sauce Cake, 45g",Cakes and Rolls,Sauce,1,0.25,0.25,Normal
I2026002051,O202601134,2026-04-16,C0097,276,Said Junior Cup 50 g,Chocolate,Chocolate,1,0.75,0.75,Normal
I2026002052,O202601134,2026-04-16,C0097,314,"Mr.Chips Pizza Flavor Corn Chips, 58g",Chips,Frozen pizza,1,0.25,0.25,Normal
I2026002053,O202601134,2026-04-16,C0097,213,"Crush Orange Soft Drink Pet Bottle, 1L",Soft Drinks,Juices,3,0.33,0.99,Normal
I2026002054,O202601135,2026-04-16,C0131,337,"Alyoum Burger Buns, 6 Pieces",Burger Buns,Burger Buns,1,0.55,0.55,Normal
I2026002055,O202601135,2026-04-16,C0131,99,"Kraft Original Cheddar Cheese Slices, 200g",Cheese,Cheese,1,1.75,1.75,Normal
I2026002056,O202601135,2026-04-16,C0131,34,Burger,frozen food,Burger,2,4.09,8.18,Normal
I2026002057,O202601135,2026-04-16,C0131,165,NewLand Mayonnaise Garlic Flavor 300ml,Cooking & Baking,Sauce,1,1.61,1.61,Normal
I2026002058,O202601135,2026-04-16,C0131,281,"Raffaello Premium Coconut & Almond Pralines, 30g",Chocolate,Soft Drinks,1,0.9,0.9,Normal
I2026002059,O202601136,2026-04-16,C0024,294,"Mr.Chips Waves Smoky Bbq Chips, 50g",Chips,Chips,1,0.65,0.65,Normal
I2026002060,O202601136,2026-04-16,C0024,325,"Eti Pop Kek Mini Cake with Dark Chocolate, 144g",Cakes and Rolls,Soft Drinks,3,1.6,4.8,Normal
I2026002061,O202601136,2026-04-16,C0024,284,"Kinder Happy Hippo Biscuits with Double Cream Filling, 103.5g",Chocolate,Chocolate,2,1.95,3.9,Normal
I2026002062,O202601137,2026-04-16,C0113,161,"NewLand Mayonnaise, 300ml",Cooking & Baking,Sauce,1,2,2,Normal
I2026002063,O202601137,2026-04-16,C0113,7,Frozen fries,frozen food,Frozen fries,1,1.85,1.85,Normal
I2026002064,O202601137,2026-04-16,C0113,325,"Eti Pop Kek Mini Cake with Dark Chocolate, 144g",Cakes and Rolls,Soft Drinks,4,1.6,6.4,Normal
I2026002065,O202601138,2026-04-16,C0010,197,Al-Bayrouti Chick Peas 3x400g,Canned Fruit,Fruit And Veg,1,1.5,1.5,Normal
I2026002066,O202601138,2026-04-16,C0010,297,"Mr.Chips Paprika Potato Chips, 68g",Chips,Spices & Seasonings,2,0.6,1.2,Normal
I2026002067,O202601139,2026-04-17,C0092,69,"Nadec Long Life Full Fat UHT Milk, 4x1L",Long Life Milk,Dairy,1,3.35,3.35,Normal
I2026002068,O202601140,2026-04-17,C0086,162,"NewLand Special Sauce For Burgers & Fries, 300g",Cooking & Baking,Frozen fries,1,2,2,Normal
I2026002069,O202601140,2026-04-17,C0086,182,Durra Hummus Grains 400 g,Canned Vegetables,Fruit And Veg,1,0.68,0.68,Normal
I2026002070,O202601140,2026-04-17,C0086,335,"Bifa Keks Cocoa Oval Banana Sauce Cake, 45g",Cakes and Rolls,Sauce,2,0.25,0.5,Normal
I2026002071,O202601140,2026-04-17,C0086,319,"Spuds Sweet & Chilli Salsa Craft Cooked Chips, 65g",Chips,Chips,1,0.75,0.75,Normal
I2026002072,O202601140,2026-04-17,C0086,79,"The Bridge Bio Organic Pure Coconut Drink, 1L",Milk Alternatives,Dairy,1,4.2,4.2,Normal
I2026002073,O202601141,2026-04-17,C0147,293,"Smart Chips Crunchy Rings Pizza Flavor, 80g",Chips,Chips,1,1,1,Normal
I2026002074,O202601142,2026-04-17,C0032,305,"Lay's Tomato Ketchup Potato Chips, 110g",Chips,Sauce,1,1,1,Normal
I2026002075,O202601142,2026-04-17,C0032,96,"Almarai Cheddar Cheese Slices, 200g",Cheese,Cheese,1,1.4,1.4,Normal
I2026002076,O202601142,2026-04-17,C0032,286,Mythic Sensation Mini Milk Chocolate 30 g,Chocolate,Soft Drinks,1,0.55,0.55,Normal
I2026002077,O202601142,2026-04-17,C0032,337,"Alyoum Burger Buns, 6 Pieces",Burger Buns,Burger,1,0.55,0.55,Normal
I2026002078,O202601143,2026-04-17,C0077,283,"Galaxy Minstrels Chocolate, 42g",Chocolate,Chocolate,1,1.09,1.09,Normal
I2026002079,O202601143,2026-04-17,C0077,77,"Nadec Milk Chocolate Milk, 6x125ml",Long Life Milk,Soft Drinks,1,1.35,1.35,Normal
I2026002080,O202601143,2026-04-17,C0077,322,"Eti Aditco Chocolate Cake, 36g",Cakes and Rolls,Bakery,1,0.39,0.39,Normal
I2026002081,O202601144,2026-04-17,C0143,26,Burger,frozen food,Burger,1,3.1,3.1,Normal
I2026002082,O202601145,2026-04-17,C0132,78,"Nadec Full Fat Fresh Milk, 6x125ml",Long Life Milk,Dairy,1,1.13,1.13,Normal
I2026002083,O202601146,2026-04-18,C0146,160,NewLand Tomato Ketchup 567 g,Cooking & Baking,Sauce,1,2.09,2.09,Normal
I2026002084,O202601146,2026-04-18,C0146,7,Frozen fries,frozen food,Frozen fries,1,1.85,1.85,Normal
I2026002085,O202601146,2026-04-18,C0146,90,"Almarai Greek Style Full Fat Blueberry Yoghurt, 150g",Yoghurts,Eggs,3,0.9,2.7,Normal
I2026002086,O202601146,2026-04-18,C0146,204,"Jordina Joy Cola, 1L",Soft Drinks,Soft Drinks,1,0.6,0.6,Normal
I2026002087,O202601147,2026-04-18,C0044,174,"Maxims Sweet Corn, 340g",Canned Vegetables,Fruit And Veg,1,1.5,1.5,Normal
I2026002088,O202601148,2026-04-18,C0120,337,"Alyoum Burger Buns, 6 Pieces",Burger Buns,Burger Buns,2,0.55,1.1,Normal
I2026002089,O202601148,2026-04-18,C0120,97,"Almarai Full Fat Processed Cheddar Burger Cheese (10 Slices), 200g",Cheese,Cheese,1,1.4,1.4,Normal
I2026002090,O202601148,2026-04-18,C0120,27,Burger,frozen food,Burger,1,3.8,3.8,Normal
I2026002091,O202601148,2026-04-18,C0120,335,"Bifa Keks Cocoa Oval Banana Sauce Cake, 45g",Cakes and Rolls,Sauce,2,0.25,0.5,Normal
I2026002092,O202601148,2026-04-18,C0120,215,"Jordina Joy Orange, 1L",Soft Drinks,Soft Drinks,3,0.6,1.8,Normal
I2026002093,O202601149,2026-04-18,C0036,162,"NewLand Special Sauce For Burgers & Fries, 300g",Cooking & Baking,Sauce,1,2,2,Normal
I2026002094,O202601149,2026-04-18,C0036,4,Frozen fries,frozen food,Frozen fries,1,1.9,1.9,Normal
I2026002095,O202601149,2026-04-18,C0036,271,"Galaxy Hazelnut Chocolate Bar, 30g",Chocolate,Soft Drinks,2,0.77,1.54,Normal
I2026002096,O202601150,2026-04-18,C0129,286,Mythic Sensation Mini Milk Chocolate 30 g,Chocolate,Chocolate,3,0.55,1.65,Normal
I2026002097,O202601150,2026-04-18,C0129,317,"Spuds Sour Cream & Onion Craft Cooked Chips, 65g",Chips,Chips,1,0.75,0.75,Normal
I2026002098,O202601150,2026-04-18,C0129,207,"G Mixed Berry Fusion Flavored Soda, 300ml",Soft Drinks,Soft Drinks,1,0.55,0.55,Normal
I2026002099,O202601151,2026-04-18,C0080,278,"Ozmo Fun Shape Milk Chocolate Lollipop, 23g",Chocolate,Chocolate,1,0.6,0.6,Normal
I2026002100,O202601151,2026-04-18,C0080,304,"Lay's Salt & Vinegar Chips, 110g",Chips,Chips,1,1,1,Normal
I2026002101,O202601151,2026-04-18,C0080,271,"Galaxy Hazelnut Chocolate Bar, 30g",Chocolate,Soft Drinks,1,0.77,0.77,Normal
I2026002102,O202601152,2026-04-18,C0001,175,"American Garden Red Kidney Beans (Easy Open Lids), 400g",Canned Vegetables,Fruit And Veg,1,0.79,0.79,Normal
I2026002103,O202601152,2026-04-18,C0001,298,"Mr.Chips Salt & Vinegar Potato Chips, 68g",Chips,Chips,1,0.6,0.6,Normal
I2026002104,O202601153,2026-04-18,C0122,308,"Doritos Nacho Cheese Tortilla Chips, 120g",Chips,Chips,1,1,1,Normal
I2026002105,O202601153,2026-04-18,C0122,209,"Super Sour Green Apple Carbonated Drink, 250ml",Soft Drinks,Soft Drinks,4,0.35,1.4,Normal
I2026002106,O202601153,2026-04-18,C0122,322,"Eti Aditco Chocolate Cake, 36g",Cakes and Rolls,Chocolate,1,0.39,0.39,Normal
I2026002107,O202601154,2026-04-18,C0063,336,"Barni Chocolate Cake, 30g",Cakes and Rolls,Chocolate,3,0.4,1.2,Normal
I2026002108,O202601154,2026-04-18,C0063,318,"Spuds Prime Ribs Craft Cooked Chips, 65g",Chips,Chips,1,0.75,0.75,Normal
I2026002109,O202601155,2026-04-18,C0147,286,Mythic Sensation Mini Milk Chocolate 30 g,Chocolate,Chocolate,1,0.55,0.55,Normal
I2026002110,O202601155,2026-04-18,C0147,311,"Pringles Salt & Vinegar Chips Can, 165g",Chips,Chips,1,1.7,1.7,Normal
I2026002111,O202601156,2026-04-18,C0017,174,"Maxims Sweet Corn, 340g",Canned Vegetables,Canned Vegetables,1,1.5,1.5,Normal
I2026002112,O202601156,2026-04-18,C0017,105,"Al-Ghazal Pasta Bucatini 1, 300g",pasta,Pasta,1,0.49,0.49,Normal
I2026002113,O202601157,2026-04-18,C0064,289,"Choco Lake Diamond Twist Kunafa with Peanut Butter Filling, 450g",Chocolate,Chocolate,1,4.99,4.99,Normal
I2026002114,O202601157,2026-04-18,C0064,321,"Molto XL Croissant Chocolate With Hazelnut, 42.5g",Cakes and Rolls,Bakery,1,0.25,0.25,Normal
I2026002115,O202601158,2026-04-19,C0093,228,"Mr. Brown Chocolate Flavor Iced Coffee, 240ml",Specialty Drinks,Chocolate,1,0.95,0.95,Normal
I2026002116,O202601158,2026-04-19,C0093,310,"Pringles BBQ Chips Can, 165g",Chips,Chips,3,1.7,5.1,Normal
I2026002117,O202601158,2026-04-19,C0093,325,"Eti Pop Kek Mini Cake with Dark Chocolate, 144g",Cakes and Rolls,Soft Drinks,2,1.6,3.2,Normal
I2026002118,O202601159,2026-04-19,C0107,298,"Mr.Chips Salt & Vinegar Potato Chips, 68g",Chips,Chips,1,0.6,0.6,Normal
I2026002119,O202601160,2026-04-19,C0100,185,NewLand Pineapple Slices In Light Syrup 565 g,Canned Fruit,Fruit And Veg,1,1.89,1.89,Normal
I2026002120,O202601161,2026-04-19,C0083,338,"Alyoum Burger Buns with Sesame Seeds, 6 Pieces",Burger Buns,Burger Buns,1,0.55,0.55,Normal
I2026002121,O202601161,2026-04-19,C0083,308,"Doritos Nacho Cheese Tortilla Chips, 120g",Chips,Cheese,1,1,1,Normal
I2026002122,O202601161,2026-04-19,C0083,27,Burger,frozen food,Burger,1,3.8,3.8,Normal
I2026002123,O202601161,2026-04-19,C0083,326,"Eti Pop Kek Cocoa Cake, 200g",Cakes and Rolls,Bakery,1,1.95,1.95,Normal
I2026002124,O202601161,2026-04-19,C0083,155,"Kikkoman Soy Sauce, 591ml",Cooking & Baking,Sauce,1,3.55,3.55,Normal
I2026002125,O202601161,2026-04-19,C0083,324,"Eti Adicto Gold Mini Chocolate Brown Cake, 180g",Cakes and Rolls,Soft Drinks,1,1.7,1.7,Normal
I2026002126,O202601162,2026-04-19,C0130,179,"California Garden Whole Kernal Sweet Corn, 400g",Canned Vegetables,Canned Vegetables,1,1.05,1.05,Normal
I2026002127,O202601162,2026-04-19,C0130,104,"Pasta Zara Conchiglie No.54, 500g",pasta,Pasta,1,1.31,1.31,Normal
I2026002128,O202601163,2026-04-19,C0134,165,NewLand Mayonnaise Garlic Flavor 300ml,Cooking & Baking,Sauce,1,1.61,1.61,Normal
I2026002129,O202601163,2026-04-19,C0134,162,"NewLand Special Sauce For Burgers & Fries, 300g",Cooking & Baking,Frozen fries,1,2,2,Normal
I2026002130,O202601163,2026-04-19,C0134,282,"Storck Toffifee Hazelnut In Caramel Candy, 125g",Chocolate,Soft Drinks,1,2.15,2.15,Normal
I2026002131,O202601164,2026-04-19,C0094,326,"Eti Pop Kek Cocoa Cake, 200g",Cakes and Rolls,Bakery,1,1.95,1.95,Normal
I2026002132,O202601165,2026-04-19,C0037,107,"Barakah Al Sanabel Chiffari Lisci, 450g",pasta,Pasta,1,0.35,0.35,Normal
I2026002133,O202601165,2026-04-19,C0037,273,"Galaxy Dark Truffle Dark Chocolate Bar, 33g",Chocolate,Soft Drinks,1,0.77,0.77,Normal
I2026002134,O202601166,2026-04-19,C0056,288,"Galaxy Jewels Assorted Chocolate Box, 650g",Chocolate,Soft Drinks,1,17.3,17.3,Normal
I2026002135,O202601167,2026-04-19,C0076,279,"Ozmo Hoppo Biscuit Filled with Chocolate Cream, 40g",Chocolate,Chocolate,1,0.6,0.6,Normal
I2026002136,O202601167,2026-04-19,C0076,317,"Spuds Sour Cream & Onion Craft Cooked Chips, 65g",Chips,Chips,1,0.75,0.75,Normal
I2026002137,O202601167,2026-04-19,C0076,217,"Kinza Blackcurrant Carbonated Drink Can, 250ml",Soft Drinks,Soft Drinks,1,0.25,0.25,Normal
I2026002138,O202601168,2026-04-19,C0088,85,"Alpro Plant-Based Barista Soya Drink, 1L",Milk Alternatives,Dairy,2,2.8,5.6,Normal
I2026002139,O202601169,2026-04-20,C0085,280,"Ferrero Rocher Fine Crunchy Hazelnuts Dipped in Smooth Milk Chocolate, (3 Pieces), 37.5g",Chocolate,Chocolate,1,1,1,Normal
I2026002140,O202601169,2026-04-20,C0085,333,"Bifa Keks Roll Cake with Cocoa Cream, 50g",Cakes and Rolls,Dairy,1,0.25,0.25,Normal
I2026002141,O202601170,2026-04-20,C0013,77,"Nadec Milk Chocolate Milk, 6x125ml",Long Life Milk,Chocolate,2,1.35,2.7,Normal
I2026002142,O202601170,2026-04-20,C0013,5,Frozen fries,frozen food,Frozen fries,1,2.5,2.5,Normal
I2026002143,O202601170,2026-04-20,C0013,305,"Lay's Tomato Ketchup Potato Chips, 110g",Chips,Sauce,1,1,1,Normal
I2026002144,O202601170,2026-04-20,C0013,324,"Eti Adicto Gold Mini Chocolate Brown Cake, 180g",Cakes and Rolls,Soft Drinks,3,1.7,5.1,Normal
I2026002145,O202601171,2026-04-20,C0023,276,Said Junior Cup 50 g,Chocolate,Chocolate,2,0.75,1.5,Normal
I2026002146,O202601171,2026-04-20,C0023,308,"Doritos Nacho Cheese Tortilla Chips, 120g",Chips,Chips,1,1,1,Normal
I2026002147,O202601171,2026-04-20,C0023,330,"L'usine Cupcakes Filled with Chocolate Cream, 18x30g",Cakes and Rolls,Soft Drinks,2,1.8,3.6,Normal
I2026002148,O202601171,2026-04-20,C0023,341,"Cool Gear Water Bottle - Pink, 650ml",back to school,Water,2,3.75,7.5,Normal
I2026002149,O202601172,2026-04-20,C0073,315,"Mr.Chips Disco Cheddar Cheese Flavor Snack, 58g",Chips,Cheese,1,0.25,0.25,Normal
I2026002150,O202601172,2026-04-20,C0073,337,"Alyoum Burger Buns, 6 Pieces",Burger Buns,Burger Buns,3,0.55,1.65,Normal
I2026002151,O202601172,2026-04-20,C0073,33,Burger,frozen food,Burger,1,5.15,5.15,Normal
I2026002152,O202601173,2026-04-20,C0104,291,"Mr.Chips Bugles Cheese Flavor Corn Snacks, 33g",Chips,Chips,1,0.3,0.3,Normal
I2026002153,O202601173,2026-04-20,C0104,201,"Kinza Soda Water Can, 250ml",water,Water,1,0.36,0.36,Normal
I2026002154,O202601174,2026-04-20,C0065,389,SWYOUN 48PCS Eid Al Adha Cupcake Topper Party Decorations,Eid al-Adha,Bakery,1,0.75,0.75,Normal
I2026002155,O202601175,2026-04-20,C0090,64,"Almarai Unsalted Natural Butter, 200g",butter,Dairy,1,2.05,2.05,Normal
I2026002156,O202601176,2026-04-21,C0005,2,Frozen pizza,frozen food,Frozen pizza,1,3.59,3.59,Normal
I2026002157,O202601177,2026-04-21,C0037,63,"Lurpak Unsalted Butter, 6x50g",butter,Dairy,1,4.23,4.23,Normal
I2026002158,O202601178,2026-04-21,C0056,281,"Raffaello Premium Coconut & Almond Pralines, 30g",Chocolate,Chocolate,1,0.9,0.9,Normal
I2026002159,O202601178,2026-04-21,C0056,294,"Mr.Chips Waves Smoky Bbq Chips, 50g",Chips,Chips,1,0.65,0.65,Normal
I2026002160,O202601178,2026-04-21,C0056,280,"Ferrero Rocher Fine Crunchy Hazelnuts Dipped in Smooth Milk Chocolate, (3 Pieces), 37.5g",Chocolate,Soft Drinks,4,1,4,Normal
I2026002161,O202601179,2026-04-21,C0045,316,"Hala Cheezers Twist Chips, 30g",Chips,Chips,1,0.1,0.1,Normal
I2026002162,O202601179,2026-04-21,C0045,288,"Galaxy Jewels Assorted Chocolate Box, 650g",Chocolate,Soft Drinks,1,17.3,17.3,Normal
I2026002163,O202601179,2026-04-21,C0045,283,"Galaxy Minstrels Chocolate, 42g",Chocolate,Chocolate,1,1.09,1.09,Normal
I2026002164,O202601180,2026-04-21,C0147,165,NewLand Mayonnaise Garlic Flavor 300ml,Cooking & Baking,Sauce,1,1.61,1.61,Normal
I2026002165,O202601180,2026-04-21,C0147,5,Frozen fries,frozen food,Frozen fries,1,2.5,2.5,Normal
I2026002166,O202601180,2026-04-21,C0147,324,"Eti Adicto Gold Mini Chocolate Brown Cake, 180g",Cakes and Rolls,Soft Drinks,3,1.7,5.1,Normal
I2026002167,O202601181,2026-04-22,C0002,317,"Spuds Sour Cream & Onion Craft Cooked Chips, 65g",Chips,Chips,3,0.75,2.25,Normal
I2026002168,O202601181,2026-04-22,C0002,1,Frozen pizza,frozen food,Frozen pizza,1,2.49,2.49,Normal
I2026002169,O202601182,2026-04-22,C0141,255,"Almarai Vanilla Fat Free Protein Milk No Added Sugar, 400ml",Sports & Energy Drinks,Dairy,2,1.62,3.24,Normal
I2026002170,O202601183,2026-04-22,C0106,107,"Barakah Al Sanabel Chiffari Lisci, 450g",pasta,Pasta,1,0.35,0.35,Normal
I2026002171,O202601184,2026-04-22,C0025,136,"Ard Jdadna Powder Garlic, 200g",Cooking & Baking,Sauce,1,2.2,2.2,Normal
I2026002172,O202601184,2026-04-22,C0025,337,"Alyoum Burger Buns, 6 Pieces",Burger Buns,Burger Buns,2,0.55,1.1,Normal
I2026002173,O202601184,2026-04-22,C0025,215,"Jordina Joy Orange, 1L",Soft Drinks,Soft Drinks,1,0.6,0.6,Normal
I2026002174,O202601184,2026-04-22,C0025,97,"Almarai Full Fat Processed Cheddar Burger Cheese (10 Slices), 200g",Cheese,Burger,1,1.4,1.4,Normal
I2026002175,O202601185,2026-04-22,C0045,295,"Mr.Chips Waves Grilled Burger Chips, 50g",Chips,Burger,1,0.65,0.65,Normal
I2026002176,O202601186,2026-04-22,C0033,178,"Luna Red Kidney Beans, 380g",Canned Vegetables,Canned Vegetables,3,0.76,2.28,Normal
I2026002177,O202601186,2026-04-22,C0033,106,Barilla Rigatoni 500 g,pasta,Pasta,2,1.68,3.36,Normal
I2026002178,O202601187,2026-04-22,C0052,104,"Pasta Zara Conchiglie No.54, 500g",pasta,Pasta,1,1.31,1.31,Normal
I2026002179,O202601188,2026-04-22,C0144,304,"Lay's Salt & Vinegar Chips, 110g",Chips,Chips,1,1,1,Normal
I2026002180,O202601188,2026-04-22,C0144,4,Frozen fries,frozen food,Frozen fries,1,1.9,1.9,Normal
I2026002181,O202601188,2026-04-22,C0144,325,"Eti Pop Kek Mini Cake with Dark Chocolate, 144g",Cakes and Rolls,Bakery,1,1.6,1.6,Normal
I2026002182,O202601189,2026-04-22,C0051,153,"Benina Soy Sauce Mild, 150g",Cooking & Baking,Sauce,1,1.05,1.05,Normal
I2026002183,O202601189,2026-04-22,C0051,162,"NewLand Special Sauce For Burgers & Fries, 300g",Cooking & Baking,Frozen fries,1,2,2,Normal
I2026002184,O202601189,2026-04-22,C0051,65,"KDD Thick Cream, 4x125ml",cream,Dairy,1,1.72,1.72,Normal
I2026002185,O202601189,2026-04-22,C0051,283,"Galaxy Minstrels Chocolate, 42g",Chocolate,Soft Drinks,1,1.09,1.09,Normal
I2026002186,O202601190,2026-04-23,C0133,173,NewLand Sliced Black Olives 345 g,Canned Vegetables,Canned Vegetables,1,1.2,1.2,Normal
I2026002187,O202601190,2026-04-23,C0133,107,"Barakah Al Sanabel Chiffari Lisci, 450g",pasta,Pasta,1,0.35,0.35,Normal
I2026002188,O202601191,2026-04-23,C0040,165,NewLand Mayonnaise Garlic Flavor 300ml,Cooking & Baking,Sauce,1,1.61,1.61,Normal
I2026002189,O202601191,2026-04-23,C0040,314,"Mr.Chips Pizza Flavor Corn Chips, 58g",Chips,Frozen pizza,1,0.25,0.25,Normal
I2026002190,O202601191,2026-04-23,C0040,209,"Super Sour Green Apple Carbonated Drink, 250ml",Soft Drinks,Soft Drinks,1,0.35,0.35,Normal
I2026002191,O202601191,2026-04-23,C0040,328,"Americana Orange Pound Cake, 300g",Cakes and Rolls,Juices,2,1.9,3.8,Normal
I2026002192,O202601192,2026-04-23,C0057,338,"Alyoum Burger Buns with Sesame Seeds, 6 Pieces",Burger Buns,Burger Buns,1,0.55,0.55,Normal
I2026002193,O202601192,2026-04-23,C0057,302,"Mr.Chips Cheese Pop Corn, 58g",Chips,Cheese,1,0.65,0.65,Normal
I2026002194,O202601192,2026-04-23,C0057,33,Burger,frozen food,Burger,1,5.15,5.15,Normal
I2026002195,O202601192,2026-04-23,C0057,155,"Kikkoman Soy Sauce, 591ml",Cooking & Baking,Sauce,2,3.55,7.1,Normal
I2026002196,O202601192,2026-04-23,C0057,336,"Barni Chocolate Cake, 30g",Cakes and Rolls,Soft Drinks,3,0.4,1.2,Normal
I2026002197,O202601193,2026-04-23,C0044,67,"Five Cows Thick Cream, 4x125ml",cream,Dairy,1,1.75,1.75,Normal
I2026002198,O202601194,2026-04-23,C0002,268,"Kinder Chocolate Milk Chocolate Bars With Milky Filling (4 Bars), 50g",Chocolate,Chocolate,1,0.6,0.6,Normal
I2026002199,O202601194,2026-04-23,C0002,296,"Mr.Chips Waves Honey Mustard Chips, 50g",Chips,Chips,1,0.65,0.65,Normal
I2026002200,O202601195,2026-04-23,C0140,270,"Galaxy Caramel Chocolate Bar, 34g",Chocolate,Chocolate,1,0.77,0.77,Normal
I2026002201,O202601195,2026-04-23,C0140,272,"Galaxy Crispy Chocolate Bar,Â 30g",Chocolate,Soft Drinks,3,0.77,2.31,Normal
I2026002202,O202601196,2026-04-23,C0024,267,"Kinder Bueno Milk Chocolate Bar in Wafer with Hazelnut Cream, 43g",Chocolate,Chocolate,1,0.75,0.75,Normal
I2026002203,O202601196,2026-04-23,C0024,311,"Pringles Salt & Vinegar Chips Can, 165g",Chips,Chips,1,1.7,1.7,Normal
I2026002204,O202601196,2026-04-23,C0024,208,"G Cherry Pop Sugar Free Flavored Soda, 300ml",Soft Drinks,Soft Drinks,3,0.55,1.65,Normal
I2026002205,O202601196,2026-04-23,C0024,325,"Eti Pop Kek Mini Cake with Dark Chocolate, 144g",Cakes and Rolls,Bakery,2,1.6,3.2,Normal
I2026002206,O202601197,2026-04-23,C0092,165,NewLand Mayonnaise Garlic Flavor 300ml,Cooking & Baking,Sauce,1,1.61,1.61,Normal
I2026002207,O202601197,2026-04-23,C0092,6,Frozen fries,frozen food,Frozen fries,1,3,3,Normal
I2026002208,O202601197,2026-04-23,C0092,274,"Nestle Kitkat Hazelnut 4 Fingers Chocolate, 41.5g",Chocolate,Soft Drinks,2,0.8,1.6,Normal
I2026002209,O202601198,2026-04-23,C0063,336,"Barni Chocolate Cake, 30g",Cakes and Rolls,Chocolate,1,0.4,0.4,Normal
I2026002210,O202601198,2026-04-23,C0063,307,"Lay's French Cheese Potato Chips, 110g",Chips,Chips,1,1,1,Normal
I2026002211,O202601198,2026-04-23,C0063,283,"Galaxy Minstrels Chocolate, 42g",Chocolate,Soft Drinks,4,1.09,4.36,Normal
I2026002212,O202601199,2026-04-23,C0011,2,Frozen pizza,frozen food,Frozen pizza,1,3.59,3.59,Normal
I2026002213,O202601199,2026-04-23,C0011,199,"Nestle Mineral Water, 6x1.5L",water,Water,1,2.2,2.2,Normal
I2026002214,O202601200,2026-04-24,C0041,162,"NewLand Special Sauce For Burgers & Fries, 300g",Cooking & Baking,Sauce,1,2,2,Normal
I2026002215,O202601200,2026-04-24,C0041,77,"Nadec Milk Chocolate Milk, 6x125ml",Long Life Milk,Soft Drinks,3,1.35,4.05,Normal
I2026002216,O202601200,2026-04-24,C0041,335,"Bifa Keks Cocoa Oval Banana Sauce Cake, 45g",Cakes and Rolls,Bakery,1,0.25,0.25,Normal
I2026002217,O202601201,2026-04-24,C0073,284,"Kinder Happy Hippo Biscuits with Double Cream Filling, 103.5g",Chocolate,Soft Drinks,2,1.95,3.9,Normal
I2026002218,O202601202,2026-04-24,C0144,304,"Lay's Salt & Vinegar Chips, 110g",Chips,Chips,1,1,1,Normal
I2026002219,O202601202,2026-04-24,C0144,4,Frozen fries,frozen food,Frozen fries,1,1.9,1.9,Normal
I2026002220,O202601202,2026-04-24,C0144,336,"Barni Chocolate Cake, 30g",Cakes and Rolls,Soft Drinks,1,0.4,0.4,Normal
I2026002221,O202601202,2026-04-24,C0144,281,"Raffaello Premium Coconut & Almond Pralines, 30g",Chocolate,Chocolate,1,0.9,0.9,Normal
I2026002222,O202601203,2026-04-24,C0100,88,"Almarai Greek Style Mango Yoghurt, 150g",Yoghurts,Dairy,1,0.9,0.9,Normal
I2026002223,O202601204,2026-04-24,C0144,315,"Mr.Chips Disco Cheddar Cheese Flavor Snack, 58g",Chips,Chips,3,0.25,0.75,Normal
I2026002224,O202601204,2026-04-24,C0144,322,"Eti Aditco Chocolate Cake, 36g",Cakes and Rolls,Soft Drinks,1,0.39,0.39,Normal
I2026002225,O202601204,2026-04-24,C0144,273,"Galaxy Dark Truffle Dark Chocolate Bar, 33g",Chocolate,Chocolate,1,0.77,0.77,Normal
I2026002226,O202601205,2026-04-24,C0077,296,"Mr.Chips Waves Honey Mustard Chips, 50g",Chips,Chips,1,0.65,0.65,Normal
I2026002227,O202601205,2026-04-24,C0077,77,"Nadec Milk Chocolate Milk, 6x125ml",Long Life Milk,Dairy,1,1.35,1.35,Normal
I2026002228,O202601205,2026-04-24,C0077,282,"Storck Toffifee Hazelnut In Caramel Candy, 125g",Chocolate,Soft Drinks,3,2.15,6.45,Normal
I2026002229,O202601205,2026-04-24,C0077,286,Mythic Sensation Mini Milk Chocolate 30 g,Chocolate,Chocolate,2,0.55,1.1,Normal
I2026002230,O202601206,2026-04-24,C0128,166,Maxim's Sliced Tuna With Garlic And Black Pepper 120 g,Canned Seafood,Sauce,1,2.29,2.29,Normal
I2026002231,O202601206,2026-04-24,C0128,1,Frozen pizza,frozen food,Frozen pizza,1,2.49,2.49,Normal
I2026002232,O202601206,2026-04-24,C0128,259,"Almarai Mango Juice, 1L",Juices,Juices,1,1.25,1.25,Normal
I2026002233,O202601207,2026-04-24,C0143,300,"Mr.Chips Chilli Potato Chips, 68g",Chips,Chips,1,0.6,0.6,Normal
I2026002234,O202601207,2026-04-24,C0143,105,"Al-Ghazal Pasta Bucatini 1, 300g",pasta,Pasta,3,0.49,1.47,Normal
I2026002235,O202601207,2026-04-24,C0143,389,SWYOUN 48PCS Eid Al Adha Cupcake Topper Party Decorations,Eid al-Adha,Bakery,1,0.75,0.75,Normal
I2026002236,O202601208,2026-04-24,C0022,182,Durra Hummus Grains 400 g,Canned Vegetables,Fruit And Veg,1,0.68,0.68,Normal
I2026002237,O202601209,2026-04-25,C0086,105,"Al-Ghazal Pasta Bucatini 1, 300g",pasta,Pasta,1,0.49,0.49,Normal
I2026002238,O202601210,2026-04-25,C0040,337,"Alyoum Burger Buns, 6 Pieces",Burger Buns,Burger Buns,3,0.55,1.65,Normal
I2026002239,O202601210,2026-04-25,C0040,291,"Mr.Chips Bugles Cheese Flavor Corn Snacks, 33g",Chips,Cheese,1,0.3,0.3,Normal
I2026002240,O202601210,2026-04-25,C0040,33,Burger,frozen food,Burger,1,5.15,5.15,Normal
I2026002241,O202601210,2026-04-25,C0040,137,"Ard Jdadna Powder Garlic, 200g",Cooking & Baking,Sauce,1,1.9,1.9,Normal
I2026002242,O202601210,2026-04-25,C0040,330,"L'usine Cupcakes Filled with Chocolate Cream, 18x30g",Cakes and Rolls,Soft Drinks,1,1.8,1.8,Normal
I2026002243,O202601211,2026-04-25,C0012,293,"Smart Chips Crunchy Rings Pizza Flavor, 80g",Chips,Chips,1,1,1,Normal
I2026002244,O202601211,2026-04-25,C0012,276,Said Junior Cup 50 g,Chocolate,Soft Drinks,2,0.75,1.5,Normal
I2026002245,O202601211,2026-04-25,C0012,330,"L'usine Cupcakes Filled with Chocolate Cream, 18x30g",Cakes and Rolls,Chocolate,1,1.8,1.8,Normal
I2026002246,O202601212,2026-04-25,C0014,303,"Cheetos Crunchy Flaming Hot Chips, 115g",Chips,Chips,3,1,3,Normal
I2026002247,O202601212,2026-04-25,C0014,314,"Mr.Chips Pizza Flavor Corn Chips, 58g",Chips,Frozen pizza,1,0.25,0.25,Normal
I2026002248,O202601213,2026-04-25,C0010,306,"Lay's Chili Potato Chips, 110g",Chips,Chips,1,1,1,Normal
I2026002249,O202601213,2026-04-25,C0010,282,"Storck Toffifee Hazelnut In Caramel Candy, 125g",Chocolate,Soft Drinks,2,2.15,4.3,Normal
I2026002250,O202601213,2026-04-25,C0010,325,"Eti Pop Kek Mini Cake with Dark Chocolate, 144g",Cakes and Rolls,Chocolate,1,1.6,1.6,Normal
I2026002251,O202601214,2026-04-25,C0058,228,"Mr. Brown Chocolate Flavor Iced Coffee, 240ml",Specialty Drinks,Chocolate,2,0.95,1.9,Normal
I2026002252,O202601214,2026-04-25,C0058,69,"Nadec Long Life Full Fat UHT Milk, 4x1L",Long Life Milk,Dairy,1,3.35,3.35,Normal
I2026002253,O202601214,2026-04-25,C0058,321,"Molto XL Croissant Chocolate With Hazelnut, 42.5g",Cakes and Rolls,Bakery,1,0.25,0.25,Normal
I2026002254,O202601215,2026-04-25,C0075,160,NewLand Tomato Ketchup 567 g,Cooking & Baking,Sauce,1,2.09,2.09,Normal
I2026002255,O202601215,2026-04-25,C0075,314,"Mr.Chips Pizza Flavor Corn Chips, 58g",Chips,Frozen pizza,1,0.25,0.25,Normal
I2026002256,O202601215,2026-04-25,C0075,213,"Crush Orange Soft Drink Pet Bottle, 1L",Soft Drinks,Juices,2,0.33,0.66,Normal
I2026002257,O202601216,2026-04-25,C0141,105,"Al-Ghazal Pasta Bucatini 1, 300g",pasta,Pasta,1,0.49,0.49,Normal
I2026002258,O202601217,2026-04-25,C0005,155,"Kikkoman Soy Sauce, 591ml",Cooking & Baking,Sauce,1,3.55,3.55,Normal
I2026002259,O202601217,2026-04-25,C0005,7,Frozen fries,frozen food,Frozen fries,1,1.85,1.85,Normal
I2026002260,O202601217,2026-04-25,C0005,77,"Nadec Milk Chocolate Milk, 6x125ml",Long Life Milk,Soft Drinks,4,1.35,5.4,Normal
I2026002261,O202601218,2026-04-25,C0073,267,"Kinder Bueno Milk Chocolate Bar in Wafer with Hazelnut Cream, 43g",Chocolate,Dairy,3,0.75,2.25,Normal
I2026002262,O202601219,2026-04-25,C0034,6,Frozen fries,frozen food,Frozen fries,1,3,3,Normal
I2026002263,O202601220,2026-04-25,C0020,283,"Galaxy Minstrels Chocolate, 42g",Chocolate,Chocolate,3,1.09,3.27,Normal
I2026002264,O202601220,2026-04-25,C0020,174,"Maxims Sweet Corn, 340g",Canned Vegetables,Canned Vegetables,1,1.5,1.5,Normal
I2026002265,O202601220,2026-04-25,C0020,105,"Al-Ghazal Pasta Bucatini 1, 300g",pasta,Pasta,2,0.49,0.98,Normal
I2026002266,O202601221,2026-04-26,C0092,19,Fruit And Veg,frozen food,Fruit And Veg,1,0.85,0.85,Normal
I2026002267,O202601221,2026-04-26,C0092,129,Blue Mill Paprika 200 g,Cooking & Baking,Spices & Seasonings,1,3.85,3.85,Normal
I2026002268,O202601222,2026-04-26,C0131,64,"Almarai Unsalted Natural Butter, 200g",butter,Dairy,1,2.05,2.05,Normal
I2026002269,O202601223,2026-04-26,C0005,110,"Golden Corn Oil, 2.9L",oil,Canned Vegetables,1,5.69,5.69,Normal
I2026002270,O202601223,2026-04-26,C0005,107,"Barakah Al Sanabel Chiffari Lisci, 450g",pasta,Pasta,1,0.35,0.35,Normal
I2026002271,O202601223,2026-04-26,C0005,341,"Cool Gear Water Bottle - Pink, 650ml",back to school,Water,1,3.75,3.75,Normal
I2026002272,O202601224,2026-04-26,C0134,291,"Mr.Chips Bugles Cheese Flavor Corn Snacks, 33g",Chips,Chips,1,0.3,0.3,Normal
I2026002273,O202601224,2026-04-26,C0134,228,"Mr. Brown Chocolate Flavor Iced Coffee, 240ml",Specialty Drinks,Soft Drinks,3,0.95,2.85,Normal
I2026002274,O202601224,2026-04-26,C0134,275,"Kinder Joy Chocolate Egg for Boys Assorted, 20g",Chocolate,Chocolate,1,0.7,0.7,Normal
I2026002275,O202601225,2026-04-26,C0083,333,"Bifa Keks Roll Cake with Cocoa Cream, 50g",Cakes and Rolls,Bakery,1,0.25,0.25,Normal
I2026002276,O202601226,2026-04-26,C0113,104,"Pasta Zara Conchiglie No.54, 500g",pasta,Pasta,1,1.31,1.31,Normal
I2026002277,O202601227,2026-04-26,C0108,288,"Galaxy Jewels Assorted Chocolate Box, 650g",Chocolate,Chocolate,1,17.3,17.3,Normal
I2026002278,O202601227,2026-04-26,C0108,291,"Mr.Chips Bugles Cheese Flavor Corn Snacks, 33g",Chips,Chips,3,0.3,0.9,Normal
I2026002279,O202601227,2026-04-26,C0108,283,"Galaxy Minstrels Chocolate, 42g",Chocolate,Soft Drinks,2,1.09,2.18,Normal
I2026002280,O202601228,2026-04-26,C0118,338,"Alyoum Burger Buns with Sesame Seeds, 6 Pieces",Burger Buns,Burger Buns,3,0.55,1.65,Normal
I2026002281,O202601228,2026-04-26,C0118,96,"Almarai Cheddar Cheese Slices, 200g",Cheese,Cheese,1,1.4,1.4,Normal
I2026002282,O202601228,2026-04-26,C0118,26,Burger,frozen food,Burger,1,3.1,3.1,Normal
I2026002283,O202601228,2026-04-26,C0118,166,Maxim's Sliced Tuna With Garlic And Black Pepper 120 g,Canned Seafood,Sauce,1,2.29,2.29,Normal
I2026002284,O202601228,2026-04-26,C0118,280,"Ferrero Rocher Fine Crunchy Hazelnuts Dipped in Smooth Milk Chocolate, (3 Pieces), 37.5g",Chocolate,Soft Drinks,1,1,1,Normal
I2026002285,O202601229,2026-04-26,C0077,174,"Maxims Sweet Corn, 340g",Canned Vegetables,Fruit And Veg,3,1.5,4.5,Normal
I2026002286,O202601229,2026-04-26,C0077,145,"Aroma Garden Biryani Spices, 100g",Cooking & Baking,Spices & Seasonings,1,2.09,2.09,Normal
I2026002287,O202601230,2026-04-26,C0123,177,NewLand American Black Beans 432 g,Canned Vegetables,Canned Vegetables,1,1.45,1.45,Normal
I2026002288,O202601230,2026-04-26,C0123,105,"Al-Ghazal Pasta Bucatini 1, 300g",pasta,Pasta,1,0.49,0.49,Normal
I2026002289,O202601231,2026-04-26,C0059,87,"Pascual Vive Soy High Calcium Oat Drink, 1L",Milk Alternatives,Dairy,1,3.5,3.5,Normal
I2026002290,O202601231,2026-04-26,C0059,327,"Americana Marble Pound Cake, 300g",Cakes and Rolls,Bakery,1,1.9,1.9,Normal
I2026002291,O202601232,2026-04-26,C0130,389,SWYOUN 48PCS Eid Al Adha Cupcake Topper Party Decorations,Eid al-Adha,Bakery,1,0.75,0.75,Normal
I2026002292,O202601233,2026-04-27,C0009,6,Frozen fries,frozen food,Frozen fries,1,3,3,Normal
I2026002293,O202601233,2026-04-27,C0009,104,"Pasta Zara Conchiglie No.54, 500g",pasta,Pasta,1,1.31,1.31,Normal
I2026002294,O202601233,2026-04-27,C0009,191,"Exeter Canned Corned Beef, 340g",Canned Meat,Canned Vegetables,1,2.35,2.35,Normal
I2026002295,O202601233,2026-04-27,C0009,330,"L'usine Cupcakes Filled with Chocolate Cream, 18x30g",Cakes and Rolls,Bakery,1,1.8,1.8,Normal
I2026002296,O202601233,2026-04-27,C0009,155,"Kikkoman Soy Sauce, 591ml",Cooking & Baking,Sauce,1,3.55,3.55,Normal
I2026002297,O202601234,2026-04-27,C0060,2,Frozen pizza,frozen food,Frozen pizza,2,3.59,7.18,Normal
I2026002298,O202601235,2026-04-27,C0049,1,Frozen pizza,frozen food,Frozen pizza,2,2.49,4.98,Normal
I2026002299,O202601236,2026-04-27,C0030,106,Barilla Rigatoni 500 g,pasta,Pasta,3,1.68,5.04,Normal
I2026002300,O202601236,2026-04-27,C0030,338,"Alyoum Burger Buns with Sesame Seeds, 6 Pieces",Burger Buns,Burger Buns,4,0.55,2.2,Normal
I2026002301,O202601236,2026-04-27,C0030,180,Albayrouty Mushroom Slices 400 g,Canned Vegetables,Canned Vegetables,3,1.05,3.15,Normal
I2026002302,O202601236,2026-04-27,C0030,56,"Almarai Cream Cheese, 6 Portion, 108g",cheese,Cheese,1,1.02,1.02,Normal
I2026002303,O202601236,2026-04-27,C0030,165,NewLand Mayonnaise Garlic Flavor 300ml,Cooking & Baking,Sauce,1,1.61,1.61,Normal
I2026002304,O202601236,2026-04-27,C0030,214,"Kinza Lemon Carbonated Drink, 1L",Soft Drinks,Soft Drinks,1,0.4,0.4,Normal
I2026002305,O202601237,2026-04-27,C0010,309,"Doritos Sweet Chili Pepper Tortilla Chips, 120g",Chips,Chips,1,1,1,Normal
I2026002306,O202601238,2026-04-27,C0119,279,"Ozmo Hoppo Biscuit Filled with Chocolate Cream, 40g",Chocolate,Chocolate,1,0.6,0.6,Normal
I2026002307,O202601238,2026-04-27,C0119,300,"Mr.Chips Chilli Potato Chips, 68g",Chips,Chips,1,0.6,0.6,Normal
I2026002308,O202601238,2026-04-27,C0119,213,"Crush Orange Soft Drink Pet Bottle, 1L",Soft Drinks,Soft Drinks,2,0.33,0.66,Normal
I2026002309,O202601239,2026-04-27,C0082,167,Maxim's Smoked Tuna Oil 185 g,Canned Seafood,Oil,1,3,3,Normal
I2026002310,O202601239,2026-04-27,C0082,112,"Kasih Vegetable Oil Cooking Spray, 141g",oil,Fruit And Veg,1,2.25,2.25,Normal
I2026002311,O202601239,2026-04-27,C0082,100,Tiger Rice 3.5 kg,rice,Rice,1,3.65,3.65,Normal
I2026002312,O202601239,2026-04-27,C0082,129,Blue Mill Paprika 200 g,Cooking & Baking,Spices & Seasonings,1,3.85,3.85,Normal
I2026002313,O202601240,2026-04-27,C0027,335,"Bifa Keks Cocoa Oval Banana Sauce Cake, 45g",Cakes and Rolls,Sauce,1,0.25,0.25,Normal
I2026002314,O202601240,2026-04-27,C0027,5,Frozen fries,frozen food,Frozen fries,1,2.5,2.5,Normal
I2026002315,O202601240,2026-04-27,C0027,268,"Kinder Chocolate Milk Chocolate Bars With Milky Filling (4 Bars), 50g",Chocolate,Soft Drinks,2,0.6,1.2,Normal
I2026002316,O202601241,2026-04-27,C0048,168,"Al Sayad Tuna In Vegetable Oil, 160g",Canned Seafood,Fruit And Veg,1,0.79,0.79,Normal
I2026002317,O202601241,2026-04-27,C0048,1,Frozen pizza,frozen food,Frozen pizza,1,2.49,2.49,Normal
I2026002318,O202601241,2026-04-27,C0048,152,"Benina Garlic Chili Sauce, 280g",Cooking & Baking,Spices & Seasonings,1,1.49,1.49,Normal
I2026002319,O202601241,2026-04-27,C0048,262,"KDD Long Life Apple Juice, 1L",Juices,Juices,2,1.33,2.66,Normal
I2026002320,O202601241,2026-04-27,C0048,305,"Lay's Tomato Ketchup Potato Chips, 110g",Chips,Sauce,1,1,1,Normal
I2026002321,O202601242,2026-04-27,C0040,275,"Kinder Joy Chocolate Egg for Boys Assorted, 20g",Chocolate,Chocolate,1,0.7,0.7,Normal
I2026002322,O202601242,2026-04-27,C0040,7,Frozen fries,frozen food,Frozen fries,1,1.85,1.85,Normal
I2026002323,O202601242,2026-04-27,C0040,297,"Mr.Chips Paprika Potato Chips, 68g",Chips,Chips,1,0.6,0.6,Normal
I2026002324,O202601242,2026-04-27,C0040,208,"G Cherry Pop Sugar Free Flavored Soda, 300ml",Soft Drinks,Soft Drinks,1,0.55,0.55,Normal
I2026002325,O202601243,2026-04-27,C0007,322,"Eti Aditco Chocolate Cake, 36g",Cakes and Rolls,Chocolate,1,0.39,0.39,Normal
I2026002326,O202601243,2026-04-27,C0007,337,"Alyoum Burger Buns, 6 Pieces",Burger Buns,Burger Buns,4,0.55,2.2,Normal
I2026002327,O202601243,2026-04-27,C0007,299,"Mr.Chips Cheese Potato Chips, 68g",Chips,Cheese,1,0.6,0.6,Normal
I2026002328,O202601243,2026-04-27,C0007,27,Burger,frozen food,Burger,1,3.8,3.8,Normal
I2026002329,O202601243,2026-04-27,C0007,136,"Ard Jdadna Powder Garlic, 200g",Cooking & Baking,Sauce,1,2.2,2.2,Normal
I2026002330,O202601243,2026-04-27,C0007,320,"Spuds Tomato Bruschetta Craft Cooked Chips, 65g",Chips,Chips,1,0.75,0.75,Normal
I2026002331,O202601243,2026-04-27,C0007,207,"G Mixed Berry Fusion Flavored Soda, 300ml",Soft Drinks,Soft Drinks,2,0.55,1.1,Normal
I2026002332,O202601244,2026-04-27,C0045,152,"Benina Garlic Chili Sauce, 280g",Cooking & Baking,Sauce,1,1.49,1.49,Normal
I2026002333,O202601244,2026-04-27,C0045,315,"Mr.Chips Disco Cheddar Cheese Flavor Snack, 58g",Chips,Cheese,1,0.25,0.25,Normal
I2026002334,O202601244,2026-04-27,C0045,290,Choco Lake Choco Biscuits 650G,Chocolate,Soft Drinks,1,3,3,Normal
I2026002335,O202601244,2026-04-27,C0045,337,"Alyoum Burger Buns, 6 Pieces",Burger Buns,Burger,1,0.55,0.55,Normal
I2026002336,O202601245,2026-04-28,C0026,336,"Barni Chocolate Cake, 30g",Cakes and Rolls,Chocolate,1,0.4,0.4,Normal
I2026002337,O202601245,2026-04-28,C0026,328,"Americana Orange Pound Cake, 300g",Cakes and Rolls,Bakery,3,1.9,5.7,Normal
I2026002338,O202601246,2026-04-28,C0017,268,"Kinder Chocolate Milk Chocolate Bars With Milky Filling (4 Bars), 50g",Chocolate,Dairy,1,0.6,0.6,Normal
I2026002339,O202601247,2026-04-28,C0136,272,"Galaxy Crispy Chocolate Bar,Â 30g",Chocolate,Chocolate,1,0.77,0.77,Normal
I2026002340,O202601247,2026-04-28,C0136,313,"Mr.Chips Crocodile Cheese & Pizza Flavor Snack, 58g",Chips,Frozen pizza,1,0.25,0.25,Normal
I2026002341,O202601247,2026-04-28,C0136,263,"Al Rabie Orange Juice, 1L",Juices,Juices,2,1.55,3.1,Normal
I2026002342,O202601247,2026-04-28,C0136,315,"Mr.Chips Disco Cheddar Cheese Flavor Snack, 58g",Chips,Chips,2,0.25,0.5,Normal
I2026002343,O202601247,2026-04-28,C0136,321,"Molto XL Croissant Chocolate With Hazelnut, 42.5g",Cakes and Rolls,Soft Drinks,1,0.25,0.25,Normal
I2026002344,O202601248,2026-04-28,C0075,278,"Ozmo Fun Shape Milk Chocolate Lollipop, 23g",Chocolate,Chocolate,1,0.6,0.6,Normal
I2026002345,O202601248,2026-04-28,C0075,312,"Pringles Sour Cream & Onion Chips Can, 165g",Chips,Chips,3,1.7,5.1,Normal
I2026002346,O202601249,2026-04-28,C0119,90,"Almarai Greek Style Full Fat Blueberry Yoghurt, 150g",Yoghurts,Dairy,1,0.9,0.9,Normal
I2026002347,O202601250,2026-04-28,C0007,152,"Benina Garlic Chili Sauce, 280g",Cooking & Baking,Sauce,1,1.49,1.49,Normal
I2026002348,O202601250,2026-04-28,C0007,162,"NewLand Special Sauce For Burgers & Fries, 300g",Cooking & Baking,Frozen fries,1,2,2,Normal
I2026002349,O202601250,2026-04-28,C0007,86,"Pascual Vive Soy High Calcium Soy Drink, 1L",Milk Alternatives,Eggs,2,3.5,7,Normal
I2026002350,O202601250,2026-04-28,C0007,277,"Ozmo Milk Chocolate Egg Shapes, 20g",Chocolate,Soft Drinks,1,0.75,0.75,Normal
I2026002351,O202601251,2026-04-28,C0020,335,"Bifa Keks Cocoa Oval Banana Sauce Cake, 45g",Cakes and Rolls,Sauce,1,0.25,0.25,Normal
I2026002352,O202601251,2026-04-28,C0020,308,"Doritos Nacho Cheese Tortilla Chips, 120g",Chips,Cheese,1,1,1,Normal
I2026002353,O202601251,2026-04-28,C0020,337,"Alyoum Burger Buns, 6 Pieces",Burger Buns,Burger Buns,2,0.55,1.1,Normal
I2026002354,O202601252,2026-04-29,C0001,279,"Ozmo Hoppo Biscuit Filled with Chocolate Cream, 40g",Chocolate,Soft Drinks,2,0.6,1.2,Normal
I2026002355,O202601253,2026-04-29,C0099,89,"Almarai Greek Style Full Fat Strawberry Yoghurt, 150g",Yoghurts,Dairy,1,0.9,0.9,Normal
I2026002356,O202601254,2026-04-29,C0104,268,"Kinder Chocolate Milk Chocolate Bars With Milky Filling (4 Bars), 50g",Chocolate,Chocolate,1,0.6,0.6,Normal
I2026002357,O202601254,2026-04-29,C0104,284,"Kinder Happy Hippo Biscuits with Double Cream Filling, 103.5g",Chocolate,Dairy,1,1.95,1.95,Normal
I2026002358,O202601255,2026-04-29,C0032,312,"Pringles Sour Cream & Onion Chips Can, 165g",Chips,Chips,1,1.7,1.7,Normal
I2026002359,O202601255,2026-04-29,C0032,283,"Galaxy Minstrels Chocolate, 42g",Chocolate,Soft Drinks,3,1.09,3.27,Normal
I2026002360,O202601255,2026-04-29,C0032,289,"Choco Lake Diamond Twist Kunafa with Peanut Butter Filling, 450g",Chocolate,Chocolate,2,4.99,9.98,Normal
I2026002361,O202601256,2026-04-29,C0027,319,"Spuds Sweet & Chilli Salsa Craft Cooked Chips, 65g",Chips,Chips,1,0.75,0.75,Normal
I2026002362,O202601256,2026-04-29,C0027,322,"Eti Aditco Chocolate Cake, 36g",Cakes and Rolls,Bakery,2,0.39,0.78,Normal
I2026002363,O202601257,2026-04-29,C0038,162,"NewLand Special Sauce For Burgers & Fries, 300g",Cooking & Baking,Frozen fries,1,2,2,Normal
I2026002364,O202601258,2026-04-29,C0015,283,"Galaxy Minstrels Chocolate, 42g",Chocolate,Chocolate,1,1.09,1.09,Normal
I2026002365,O202601258,2026-04-29,C0015,337,"Alyoum Burger Buns, 6 Pieces",Burger Buns,Burger Buns,2,0.55,1.1,Normal
I2026002366,O202601258,2026-04-29,C0015,313,"Mr.Chips Crocodile Cheese & Pizza Flavor Snack, 58g",Chips,Cheese,1,0.25,0.25,Normal
I2026002367,O202601258,2026-04-29,C0015,162,"NewLand Special Sauce For Burgers & Fries, 300g",Cooking & Baking,Burger,1,2,2,Normal
I2026002368,O202601258,2026-04-29,C0015,165,NewLand Mayonnaise Garlic Flavor 300ml,Cooking & Baking,Sauce,2,1.61,3.22,Normal
I2026002369,O202601258,2026-04-29,C0015,293,"Smart Chips Crunchy Rings Pizza Flavor, 80g",Chips,Chips,1,1,1,Normal
I2026002370,O202601258,2026-04-29,C0015,288,"Galaxy Jewels Assorted Chocolate Box, 650g",Chocolate,Soft Drinks,2,17.3,34.6,Normal
I2026002371,O202601259,2026-04-29,C0135,65,"KDD Thick Cream, 4x125ml",cream,Dairy,1,1.72,1.72,Normal
I2026002372,O202601259,2026-04-29,C0135,104,"Pasta Zara Conchiglie No.54, 500g",pasta,Pasta,1,1.31,1.31,Normal
I2026002373,O202601260,2026-04-29,C0056,107,"Barakah Al Sanabel Chiffari Lisci, 450g",pasta,Pasta,1,0.35,0.35,Normal
I2026002374,O202601261,2026-04-30,C0085,77,"Nadec Milk Chocolate Milk, 6x125ml",Long Life Milk,Dairy,3,1.35,4.05,Normal
I2026002375,O202601261,2026-04-30,C0085,333,"Bifa Keks Roll Cake with Cocoa Cream, 50g",Cakes and Rolls,Bakery,1,0.25,0.25,Normal
I2026002376,O202601262,2026-04-30,C0046,298,"Mr.Chips Salt & Vinegar Potato Chips, 68g",Chips,Chips,3,0.6,1.8,Normal
I2026002377,O202601262,2026-04-30,C0046,77,"Nadec Milk Chocolate Milk, 6x125ml",Long Life Milk,Soft Drinks,1,1.35,1.35,Normal
I2026002378,O202601262,2026-04-30,C0046,325,"Eti Pop Kek Mini Cake with Dark Chocolate, 144g",Cakes and Rolls,Chocolate,1,1.6,1.6,Normal
I2026002379,O202601263,2026-04-30,C0016,284,"Kinder Happy Hippo Biscuits with Double Cream Filling, 103.5g",Chocolate,Chocolate,1,1.95,1.95,Normal
I2026002380,O202601263,2026-04-30,C0016,301,"Mr.Chips Paprika Snack Mix, 78g",Chips,Chips,1,0.6,0.6,Normal
I2026002381,O202601263,2026-04-30,C0016,274,"Nestle Kitkat Hazelnut 4 Fingers Chocolate, 41.5g",Chocolate,Soft Drinks,1,0.8,0.8,Normal
I2026002382,O202601264,2026-04-30,C0045,165,NewLand Mayonnaise Garlic Flavor 300ml,Cooking & Baking,Sauce,2,1.61,3.22,Normal
I2026002383,O202601264,2026-04-30,C0045,294,"Mr.Chips Waves Smoky Bbq Chips, 50g",Chips,Chips,1,0.65,0.65,Normal
I2026002384,O202601264,2026-04-30,C0045,293,"Smart Chips Crunchy Rings Pizza Flavor, 80g",Chips,Frozen pizza,1,1,1,Normal
I2026002385,O202601265,2026-04-30,C0135,336,"Barni Chocolate Cake, 30g",Cakes and Rolls,Chocolate,1,0.4,0.4,Normal
I2026002386,O202601265,2026-04-30,C0135,319,"Spuds Sweet & Chilli Salsa Craft Cooked Chips, 65g",Chips,Chips,1,0.75,0.75,Normal
I2026002387,O202601265,2026-04-30,C0135,123,"Foster Clark's Bicarbonate of Soda, 150g",Cooking & Baking,Soft Drinks,4,0.9,3.6,Normal
I2026002388,O202601266,2026-04-30,C0064,90,"Almarai Greek Style Full Fat Blueberry Yoghurt, 150g",Yoghurts,Dairy,1,0.9,0.9,Normal
I2026002389,O202601267,2026-04-30,C0049,329,"Americana Chocolate Pound Cake, 300g",Cakes and Rolls,Chocolate,1,1.9,1.9,Normal
I2026002390,O202601267,2026-04-30,C0049,290,Choco Lake Choco Biscuits 650G,Chocolate,Soft Drinks,1,3,3,Normal
I2026002391,O202601268,2026-04-30,C0094,60,"Free Field Farms White Eggs, 15 Pieces",eggs,Eggs,4,4.25,17,Normal
I2026002392,O202601268,2026-04-30,C0094,307,"Lay's French Cheese Potato Chips, 110g",Chips,Cheese,1,1,1,Normal
I2026002393,O202601268,2026-04-30,C0094,271,"Galaxy Hazelnut Chocolate Bar, 30g",Chocolate,Soft Drinks,1,0.77,0.77,Normal
I2026002394,O202601268,2026-04-30,C0094,337,"Alyoum Burger Buns, 6 Pieces",Burger Buns,Burger,1,0.55,0.55,Normal
I2026002395,O202601269,2026-04-30,C0041,299,"Mr.Chips Cheese Potato Chips, 68g",Chips,Chips,2,0.6,1.2,Normal
I2026002396,O202601270,2026-04-30,C0003,99,"Kraft Original Cheddar Cheese Slices, 200g",Cheese,Cheese,1,1.75,1.75,Normal
I2026002397,O202601270,2026-04-30,C0003,337,"Alyoum Burger Buns, 6 Pieces",Burger Buns,Burger Buns,3,0.55,1.65,Normal
I2026002398,O202601270,2026-04-30,C0003,211,"TT Peach ice Tea, 330ml",Soft Drinks,Soft Drinks,1,0.25,0.25,Normal
I2026002399,O202601270,2026-04-30,C0003,27,Burger,frozen food,Burger,2,3.8,7.6,Normal
I2026002400,O202601271,2026-05-01,C0013,179,"California Garden Whole Kernal Sweet Corn, 400g",Canned Vegetables,Fruit And Veg,2,1.05,2.1,Normal
I2026002401,O202601272,2026-05-01,C0060,319,"Spuds Sweet & Chilli Salsa Craft Cooked Chips, 65g",Chips,Chips,1,0.75,0.75,Normal
I2026002402,O202601272,2026-05-01,C0060,233,"Baladna Coffee with Milk Low Fat Cow Milk, 250ml",Specialty Drinks,Dairy,1,0.8,0.8,Normal
I2026002403,O202601272,2026-05-01,C0060,215,"Jordina Joy Orange, 1L",Soft Drinks,Soft Drinks,3,0.6,1.8,Normal
I2026002404,O202601273,2026-05-01,C0112,321,"Molto XL Croissant Chocolate With Hazelnut, 42.5g",Cakes and Rolls,Chocolate,1,0.25,0.25,Normal
I2026002405,O202601273,2026-05-01,C0112,389,SWYOUN 48PCS Eid Al Adha Cupcake Topper Party Decorations,Eid al-Adha,Bakery,1,0.75,0.75,Normal
I2026002406,O202601274,2026-05-01,C0023,288,"Galaxy Jewels Assorted Chocolate Box, 650g",Chocolate,Chocolate,1,17.3,17.3,Normal
I2026002407,O202601274,2026-05-01,C0023,64,"Almarai Unsalted Natural Butter, 200g",butter,Dairy,1,2.05,2.05,Normal
I2026002408,O202601275,2026-05-01,C0135,336,"Barni Chocolate Cake, 30g",Cakes and Rolls,Soft Drinks,1,0.4,0.4,Normal
I2026002409,O202601276,2026-05-01,C0041,176,"NewLand Crushed Italian Tomatoes, 400g",Canned Vegetables,Canned Vegetables,1,1.17,1.17,Normal
I2026002410,O202601276,2026-05-01,C0041,104,"Pasta Zara Conchiglie No.54, 500g",pasta,Pasta,1,1.31,1.31,Normal
I2026002411,O202601276,2026-05-01,C0041,339,"Reef Diet Flax Seeds Bread, 250g",Flatbread,Bakery,1,1,1,Normal
I2026002412,O202601277,2026-05-01,C0076,338,"Alyoum Burger Buns with Sesame Seeds, 6 Pieces",Burger Buns,Burger Buns,1,0.55,0.55,Normal
I2026002413,O202601277,2026-05-01,C0076,293,"Smart Chips Crunchy Rings Pizza Flavor, 80g",Chips,Frozen pizza,1,1,1,Normal
I2026002414,O202601277,2026-05-01,C0076,302,"Mr.Chips Cheese Pop Corn, 58g",Chips,Cheese,1,0.65,0.65,Normal
I2026002415,O202601277,2026-05-01,C0076,162,"NewLand Special Sauce For Burgers & Fries, 300g",Cooking & Baking,Burger,3,2,6,Normal
I2026002416,O202601277,2026-05-01,C0076,160,NewLand Tomato Ketchup 567 g,Cooking & Baking,Sauce,2,2.09,4.18,Normal
I2026002417,O202601278,2026-05-01,C0127,183,"American Garden Blueberry Topping & Filling, No Artificial Colors or Flavors, 595g",Canned Fruit,Fruit And Veg,1,4.9,4.9,Normal
I2026002418,O202601279,2026-05-02,C0123,324,"Eti Adicto Gold Mini Chocolate Brown Cake, 180g",Cakes and Rolls,Chocolate,1,1.7,1.7,Normal
I2026002419,O202601279,2026-05-02,C0123,291,"Mr.Chips Bugles Cheese Flavor Corn Snacks, 33g",Chips,Chips,1,0.3,0.3,Normal
I2026002420,O202601280,2026-05-02,C0073,270,"Galaxy Caramel Chocolate Bar, 34g",Chocolate,Chocolate,2,0.77,1.54,Normal
I2026002421,O202601281,2026-05-02,C0092,88,"Almarai Greek Style Mango Yoghurt, 150g",Yoghurts,Dairy,1,0.9,0.9,Normal
I2026002422,O202601282,2026-05-02,C0090,311,"Pringles Salt & Vinegar Chips Can, 165g",Chips,Chips,1,1.7,1.7,Normal
I2026002423,O202601282,2026-05-02,C0090,68,"Al Safi UHT Full Fat Milk, 4x1L",Long Life Milk,Dairy,1,3.85,3.85,Normal
I2026002424,O202601282,2026-05-02,C0090,274,"Nestle Kitkat Hazelnut 4 Fingers Chocolate, 41.5g",Chocolate,Soft Drinks,1,0.8,0.8,Normal
I2026002425,O202601283,2026-05-02,C0010,215,"Jordina Joy Orange, 1L",Soft Drinks,Soft Drinks,2,0.6,1.2,Normal
I2026002426,O202601284,2026-05-02,C0119,316,"Hala Cheezers Twist Chips, 30g",Chips,Chips,1,0.1,0.1,Normal
I2026002427,O202601284,2026-05-02,C0119,283,"Galaxy Minstrels Chocolate, 42g",Chocolate,Chocolate,2,1.09,2.18,Normal
I2026002428,O202601285,2026-05-02,C0058,105,"Al-Ghazal Pasta Bucatini 1, 300g",pasta,Pasta,1,0.49,0.49,Normal
I2026002429,O202601286,2026-05-02,C0050,307,"Lay's French Cheese Potato Chips, 110g",Chips,Chips,1,1,1,Normal
I2026002430,O202601286,2026-05-02,C0050,277,"Ozmo Milk Chocolate Egg Shapes, 20g",Chocolate,Soft Drinks,3,0.75,2.25,Normal
I2026002431,O202601286,2026-05-02,C0050,284,"Kinder Happy Hippo Biscuits with Double Cream Filling, 103.5g",Chocolate,Chocolate,1,1.95,1.95,Normal
I2026002432,O202601286,2026-05-02,C0050,336,"Barni Chocolate Cake, 30g",Cakes and Rolls,Bakery,1,0.4,0.4,Normal
I2026002433,O202601287,2026-05-02,C0120,286,Mythic Sensation Mini Milk Chocolate 30 g,Chocolate,Chocolate,1,0.55,0.55,Normal
I2026002434,O202601287,2026-05-02,C0120,294,"Mr.Chips Waves Smoky Bbq Chips, 50g",Chips,Chips,1,0.65,0.65,Normal
I2026002435,O202601287,2026-05-02,C0120,285,"Nutella B-Ready Chocolate Wafer Bar (6 Bars), 132g",Chocolate,Soft Drinks,2,2.25,4.5,Normal
I2026002436,O202601288,2026-05-02,C0072,86,"Pascual Vive Soy High Calcium Soy Drink, 1L",Milk Alternatives,Dairy,1,3.5,3.5,Normal
I2026002437,O202601289,2026-05-02,C0073,152,"Benina Garlic Chili Sauce, 280g",Cooking & Baking,Sauce,1,1.49,1.49,Normal
I2026002438,O202601289,2026-05-02,C0073,1,Frozen pizza,frozen food,Frozen pizza,1,2.49,2.49,Normal
I2026002439,O202601289,2026-05-02,C0073,6,Frozen fries,frozen food,Frozen fries,1,3,3,Normal
I2026002440,O202601289,2026-05-02,C0073,262,"KDD Long Life Apple Juice, 1L",Juices,Juices,3,1.33,3.99,Normal
I2026002441,O202601290,2026-05-02,C0037,160,NewLand Tomato Ketchup 567 g,Cooking & Baking,Sauce,2,2.09,4.18,Normal
I2026002442,O202601290,2026-05-02,C0037,336,"Barni Chocolate Cake, 30g",Cakes and Rolls,Chocolate,1,0.4,0.4,Normal
I2026002443,O202601290,2026-05-02,C0037,6,Frozen fries,frozen food,Frozen fries,2,3,6,Normal
I2026002444,O202601290,2026-05-02,C0037,213,"Crush Orange Soft Drink Pet Bottle, 1L",Soft Drinks,Soft Drinks,1,0.33,0.33,Normal
I2026002445,O202601291,2026-05-02,C0025,107,"Barakah Al Sanabel Chiffari Lisci, 450g",pasta,Pasta,1,0.35,0.35,Normal
I2026002446,O202601291,2026-05-02,C0025,108,"Afia Pure Corn Oil, 1.5L",oil,Canned Vegetables,1,3.99,3.99,Normal
I2026002447,O202601291,2026-05-02,C0025,1,Frozen pizza,frozen food,Frozen pizza,1,2.49,2.49,Normal
I2026002448,O202601291,2026-05-02,C0025,215,"Jordina Joy Orange, 1L",Soft Drinks,Juices,4,0.6,2.4,Normal
I2026002449,O202601291,2026-05-02,C0025,163,"NewLand Dynamite Sauce, 300ml",Cooking & Baking,Sauce,1,2.13,2.13,Normal
I2026002450,O202601291,2026-05-02,C0025,53,"Alyoum Yoghurt, 1kg",youghurt,Dairy,3,1.27,3.81,Normal
I2026002451,O202601292,2026-05-03,C0116,299,"Mr.Chips Cheese Potato Chips, 68g",Chips,Cheese,1,0.6,0.6,Normal
I2026002452,O202601292,2026-05-03,C0116,337,"Alyoum Burger Buns, 6 Pieces",Burger Buns,Burger Buns,2,0.55,1.1,Normal
I2026002453,O202601292,2026-05-03,C0116,203,"Kinza Zero Sugar Lemon Soft Drink Can, 250ml",Soft Drinks,Soft Drinks,1,0.25,0.25,Normal
I2026002454,O202601292,2026-05-03,C0116,33,Burger,frozen food,Burger,2,5.15,10.3,Normal
I2026002455,O202601293,2026-05-03,C0051,136,"Ard Jdadna Powder Garlic, 200g",Cooking & Baking,Sauce,1,2.2,2.2,Normal
I2026002456,O202601293,2026-05-03,C0051,5,Frozen fries,frozen food,Frozen fries,1,2.5,2.5,Normal
I2026002457,O202601293,2026-05-03,C0051,228,"Mr. Brown Chocolate Flavor Iced Coffee, 240ml",Specialty Drinks,Soft Drinks,1,0.95,0.95,Normal
I2026002458,O202601294,2026-05-03,C0136,275,"Kinder Joy Chocolate Egg for Boys Assorted, 20g",Chocolate,Chocolate,1,0.7,0.7,Normal
I2026002459,O202601294,2026-05-03,C0136,300,"Mr.Chips Chilli Potato Chips, 68g",Chips,Chips,1,0.6,0.6,Normal
I2026002460,O202601294,2026-05-03,C0136,283,"Galaxy Minstrels Chocolate, 42g",Chocolate,Soft Drinks,2,1.09,2.18,Normal
I2026002461,O202601295,2026-05-03,C0037,131,Blue Mill Garlic Powder 200 g,Cooking & Baking,Sauce,1,2.89,2.89,Normal
I2026002462,O202601295,2026-05-03,C0037,338,"Alyoum Burger Buns with Sesame Seeds, 6 Pieces",Burger Buns,Burger Buns,2,0.55,1.1,Normal
I2026002463,O202601295,2026-05-03,C0037,295,"Mr.Chips Waves Grilled Burger Chips, 50g",Chips,Burger,1,0.65,0.65,Normal
I2026002464,O202601296,2026-05-03,C0117,284,"Kinder Happy Hippo Biscuits with Double Cream Filling, 103.5g",Chocolate,Chocolate,1,1.95,1.95,Normal
I2026002465,O202601296,2026-05-03,C0117,106,Barilla Rigatoni 500 g,pasta,Pasta,1,1.68,1.68,Normal
I2026002466,O202601296,2026-05-03,C0117,196,Maxims Sweet Corn 180 g 3 pcs get 1 pc Free,Canned Fruit,Canned Vegetables,1,3.79,3.79,Normal
I2026002467,O202601296,2026-05-03,C0117,295,"Mr.Chips Waves Grilled Burger Chips, 50g",Chips,Chips,1,0.65,0.65,Normal
I2026002468,O202601296,2026-05-03,C0117,289,"Choco Lake Diamond Twist Kunafa with Peanut Butter Filling, 450g",Chocolate,Soft Drinks,1,4.99,4.99,Normal
I2026002469,O202601297,2026-05-03,C0020,7,Frozen fries,frozen food,Frozen fries,1,1.85,1.85,Normal
I2026002470,O202601298,2026-05-03,C0042,318,"Spuds Prime Ribs Craft Cooked Chips, 65g",Chips,Chips,1,0.75,0.75,Normal
I2026002471,O202601298,2026-05-03,C0042,271,"Galaxy Hazelnut Chocolate Bar, 30g",Chocolate,Chocolate,1,0.77,0.77,Normal
I2026002472,O202601298,2026-05-03,C0042,272,"Galaxy Crispy Chocolate Bar,Â 30g",Chocolate,Soft Drinks,4,0.77,3.08,Normal
I2026002473,O202601299,2026-05-03,C0057,155,"Kikkoman Soy Sauce, 591ml",Cooking & Baking,Sauce,1,3.55,3.55,Normal
I2026002474,O202601299,2026-05-03,C0057,2,Frozen pizza,frozen food,Frozen pizza,1,3.59,3.59,Normal
I2026002475,O202601299,2026-05-03,C0057,264,"Al Rabie Orange Juice, 1L",Juices,Juices,2,1.55,3.1,Normal
I2026002476,O202601300,2026-05-03,C0131,168,"Al Sayad Tuna In Vegetable Oil, 160g",Canned Seafood,Oil,1,0.79,0.79,Normal
I2026002477,O202601300,2026-05-03,C0131,174,"Maxims Sweet Corn, 340g",Canned Vegetables,Fruit And Veg,1,1.5,1.5,Normal
I2026002478,O202601300,2026-05-03,C0131,103,"Abu Kass Basmati Rice, 4kg",rice,Rice,1,5.49,5.49,Normal
I2026002479,O202601300,2026-05-03,C0131,129,Blue Mill Paprika 200 g,Cooking & Baking,Spices & Seasonings,1,3.85,3.85,Normal
I2026002480,O202601301,2026-05-03,C0042,257,"Almarai Mixed Fruit Juice, 1.4L",Juices,Fruit And Veg,1,2,2,Normal
I2026002481,O202601301,2026-05-03,C0042,131,Blue Mill Garlic Powder 200 g,Cooking & Baking,Spices & Seasonings,1,2.89,2.89,Normal
I2026002482,O202601302,2026-05-03,C0117,283,"Galaxy Minstrels Chocolate, 42g",Chocolate,Chocolate,1,1.09,1.09,Normal
I2026002483,O202601302,2026-05-03,C0117,299,"Mr.Chips Cheese Potato Chips, 68g",Chips,Chips,1,0.6,0.6,Normal
I2026002484,O202601302,2026-05-03,C0117,280,"Ferrero Rocher Fine Crunchy Hazelnuts Dipped in Smooth Milk Chocolate, (3 Pieces), 37.5g",Chocolate,Soft Drinks,1,1,1,Normal
I2026002485,O202601303,2026-05-03,C0109,180,Albayrouty Mushroom Slices 400 g,Canned Vegetables,Fruit And Veg,1,1.05,1.05,Normal
I2026002486,O202601303,2026-05-03,C0109,103,"Abu Kass Basmati Rice, 4kg",rice,Rice,3,5.49,16.47,Normal
I2026002487,O202601303,2026-05-03,C0109,131,Blue Mill Garlic Powder 200 g,Cooking & Baking,Spices & Seasonings,1,2.89,2.89,Normal
I2026002488,O202601304,2026-05-04,C0043,338,"Alyoum Burger Buns with Sesame Seeds, 6 Pieces",Burger Buns,Bakery,2,0.55,1.1,Normal
I2026002489,O202601305,2026-05-04,C0107,287,"Milka Choco Wafer, (5 Pieces), 150g",Chocolate,Chocolate,1,2.31,2.31,Normal
I2026002490,O202601305,2026-05-04,C0107,162,"NewLand Special Sauce For Burgers & Fries, 300g",Cooking & Baking,Frozen fries,1,2,2,Normal
I2026002491,O202601305,2026-05-04,C0107,272,"Galaxy Crispy Chocolate Bar,Â 30g",Chocolate,Soft Drinks,2,0.77,1.54,Normal
I2026002492,O202601306,2026-05-04,C0011,278,"Ozmo Fun Shape Milk Chocolate Lollipop, 23g",Chocolate,Soft Drinks,1,0.6,0.6,Normal
I2026002493,O202601306,2026-05-04,C0011,326,"Eti Pop Kek Cocoa Cake, 200g",Cakes and Rolls,Bakery,2,1.95,3.9,Normal
I2026002494,O202601307,2026-05-04,C0146,177,NewLand American Black Beans 432 g,Canned Vegetables,Fruit And Veg,1,1.45,1.45,Normal
I2026002495,O202601307,2026-05-04,C0146,313,"Mr.Chips Crocodile Cheese & Pizza Flavor Snack, 58g",Chips,Frozen pizza,1,0.25,0.25,Normal
I2026002496,O202601307,2026-05-04,C0146,341,"Cool Gear Water Bottle - Pink, 650ml",back to school,Water,3,3.75,11.25,Normal
I2026002497,O202601308,2026-05-04,C0001,280,"Ferrero Rocher Fine Crunchy Hazelnuts Dipped in Smooth Milk Chocolate, (3 Pieces), 37.5g",Chocolate,Chocolate,1,1,1,Normal
I2026002498,O202601308,2026-05-04,C0001,297,"Mr.Chips Paprika Potato Chips, 68g",Chips,Chips,1,0.6,0.6,Normal
I2026002499,O202601308,2026-05-04,C0001,207,"G Mixed Berry Fusion Flavored Soda, 300ml",Soft Drinks,Soft Drinks,1,0.55,0.55,Normal
I2026002500,O202601309,2026-05-04,C0050,105,"Al-Ghazal Pasta Bucatini 1, 300g",pasta,Pasta,1,0.49,0.49,Normal
I2026002501,O202601309,2026-05-04,C0050,2,Frozen pizza,frozen food,Frozen pizza,1,3.59,3.59,Normal
I2026002502,O202601309,2026-05-04,C0050,87,"Pascual Vive Soy High Calcium Oat Drink, 1L",Milk Alternatives,Eggs,1,3.5,3.5,Normal
I2026002503,O202601309,2026-05-04,C0050,262,"KDD Long Life Apple Juice, 1L",Juices,Juices,2,1.33,2.66,Normal
I2026002504,O202601309,2026-05-04,C0050,305,"Lay's Tomato Ketchup Potato Chips, 110g",Chips,Sauce,1,1,1,Normal
I2026002505,O202601310,2026-05-04,C0002,312,"Pringles Sour Cream & Onion Chips Can, 165g",Chips,Chips,1,1.7,1.7,Normal
I2026002506,O202601310,2026-05-04,C0002,272,"Galaxy Crispy Chocolate Bar,Â 30g",Chocolate,Soft Drinks,3,0.77,2.31,Normal
I2026002507,O202601310,2026-05-04,C0002,271,"Galaxy Hazelnut Chocolate Bar, 30g",Chocolate,Chocolate,1,0.77,0.77,Normal
I2026002508,O202601311,2026-05-04,C0095,160,NewLand Tomato Ketchup 567 g,Cooking & Baking,Sauce,1,2.09,2.09,Normal
I2026002509,O202601311,2026-05-04,C0095,4,Frozen fries,frozen food,Frozen fries,1,1.9,1.9,Normal
I2026002510,O202601311,2026-05-04,C0095,74,Koita Organic Chocolate Milk Uht 200 ml,Long Life Milk,Soft Drinks,4,1.65,6.6,Normal
I2026002511,O202601312,2026-05-05,C0124,292,"Smart Chips Ketchup Flavor Stix, 75g",Chips,Sauce,1,1.28,1.28,Normal
I2026002512,O202601312,2026-05-05,C0124,7,Frozen fries,frozen food,Frozen fries,1,1.85,1.85,Normal
I2026002513,O202601312,2026-05-05,C0124,270,"Galaxy Caramel Chocolate Bar, 34g",Chocolate,Soft Drinks,2,0.77,1.54,Normal
I2026002514,O202601313,2026-05-05,C0131,181,Albayrouty Sweet Corn 340 g,Canned Vegetables,Fruit And Veg,1,1.05,1.05,Normal
I2026002515,O202601313,2026-05-05,C0131,341,"Cool Gear Water Bottle - Pink, 650ml",back to school,Water,1,3.75,3.75,Normal
I2026002516,O202601314,2026-05-05,C0087,307,"Lay's French Cheese Potato Chips, 110g",Chips,Chips,1,1,1,Normal
I2026002517,O202601314,2026-05-05,C0087,48,"Almarai Uht Full Fat Milk with Vitamins, 4x1L",milk,Eggs,2,3.77,7.54,Normal
I2026002518,O202601315,2026-05-05,C0046,83,"Alinor Organic Plant Based Almond Barista Drink, 1L",Milk Alternatives,Dairy,2,3.5,7,Normal
I2026002519,O202601316,2026-05-05,C0140,165,NewLand Mayonnaise Garlic Flavor 300ml,Cooking & Baking,Sauce,1,1.61,1.61,Normal
I2026002520,O202601316,2026-05-05,C0140,265,"Snickers Chocolate Bar Filled with Caramel & Peanuts, 40g",Chocolate,Chocolate,1,0.6,0.6,Normal
I2026002521,O202601316,2026-05-05,C0140,4,Frozen fries,frozen food,Frozen fries,1,1.9,1.9,Normal
I2026002522,O202601317,2026-05-05,C0144,326,"Eti Pop Kek Cocoa Cake, 200g",Cakes and Rolls,Bakery,1,1.95,1.95,Normal
I2026002523,O202601318,2026-05-06,C0061,67,"Five Cows Thick Cream, 4x125ml",cream,Dairy,1,1.75,1.75,Normal
I2026002524,O202601319,2026-05-06,C0029,181,Albayrouty Sweet Corn 340 g,Canned Vegetables,Fruit And Veg,1,1.05,1.05,Normal
I2026002525,O202601320,2026-05-06,C0083,275,"Kinder Joy Chocolate Egg for Boys Assorted, 20g",Chocolate,Eggs,3,0.7,2.1,Normal
I2026002526,O202601320,2026-05-06,C0083,331,"L'usine Soft Cupcakes Filled with Strawberry Cream, 18x30g",Cakes and Rolls,Bakery,1,1.8,1.8,Normal
I2026002527,O202601321,2026-05-06,C0090,270,"Galaxy Caramel Chocolate Bar, 34g",Chocolate,Chocolate,1,0.77,0.77,Normal
I2026002528,O202601321,2026-05-06,C0090,300,"Mr.Chips Chilli Potato Chips, 68g",Chips,Chips,3,0.6,1.8,Normal
I2026002529,O202601321,2026-05-06,C0090,212,"Crush Cola Soft Drink Pet Bottle, 1L",Soft Drinks,Soft Drinks,1,0.33,0.33,Normal
I2026002530,O202601322,2026-05-06,C0038,286,Mythic Sensation Mini Milk Chocolate 30 g,Chocolate,Dairy,1,0.55,0.55,Normal
I2026002531,O202601323,2026-05-06,C0117,174,"Maxims Sweet Corn, 340g",Canned Vegetables,Fruit And Veg,1,1.5,1.5,Normal
I2026002532,O202601324,2026-05-06,C0011,321,"Molto XL Croissant Chocolate With Hazelnut, 42.5g",Cakes and Rolls,Bakery,1,0.25,0.25,Normal
I2026002533,O202601325,2026-05-06,C0005,5,Frozen fries,frozen food,Frozen fries,1,2.5,2.5,Normal
I2026002534,O202601325,2026-05-06,C0005,338,"Alyoum Burger Buns with Sesame Seeds, 6 Pieces",Burger Buns,Burger Buns,3,0.55,1.65,Normal
I2026002535,O202601325,2026-05-06,C0005,98,"Nadec Burger Cheese (10 Slices), 200g",Cheese,Cheese,1,1.57,1.57,Normal
I2026002536,O202601325,2026-05-06,C0005,337,"Alyoum Burger Buns, 6 Pieces",Burger Buns,Burger,1,0.55,0.55,Normal
I2026002537,O202601325,2026-05-06,C0005,86,"Pascual Vive Soy High Calcium Soy Drink, 1L",Milk Alternatives,Eggs,2,3.5,7,Normal
I2026002538,O202601325,2026-05-06,C0005,163,"NewLand Dynamite Sauce, 300ml",Cooking & Baking,Sauce,1,2.13,2.13,Normal
I2026002539,O202601325,2026-05-06,C0005,277,"Ozmo Milk Chocolate Egg Shapes, 20g",Chocolate,Soft Drinks,2,0.75,1.5,Normal
I2026002540,O202601326,2026-05-06,C0044,228,"Mr. Brown Chocolate Flavor Iced Coffee, 240ml",Specialty Drinks,Soft Drinks,4,0.95,3.8,Normal
I2026002541,O202601327,2026-05-06,C0125,74,Koita Organic Chocolate Milk Uht 200 ml,Long Life Milk,Chocolate,1,1.65,1.65,Normal
I2026002542,O202601327,2026-05-06,C0125,315,"Mr.Chips Disco Cheddar Cheese Flavor Snack, 58g",Chips,Chips,1,0.25,0.25,Normal
I2026002543,O202601327,2026-05-06,C0125,317,"Spuds Sour Cream & Onion Craft Cooked Chips, 65g",Chips,Dairy,1,0.75,0.75,Normal
I2026002544,O202601327,2026-05-06,C0125,209,"Super Sour Green Apple Carbonated Drink, 250ml",Soft Drinks,Soft Drinks,4,0.35,1.4,Normal
I2026002545,O202601328,2026-05-06,C0044,53,"Alyoum Yoghurt, 1kg",youghurt,Eggs,4,1.27,5.08,Normal
I2026002546,O202601328,2026-05-06,C0044,3,Frozen pizza,frozen food,Frozen pizza,2,3.59,7.18,Normal
I2026002547,O202601328,2026-05-06,C0044,258,"Almarai Mixed Berry Juice, 1.4L",Juices,Juices,2,2,4,Normal
I2026002548,O202601329,2026-05-06,C0099,82,"Koita UHT Coconut Milk - No Added Sugar, 1L",Milk Alternatives,Dairy,1,3.7,3.7,Normal
I2026002549,O202601330,2026-05-07,C0027,300,"Mr.Chips Chilli Potato Chips, 68g",Chips,Chips,1,0.6,0.6,Normal
I2026002550,O202601330,2026-05-07,C0027,87,"Pascual Vive Soy High Calcium Oat Drink, 1L",Milk Alternatives,Dairy,1,3.5,3.5,Normal
I2026002551,O202601331,2026-05-07,C0124,162,"NewLand Special Sauce For Burgers & Fries, 300g",Cooking & Baking,Sauce,2,2,4,Normal
I2026002552,O202601331,2026-05-07,C0124,302,"Mr.Chips Cheese Pop Corn, 58g",Chips,Cheese,1,0.65,0.65,Normal
I2026002553,O202601331,2026-05-07,C0124,268,"Kinder Chocolate Milk Chocolate Bars With Milky Filling (4 Bars), 50g",Chocolate,Soft Drinks,4,0.6,2.4,Normal
I2026002554,O202601331,2026-05-07,C0124,26,Burger,frozen food,Burger,2,3.1,6.2,Normal
I2026002555,O202601332,2026-05-07,C0104,287,"Milka Choco Wafer, (5 Pieces), 150g",Chocolate,Chocolate,1,2.31,2.31,Normal
I2026002556,O202601333,2026-05-07,C0043,297,"Mr.Chips Paprika Potato Chips, 68g",Chips,Chips,1,0.6,0.6,Normal
I2026002557,O202601333,2026-05-07,C0043,211,"TT Peach ice Tea, 330ml",Soft Drinks,Soft Drinks,1,0.25,0.25,Normal
I2026002558,O202601334,2026-05-07,C0065,162,"NewLand Special Sauce For Burgers & Fries, 300g",Cooking & Baking,Sauce,1,2,2,Normal
I2026002559,O202601334,2026-05-07,C0065,98,"Nadec Burger Cheese (10 Slices), 200g",Cheese,Cheese,2,1.57,3.14,Normal
I2026002560,O202601334,2026-05-07,C0065,281,"Raffaello Premium Coconut & Almond Pralines, 30g",Chocolate,Soft Drinks,3,0.9,2.7,Normal
I2026002561,O202601334,2026-05-07,C0065,27,Burger,frozen food,Burger,1,3.8,3.8,Normal
I2026002562,O202601335,2026-05-07,C0060,185,NewLand Pineapple Slices In Light Syrup 565 g,Canned Fruit,Fruit And Veg,1,1.89,1.89,Normal
I2026002563,O202601335,2026-05-07,C0060,44,"Almarai Labneh, 500g",labneh,Dairy,1,2.21,2.21,Normal
I2026002564,O202601336,2026-05-07,C0028,307,"Lay's French Cheese Potato Chips, 110g",Chips,Chips,1,1,1,Normal
I2026002565,O202601336,2026-05-07,C0028,268,"Kinder Chocolate Milk Chocolate Bars With Milky Filling (4 Bars), 50g",Chocolate,Soft Drinks,1,0.6,0.6,Normal
I2026002566,O202601336,2026-05-07,C0028,104,"Pasta Zara Conchiglie No.54, 500g",pasta,Pasta,1,1.31,1.31,Normal
I2026002567,O202601336,2026-05-07,C0028,282,"Storck Toffifee Hazelnut In Caramel Candy, 125g",Chocolate,Chocolate,3,2.15,6.45,Normal
I2026002568,O202601337,2026-05-07,C0071,312,"Pringles Sour Cream & Onion Chips Can, 165g",Chips,Dairy,1,1.7,1.7,Normal
I2026002569,O202601338,2026-05-07,C0060,339,"Reef Diet Flax Seeds Bread, 250g",Flatbread,Bakery,1,1,1,Normal
I2026002570,O202601339,2026-05-08,C0132,278,"Ozmo Fun Shape Milk Chocolate Lollipop, 23g",Chocolate,Chocolate,3,0.6,1.8,Normal
I2026002571,O202601339,2026-05-08,C0132,294,"Mr.Chips Waves Smoky Bbq Chips, 50g",Chips,Chips,1,0.65,0.65,Normal
I2026002572,O202601339,2026-05-08,C0132,329,"Americana Chocolate Pound Cake, 300g",Cakes and Rolls,Soft Drinks,1,1.9,1.9,Normal
I2026002573,O202601340,2026-05-08,C0061,305,"Lay's Tomato Ketchup Potato Chips, 110g",Chips,Sauce,1,1,1,Normal
I2026002574,O202601340,2026-05-08,C0061,288,"Galaxy Jewels Assorted Chocolate Box, 650g",Chocolate,Chocolate,1,17.3,17.3,Normal
I2026002575,O202601340,2026-05-08,C0061,314,"Mr.Chips Pizza Flavor Corn Chips, 58g",Chips,Frozen pizza,3,0.25,0.75,Normal
I2026002576,O202601340,2026-05-08,C0061,215,"Jordina Joy Orange, 1L",Soft Drinks,Juices,4,0.6,2.4,Normal
I2026002577,O202601341,2026-05-08,C0021,161,"NewLand Mayonnaise, 300ml",Cooking & Baking,Sauce,2,2,4,Normal
I2026002578,O202601341,2026-05-08,C0021,162,"NewLand Special Sauce For Burgers & Fries, 300g",Cooking & Baking,Frozen fries,1,2,2,Normal
I2026002579,O202601341,2026-05-08,C0021,215,"Jordina Joy Orange, 1L",Soft Drinks,Soft Drinks,1,0.6,0.6,Normal
I2026002580,O202601342,2026-05-08,C0018,162,"NewLand Special Sauce For Burgers & Fries, 300g",Cooking & Baking,Sauce,1,2,2,Normal
I2026002581,O202601342,2026-05-08,C0018,6,Frozen fries,frozen food,Frozen fries,1,3,3,Normal
I2026002582,O202601342,2026-05-08,C0018,80,"The Bridge Bio Organic Almond Sugar Free Drink, 1L",Milk Alternatives,Dairy,1,4.2,4.2,Normal
I2026002583,O202601342,2026-05-08,C0018,322,"Eti Aditco Chocolate Cake, 36g",Cakes and Rolls,Soft Drinks,4,0.39,1.56,Normal
I2026002584,O202601343,2026-05-08,C0080,64,"Almarai Unsalted Natural Butter, 200g",butter,Dairy,1,2.05,2.05,Normal
I2026002585,O202601344,2026-05-08,C0082,182,Durra Hummus Grains 400 g,Canned Vegetables,Fruit And Veg,1,0.68,0.68,Normal
I2026002586,O202601344,2026-05-08,C0082,82,"Koita UHT Coconut Milk - No Added Sugar, 1L",Milk Alternatives,Eggs,2,3.7,7.4,Normal
I2026002587,O202601345,2026-05-08,C0141,274,"Nestle Kitkat Hazelnut 4 Fingers Chocolate, 41.5g",Chocolate,Soft Drinks,3,0.8,2.4,Normal
I2026002588,O202601346,2026-05-08,C0083,5,Frozen fries,frozen food,Frozen fries,2,2.5,5,Normal
I2026002589,O202601346,2026-05-08,C0083,101,Mandi Basmati Rice 4 kg,rice,Rice,1,4.97,4.97,Normal
I2026002590,O202601346,2026-05-08,C0083,195,Maxim's Mushrooms 425 g 3+1,Canned Fruit,Fruit And Veg,1,6.35,6.35,Normal
I2026002591,O202601346,2026-05-08,C0083,2,Frozen pizza,frozen food,Frozen pizza,1,3.59,3.59,Normal
I2026002592,O202601346,2026-05-08,C0083,129,Blue Mill Paprika 200 g,Cooking & Baking,Spices & Seasonings,3,3.85,11.55,Normal
I2026002593,O202601346,2026-05-08,C0083,261,"KDD Mango Nectar, 1L",Juices,Juices,2,1.33,2.66,Normal
I2026002594,O202601346,2026-05-08,C0083,153,"Benina Soy Sauce Mild, 150g",Cooking & Baking,Sauce,2,1.05,2.1,Normal
I2026002595,O202601347,2026-05-08,C0087,278,"Ozmo Fun Shape Milk Chocolate Lollipop, 23g",Chocolate,Soft Drinks,4,0.6,2.4,Normal
I2026002596,O202601348,2026-05-08,C0014,107,"Barakah Al Sanabel Chiffari Lisci, 450g",pasta,Pasta,2,0.35,0.7,Normal
I2026002597,O202601349,2026-05-09,C0137,275,"Kinder Joy Chocolate Egg for Boys Assorted, 20g",Chocolate,Chocolate,1,0.7,0.7,Normal
I2026002598,O202601349,2026-05-09,C0137,303,"Cheetos Crunchy Flaming Hot Chips, 115g",Chips,Chips,1,1,1,Normal
I2026002599,O202601349,2026-05-09,C0137,285,"Nutella B-Ready Chocolate Wafer Bar (6 Bars), 132g",Chocolate,Soft Drinks,1,2.25,2.25,Normal
I2026002600,O202601350,2026-05-09,C0083,286,Mythic Sensation Mini Milk Chocolate 30 g,Chocolate,Chocolate,1,0.55,0.55,Normal
I2026002601,O202601350,2026-05-09,C0083,320,"Spuds Tomato Bruschetta Craft Cooked Chips, 65g",Chips,Chips,1,0.75,0.75,Normal
I2026002602,O202601350,2026-05-09,C0083,74,Koita Organic Chocolate Milk Uht 200 ml,Long Life Milk,Soft Drinks,1,1.65,1.65,Normal
I2026002603,O202601351,2026-05-09,C0041,273,"Galaxy Dark Truffle Dark Chocolate Bar, 33g",Chocolate,Soft Drinks,4,0.77,3.08,Normal
I2026002604,O202601352,2026-05-09,C0106,196,Maxims Sweet Corn 180 g 3 pcs get 1 pc Free,Canned Fruit,Canned Vegetables,3,3.79,11.37,Normal
I2026002605,O202601352,2026-05-09,C0106,106,Barilla Rigatoni 500 g,pasta,Pasta,2,1.68,3.36,Normal
I2026002606,O202601353,2026-05-09,C0054,162,"NewLand Special Sauce For Burgers & Fries, 300g",Cooking & Baking,Sauce,3,2,6,Normal
I2026002607,O202601353,2026-05-09,C0054,313,"Mr.Chips Crocodile Cheese & Pizza Flavor Snack, 58g",Chips,Frozen pizza,1,0.25,0.25,Normal
I2026002608,O202601353,2026-05-09,C0054,186,"Morrisons Apricot Halves in Juice, 410g",Canned Fruit,Juices,3,4.39,13.17,Normal
I2026002609,O202601354,2026-05-09,C0085,324,"Eti Adicto Gold Mini Chocolate Brown Cake, 180g",Cakes and Rolls,Chocolate,2,1.7,3.4,Normal
I2026002610,O202601354,2026-05-09,C0085,333,"Bifa Keks Roll Cake with Cocoa Cream, 50g",Cakes and Rolls,Bakery,1,0.25,0.25,Normal
I2026002611,O202601355,2026-05-09,C0135,338,"Alyoum Burger Buns with Sesame Seeds, 6 Pieces",Burger Buns,Burger Buns,4,0.55,2.2,Normal
I2026002612,O202601355,2026-05-09,C0135,291,"Mr.Chips Bugles Cheese Flavor Corn Snacks, 33g",Chips,Cheese,2,0.3,0.6,Normal
I2026002613,O202601355,2026-05-09,C0135,97,"Almarai Full Fat Processed Cheddar Burger Cheese (10 Slices), 200g",Cheese,Burger,1,1.4,1.4,Normal
I2026002614,O202601355,2026-05-09,C0135,325,"Eti Pop Kek Mini Cake with Dark Chocolate, 144g",Cakes and Rolls,Bakery,1,1.6,1.6,Normal
I2026002615,O202601355,2026-05-09,C0135,166,Maxim's Sliced Tuna With Garlic And Black Pepper 120 g,Canned Seafood,Sauce,1,2.29,2.29,Normal
I2026002616,O202601355,2026-05-09,C0135,205,"Canary Tutti Frutti Sugar Free Sparkling Drink, 330ml",Soft Drinks,Soft Drinks,2,0.3,0.6,Normal
I2026002617,O202601356,2026-05-10,C0006,314,"Mr.Chips Pizza Flavor Corn Chips, 58g",Chips,Chips,1,0.25,0.25,Normal
I2026002618,O202601356,2026-05-10,C0006,278,"Ozmo Fun Shape Milk Chocolate Lollipop, 23g",Chocolate,Soft Drinks,1,0.6,0.6,Normal
I2026002619,O202601356,2026-05-10,C0006,284,"Kinder Happy Hippo Biscuits with Double Cream Filling, 103.5g",Chocolate,Chocolate,1,1.95,1.95,Normal
I2026002620,O202601357,2026-05-10,C0127,277,"Ozmo Milk Chocolate Egg Shapes, 20g",Chocolate,Dairy,1,0.75,0.75,Normal
I2026002621,O202601358,2026-05-10,C0124,292,"Smart Chips Ketchup Flavor Stix, 75g",Chips,Chips,3,1.28,3.84,Normal
I2026002622,O202601358,2026-05-10,C0124,317,"Spuds Sour Cream & Onion Craft Cooked Chips, 65g",Chips,Dairy,1,0.75,0.75,Normal
I2026002623,O202601359,2026-05-10,C0140,163,"NewLand Dynamite Sauce, 300ml",Cooking & Baking,Sauce,1,2.13,2.13,Normal
I2026002624,O202601359,2026-05-10,C0140,5,Frozen fries,frozen food,Frozen fries,1,2.5,2.5,Normal
I2026002625,O202601359,2026-05-10,C0140,282,"Storck Toffifee Hazelnut In Caramel Candy, 125g",Chocolate,Soft Drinks,1,2.15,2.15,Normal
I2026002626,O202601360,2026-05-10,C0022,221,"Barbican Passion Fruit Flavour Non-Alcoholic Malt Beverage in Bottle, 330ml",Specialty Drinks,Fruit And Veg,1,0.55,0.55,Normal
I2026002627,O202601360,2026-05-10,C0022,320,"Spuds Tomato Bruschetta Craft Cooked Chips, 65g",Chips,Chips,1,0.75,0.75,Normal
I2026002628,O202601360,2026-05-10,C0022,212,"Crush Cola Soft Drink Pet Bottle, 1L",Soft Drinks,Soft Drinks,1,0.33,0.33,Normal
I2026002629,O202601360,2026-05-10,C0022,268,"Kinder Chocolate Milk Chocolate Bars With Milky Filling (4 Bars), 50g",Chocolate,Chocolate,1,0.6,0.6,Normal
I2026002630,O202601361,2026-05-10,C0073,191,"Exeter Canned Corned Beef, 340g",Canned Meat,Canned Vegetables,1,2.35,2.35,Normal
I2026002631,O202601361,2026-05-10,C0073,106,Barilla Rigatoni 500 g,pasta,Pasta,1,1.68,1.68,Normal
I2026002632,O202601362,2026-05-10,C0067,334,"Bifa Keks Roll Black and White Cake, 50g",Cakes and Rolls,Bakery,1,0.25,0.25,Normal
I2026002633,O202601363,2026-05-10,C0110,333,"Bifa Keks Roll Cake with Cocoa Cream, 50g",Cakes and Rolls,Bakery,2,0.25,0.5,Normal
I2026002634,O202601364,2026-05-10,C0123,131,Blue Mill Garlic Powder 200 g,Cooking & Baking,Sauce,1,2.89,2.89,Normal
I2026002635,O202601364,2026-05-10,C0123,4,Frozen fries,frozen food,Frozen fries,1,1.9,1.9,Normal
I2026002636,O202601364,2026-05-10,C0123,321,"Molto XL Croissant Chocolate With Hazelnut, 42.5g",Cakes and Rolls,Soft Drinks,2,0.25,0.5,Normal
I2026002637,O202601365,2026-05-10,C0006,197,Al-Bayrouti Chick Peas 3x400g,Canned Fruit,Fruit And Veg,1,1.5,1.5,Normal
I2026002638,O202601366,2026-05-10,C0101,337,"Alyoum Burger Buns, 6 Pieces",Burger Buns,Burger Buns,4,0.55,2.2,Normal
I2026002639,O202601366,2026-05-10,C0101,3,Frozen pizza,frozen food,Frozen pizza,1,3.59,3.59,Normal
I2026002640,O202601366,2026-05-10,C0101,315,"Mr.Chips Disco Cheddar Cheese Flavor Snack, 58g",Chips,Cheese,1,0.25,0.25,Normal
I2026002641,O202601366,2026-05-10,C0101,295,"Mr.Chips Waves Grilled Burger Chips, 50g",Chips,Burger,1,0.65,0.65,Normal
I2026002642,O202601366,2026-05-10,C0101,137,"Ard Jdadna Powder Garlic, 200g",Cooking & Baking,Sauce,1,1.9,1.9,Normal
I2026002643,O202601366,2026-05-10,C0101,267,"Kinder Bueno Milk Chocolate Bar in Wafer with Hazelnut Cream, 43g",Chocolate,Soft Drinks,1,0.75,0.75,Normal
I2026002644,O202601367,2026-05-10,C0053,338,"Alyoum Burger Buns with Sesame Seeds, 6 Pieces",Burger Buns,Burger Buns,1,0.55,0.55,Normal
I2026002645,O202601367,2026-05-10,C0053,315,"Mr.Chips Disco Cheddar Cheese Flavor Snack, 58g",Chips,Cheese,1,0.25,0.25,Normal
I2026002646,O202601367,2026-05-10,C0053,26,Burger,frozen food,Burger,1,3.1,3.1,Normal
I2026002647,O202601367,2026-05-10,C0053,160,NewLand Tomato Ketchup 567 g,Cooking & Baking,Sauce,1,2.09,2.09,Normal
I2026002648,O202601367,2026-05-10,C0053,284,"Kinder Happy Hippo Biscuits with Double Cream Filling, 103.5g",Chocolate,Soft Drinks,3,1.95,5.85,Normal
I2026002649,O202601368,2026-05-11,C0016,328,"Americana Orange Pound Cake, 300g",Cakes and Rolls,Bakery,1,1.9,1.9,Normal
I2026002650,O202601369,2026-05-11,C0145,305,"Lay's Tomato Ketchup Potato Chips, 110g",Chips,Sauce,2,1,2,Normal
I2026002651,O202601369,2026-05-11,C0145,313,"Mr.Chips Crocodile Cheese & Pizza Flavor Snack, 58g",Chips,Frozen pizza,1,0.25,0.25,Normal
I2026002652,O202601369,2026-05-11,C0145,259,"Almarai Mango Juice, 1L",Juices,Juices,2,1.25,2.5,Normal
I2026002653,O202601370,2026-05-11,C0058,266,"Bounty Coconut Milk Chocolate Bar, 50g",Chocolate,Soft Drinks,1,0.65,0.65,Normal
I2026002654,O202601371,2026-05-11,C0031,74,Koita Organic Chocolate Milk Uht 200 ml,Long Life Milk,Chocolate,2,1.65,3.3,Normal
I2026002655,O202601371,2026-05-11,C0031,318,"Spuds Prime Ribs Craft Cooked Chips, 65g",Chips,Chips,2,0.75,1.5,Normal
I2026002656,O202601371,2026-05-11,C0031,324,"Eti Adicto Gold Mini Chocolate Brown Cake, 180g",Cakes and Rolls,Soft Drinks,4,1.7,6.8,Normal
I2026002657,O202601372,2026-05-11,C0097,274,"Nestle Kitkat Hazelnut 4 Fingers Chocolate, 41.5g",Chocolate,Soft Drinks,2,0.8,1.6,Normal
I2026002658,O202601373,2026-05-12,C0014,289,"Choco Lake Diamond Twist Kunafa with Peanut Butter Filling, 450g",Chocolate,Chocolate,1,4.99,4.99,Normal
I2026002659,O202601374,2026-05-12,C0069,93,"Alyoum Fresh Jameed Liquid, 1kg",Yoghurts,Dairy,3,1.75,5.25,Normal
I2026002660,O202601375,2026-05-12,C0060,321,"Molto XL Croissant Chocolate With Hazelnut, 42.5g",Cakes and Rolls,Soft Drinks,2,0.25,0.5,Normal
I2026002661,O202601376,2026-05-12,C0063,155,"Kikkoman Soy Sauce, 591ml",Cooking & Baking,Sauce,1,3.55,3.55,Normal
I2026002662,O202601376,2026-05-12,C0063,314,"Mr.Chips Pizza Flavor Corn Chips, 58g",Chips,Frozen pizza,1,0.25,0.25,Normal
I2026002663,O202601376,2026-05-12,C0063,264,"Al Rabie Orange Juice, 1L",Juices,Juices,2,1.55,3.1,Normal
I2026002664,O202601377,2026-05-12,C0091,299,"Mr.Chips Cheese Potato Chips, 68g",Chips,Cheese,1,0.6,0.6,Normal
I2026002665,O202601377,2026-05-12,C0091,338,"Alyoum Burger Buns with Sesame Seeds, 6 Pieces",Burger Buns,Burger Buns,1,0.55,0.55,Normal
I2026002666,O202601377,2026-05-12,C0091,267,"Kinder Bueno Milk Chocolate Bar in Wafer with Hazelnut Cream, 43g",Chocolate,Soft Drinks,3,0.75,2.25,Normal
I2026002667,O202601378,2026-05-12,C0096,283,"Galaxy Minstrels Chocolate, 42g",Chocolate,Chocolate,1,1.09,1.09,Normal
I2026002668,O202601378,2026-05-12,C0096,277,"Ozmo Milk Chocolate Egg Shapes, 20g",Chocolate,Soft Drinks,1,0.75,0.75,Normal
I2026002669,O202601379,2026-05-12,C0017,324,"Eti Adicto Gold Mini Chocolate Brown Cake, 180g",Cakes and Rolls,Chocolate,1,1.7,1.7,Normal
I2026002670,O202601379,2026-05-12,C0017,162,"NewLand Special Sauce For Burgers & Fries, 300g",Cooking & Baking,Frozen fries,1,2,2,Normal
I2026002671,O202601379,2026-05-12,C0017,292,"Smart Chips Ketchup Flavor Stix, 75g",Chips,Sauce,1,1.28,1.28,Normal
I2026002672,O202601379,2026-05-12,C0017,204,"Jordina Joy Cola, 1L",Soft Drinks,Soft Drinks,1,0.6,0.6,Normal
I2026002673,O202601380,2026-05-12,C0082,152,"Benina Garlic Chili Sauce, 280g",Cooking & Baking,Sauce,1,1.49,1.49,Normal
I2026002674,O202601380,2026-05-12,C0082,5,Frozen fries,frozen food,Frozen fries,1,2.5,2.5,Normal
I2026002675,O202601380,2026-05-12,C0082,212,"Crush Cola Soft Drink Pet Bottle, 1L",Soft Drinks,Soft Drinks,1,0.33,0.33,Normal
I2026002676,O202601380,2026-05-12,C0082,322,"Eti Aditco Chocolate Cake, 36g",Cakes and Rolls,Bakery,1,0.39,0.39,Normal
I2026002677,O202601381,2026-05-12,C0121,267,"Kinder Bueno Milk Chocolate Bar in Wafer with Hazelnut Cream, 43g",Chocolate,Chocolate,1,0.75,0.75,Normal
I2026002678,O202601381,2026-05-12,C0121,307,"Lay's French Cheese Potato Chips, 110g",Chips,Chips,1,1,1,Normal
I2026002679,O202601381,2026-05-12,C0121,321,"Molto XL Croissant Chocolate With Hazelnut, 42.5g",Cakes and Rolls,Soft Drinks,3,0.25,0.75,Normal
I2026002680,O202601382,2026-05-12,C0118,131,Blue Mill Garlic Powder 200 g,Cooking & Baking,Sauce,2,2.89,5.78,Normal
I2026002681,O202601382,2026-05-12,C0118,293,"Smart Chips Crunchy Rings Pizza Flavor, 80g",Chips,Frozen pizza,1,1,1,Normal
I2026002682,O202601382,2026-05-12,C0118,260,"Almarai Mixed Fruit Juice, 200ml",Juices,Juices,2,0.3,0.6,Normal
I2026002683,O202601383,2026-05-13,C0147,136,"Ard Jdadna Powder Garlic, 200g",Cooking & Baking,Sauce,1,2.2,2.2,Normal
I2026002684,O202601383,2026-05-13,C0147,5,Frozen fries,frozen food,Frozen fries,3,2.5,7.5,Normal
I2026002685,O202601383,2026-05-13,C0147,269,"Galaxy Smooth Milk Chocolate Bar,Â 30g",Chocolate,Soft Drinks,3,0.77,2.31,Normal
I2026002686,O202601384,2026-05-13,C0004,305,"Lay's Tomato Ketchup Potato Chips, 110g",Chips,Sauce,1,1,1,Normal
I2026002687,O202601384,2026-05-13,C0004,237,"Freez Blue Hawaii Tropical Fruits Flavored Carbonated Drink, 275ml",Specialty Drinks,Fruit And Veg,1,1,1,Normal
I2026002688,O202601384,2026-05-13,C0004,6,Frozen fries,frozen food,Frozen fries,1,3,3,Normal
I2026002689,O202601384,2026-05-13,C0004,212,"Crush Cola Soft Drink Pet Bottle, 1L",Soft Drinks,Soft Drinks,1,0.33,0.33,Normal
I2026002690,O202601385,2026-05-13,C0085,330,"L'usine Cupcakes Filled with Chocolate Cream, 18x30g",Cakes and Rolls,Chocolate,2,1.8,3.6,Normal
I2026002691,O202601386,2026-05-13,C0132,325,"Eti Pop Kek Mini Cake with Dark Chocolate, 144g",Cakes and Rolls,Chocolate,1,1.6,1.6,Normal
I2026002692,O202601387,2026-05-13,C0077,178,"Luna Red Kidney Beans, 380g",Canned Vegetables,Canned Vegetables,1,0.76,0.76,Normal
I2026002693,O202601387,2026-05-13,C0077,106,Barilla Rigatoni 500 g,pasta,Pasta,3,1.68,5.04,Normal
I2026002694,O202601388,2026-05-13,C0056,153,"Benina Soy Sauce Mild, 150g",Cooking & Baking,Sauce,1,1.05,1.05,Normal
I2026002695,O202601388,2026-05-13,C0056,6,Frozen fries,frozen food,Frozen fries,1,3,3,Normal
I2026002696,O202601388,2026-05-13,C0056,290,Choco Lake Choco Biscuits 650G,Chocolate,Soft Drinks,3,3,9,Normal
I2026002697,O202601389,2026-05-13,C0093,270,"Galaxy Caramel Chocolate Bar, 34g",Chocolate,Chocolate,1,0.77,0.77,Normal
I2026002698,O202601389,2026-05-13,C0093,337,"Alyoum Burger Buns, 6 Pieces",Burger Buns,Burger Buns,2,0.55,1.1,Normal
I2026002699,O202601389,2026-05-13,C0093,56,"Almarai Cream Cheese, 6 Portion, 108g",cheese,Cheese,1,1.02,1.02,Normal
I2026002700,O202601389,2026-05-13,C0093,33,Burger,frozen food,Burger,2,5.15,10.3,Normal
I2026002701,O202601389,2026-05-13,C0093,153,"Benina Soy Sauce Mild, 150g",Cooking & Baking,Sauce,1,1.05,1.05,Normal
I2026002702,O202601389,2026-05-13,C0093,292,"Smart Chips Ketchup Flavor Stix, 75g",Chips,Chips,1,1.28,1.28,Normal
I2026002703,O202601389,2026-05-13,C0093,206,"G Pink Lemonade Flavored Soda, 300ml",Soft Drinks,Soft Drinks,2,0.55,1.1,Normal
I2026002704,O202601390,2026-05-13,C0050,153,"Benina Soy Sauce Mild, 150g",Cooking & Baking,Sauce,1,1.05,1.05,Normal
I2026002705,O202601390,2026-05-13,C0050,314,"Mr.Chips Pizza Flavor Corn Chips, 58g",Chips,Chips,1,0.25,0.25,Normal
I2026002706,O202601390,2026-05-13,C0050,337,"Alyoum Burger Buns, 6 Pieces",Burger Buns,Burger Buns,1,0.55,0.55,Normal
I2026002707,O202601390,2026-05-13,C0050,295,"Mr.Chips Waves Grilled Burger Chips, 50g",Chips,Burger,1,0.65,0.65,Normal
I2026002708,O202601391,2026-05-13,C0096,299,"Mr.Chips Cheese Potato Chips, 68g",Chips,Chips,1,0.6,0.6,Normal
I2026002709,O202601392,2026-05-13,C0021,281,"Raffaello Premium Coconut & Almond Pralines, 30g",Chocolate,Chocolate,1,0.9,0.9,Normal
I2026002710,O202601392,2026-05-13,C0021,297,"Mr.Chips Paprika Potato Chips, 68g",Chips,Chips,1,0.6,0.6,Normal
I2026002711,O202601392,2026-05-13,C0021,273,"Galaxy Dark Truffle Dark Chocolate Bar, 33g",Chocolate,Soft Drinks,2,0.77,1.54,Normal
I2026002712,O202601393,2026-05-13,C0067,180,Albayrouty Mushroom Slices 400 g,Canned Vegetables,Canned Vegetables,2,1.05,2.1,Normal
I2026002713,O202601393,2026-05-13,C0067,105,"Al-Ghazal Pasta Bucatini 1, 300g",pasta,Pasta,2,0.49,0.98,Normal
I2026002714,O202601394,2026-05-14,C0098,4,Frozen fries,frozen food,Frozen fries,1,1.9,1.9,Normal
I2026002715,O202601395,2026-05-14,C0004,104,"Pasta Zara Conchiglie No.54, 500g",pasta,Pasta,1,1.31,1.31,Normal
I2026002716,O202601395,2026-05-14,C0004,338,"Alyoum Burger Buns with Sesame Seeds, 6 Pieces",Burger Buns,Burger Buns,2,0.55,1.1,Normal
I2026002717,O202601395,2026-05-14,C0004,181,Albayrouty Sweet Corn 340 g,Canned Vegetables,Canned Vegetables,1,1.05,1.05,Normal
I2026002718,O202601395,2026-05-14,C0004,299,"Mr.Chips Cheese Potato Chips, 68g",Chips,Cheese,1,0.6,0.6,Normal
I2026002719,O202601395,2026-05-14,C0004,97,"Almarai Full Fat Processed Cheddar Burger Cheese (10 Slices), 200g",Cheese,Burger,1,1.4,1.4,Normal
I2026002720,O202601395,2026-05-14,C0004,155,"Kikkoman Soy Sauce, 591ml",Cooking & Baking,Sauce,1,3.55,3.55,Normal
I2026002721,O202601395,2026-05-14,C0004,266,"Bounty Coconut Milk Chocolate Bar, 50g",Chocolate,Soft Drinks,3,0.65,1.95,Normal
I2026002722,O202601396,2026-05-14,C0110,303,"Cheetos Crunchy Flaming Hot Chips, 115g",Chips,Chips,1,1,1,Normal
I2026002723,O202601397,2026-05-14,C0142,338,"Alyoum Burger Buns with Sesame Seeds, 6 Pieces",Burger Buns,Bakery,1,0.55,0.55,Normal
I2026002724,O202601398,2026-05-14,C0141,267,"Kinder Bueno Milk Chocolate Bar in Wafer with Hazelnut Cream, 43g",Chocolate,Chocolate,1,0.75,0.75,Normal
I2026002725,O202601399,2026-05-14,C0034,332,"L'usine Vanilla Cupcakes, 18x30g",Cakes and Rolls,Bakery,3,1.8,5.4,Normal
I2026002726,O202601400,2026-05-14,C0083,90,"Almarai Greek Style Full Fat Blueberry Yoghurt, 150g",Yoghurts,Dairy,1,0.9,0.9,Normal
I2026002727,O202601401,2026-05-14,C0128,162,"NewLand Special Sauce For Burgers & Fries, 300g",Cooking & Baking,Sauce,1,2,2,Normal
I2026002728,O202601401,2026-05-14,C0128,6,Frozen fries,frozen food,Frozen fries,1,3,3,Normal
I2026002729,O202601401,2026-05-14,C0128,336,"Barni Chocolate Cake, 30g",Cakes and Rolls,Soft Drinks,2,0.4,0.8,Normal
I2026002730,O202601402,2026-05-14,C0117,211,"TT Peach ice Tea, 330ml",Soft Drinks,Soft Drinks,1,0.25,0.25,Normal
I2026002731,O202601403,2026-05-14,C0075,7,Frozen fries,frozen food,Frozen fries,1,1.85,1.85,Normal
I2026002732,O202601403,2026-05-14,C0075,284,"Kinder Happy Hippo Biscuits with Double Cream Filling, 103.5g",Chocolate,Soft Drinks,4,1.95,7.8,Normal
I2026002733,O202601404,2026-05-14,C0138,287,"Milka Choco Wafer, (5 Pieces), 150g",Chocolate,Soft Drinks,3,2.31,6.93,Normal
I2026002734,O202601405,2026-05-14,C0099,297,"Mr.Chips Paprika Potato Chips, 68g",Chips,Chips,1,0.6,0.6,Normal
I2026002735,O202601405,2026-05-14,C0099,74,Koita Organic Chocolate Milk Uht 200 ml,Long Life Milk,Chocolate,1,1.65,1.65,Normal
I2026002736,O202601406,2026-05-15,C0048,273,"Galaxy Dark Truffle Dark Chocolate Bar, 33g",Chocolate,Soft Drinks,3,0.77,2.31,Normal
I2026002737,O202601407,2026-05-15,C0082,77,"Nadec Milk Chocolate Milk, 6x125ml",Long Life Milk,Soft Drinks,2,1.35,2.7,Normal
I2026002738,O202601408,2026-05-15,C0100,162,"NewLand Special Sauce For Burgers & Fries, 300g",Cooking & Baking,Frozen fries,1,2,2,Normal
I2026002739,O202601408,2026-05-15,C0100,339,"Reef Diet Flax Seeds Bread, 250g",Flatbread,Bakery,1,1,1,Normal
I2026002740,O202601409,2026-05-15,C0090,286,Mythic Sensation Mini Milk Chocolate 30 g,Chocolate,Chocolate,1,0.55,0.55,Normal
I2026002741,O202601409,2026-05-15,C0090,318,"Spuds Prime Ribs Craft Cooked Chips, 65g",Chips,Chips,1,0.75,0.75,Normal
I2026002742,O202601410,2026-05-15,C0017,297,"Mr.Chips Paprika Potato Chips, 68g",Chips,Chips,1,0.6,0.6,Normal
I2026002743,O202601410,2026-05-15,C0017,123,"Foster Clark's Bicarbonate of Soda, 150g",Cooking & Baking,Soft Drinks,1,0.9,0.9,Normal
I2026002744,O202601410,2026-05-15,C0017,278,"Ozmo Fun Shape Milk Chocolate Lollipop, 23g",Chocolate,Chocolate,1,0.6,0.6,Normal
I2026002745,O202601411,2026-05-16,C0100,287,"Milka Choco Wafer, (5 Pieces), 150g",Chocolate,Dairy,1,2.31,2.31,Normal
I2026002746,O202601412,2026-05-16,C0118,213,"Crush Orange Soft Drink Pet Bottle, 1L",Soft Drinks,Soft Drinks,4,0.33,1.32,Normal
I2026002747,O202601413,2026-05-16,C0120,313,"Mr.Chips Crocodile Cheese & Pizza Flavor Snack, 58g",Chips,Frozen pizza,2,0.25,0.5,Normal
I2026002748,O202601414,2026-05-16,C0041,207,"G Mixed Berry Fusion Flavored Soda, 300ml",Soft Drinks,Soft Drinks,1,0.55,0.55,Normal
I2026002749,O202601415,2026-05-16,C0012,301,"Mr.Chips Paprika Snack Mix, 78g",Chips,Chips,1,0.6,0.6,Normal
I2026002750,O202601415,2026-05-16,C0012,216,"Matrix Fruit Carbonated Drink, 250ml",Soft Drinks,Soft Drinks,2,0.25,0.5,Normal
I2026002751,O202601416,2026-05-16,C0020,278,"Ozmo Fun Shape Milk Chocolate Lollipop, 23g",Chocolate,Chocolate,1,0.6,0.6,Normal
I2026002752,O202601416,2026-05-16,C0020,324,"Eti Adicto Gold Mini Chocolate Brown Cake, 180g",Cakes and Rolls,Bakery,1,1.7,1.7,Normal
I2026002753,O202601417,2026-05-16,C0049,105,"Al-Ghazal Pasta Bucatini 1, 300g",pasta,Pasta,1,0.49,0.49,Normal
I2026002754,O202601417,2026-05-16,C0049,329,"Americana Chocolate Pound Cake, 300g",Cakes and Rolls,Bakery,1,1.9,1.9,Normal
I2026002755,O202601418,2026-05-16,C0040,285,"Nutella B-Ready Chocolate Wafer Bar (6 Bars), 132g",Chocolate,Chocolate,1,2.25,2.25,Normal
I2026002756,O202601418,2026-05-16,C0040,311,"Pringles Salt & Vinegar Chips Can, 165g",Chips,Chips,1,1.7,1.7,Normal
I2026002757,O202601418,2026-05-16,C0040,277,"Ozmo Milk Chocolate Egg Shapes, 20g",Chocolate,Soft Drinks,1,0.75,0.75,Normal
I2026002758,O202601419,2026-05-16,C0014,51,"Hammoudeh Lactose Free Full Fat UHT Milk, 1L",milk,Eggs,2,1.5,3,Normal
I2026002759,O202601419,2026-05-16,C0014,265,"Snickers Chocolate Bar Filled with Caramel & Peanuts, 40g",Chocolate,Soft Drinks,1,0.6,0.6,Normal
I2026002760,O202601420,2026-05-16,C0007,160,NewLand Tomato Ketchup 567 g,Cooking & Baking,Sauce,1,2.09,2.09,Normal
I2026002761,O202601420,2026-05-16,C0007,314,"Mr.Chips Pizza Flavor Corn Chips, 58g",Chips,Frozen pizza,1,0.25,0.25,Normal
I2026002762,O202601420,2026-05-16,C0007,186,"Morrisons Apricot Halves in Juice, 410g",Canned Fruit,Juices,1,4.39,4.39,Normal
I2026002763,O202601421,2026-05-16,C0145,337,"Alyoum Burger Buns, 6 Pieces",Burger Buns,Burger Buns,2,0.55,1.1,Normal
I2026002764,O202601421,2026-05-16,C0145,315,"Mr.Chips Disco Cheddar Cheese Flavor Snack, 58g",Chips,Cheese,1,0.25,0.25,Normal
I2026002765,O202601421,2026-05-16,C0145,162,"NewLand Special Sauce For Burgers & Fries, 300g",Cooking & Baking,Burger,1,2,2,Normal
I2026002766,O202601421,2026-05-16,C0145,292,"Smart Chips Ketchup Flavor Stix, 75g",Chips,Sauce,1,1.28,1.28,Normal
I2026002767,O202601421,2026-05-16,C0145,217,"Kinza Blackcurrant Carbonated Drink Can, 250ml",Soft Drinks,Soft Drinks,3,0.25,0.75,Normal
I2026002768,O202601422,2026-05-17,C0057,106,Barilla Rigatoni 500 g,pasta,Pasta,2,1.68,3.36,Normal
I2026002769,O202601423,2026-05-17,C0131,318,"Spuds Prime Ribs Craft Cooked Chips, 65g",Chips,Chips,1,0.75,0.75,Normal
I2026002770,O202601423,2026-05-17,C0131,325,"Eti Pop Kek Mini Cake with Dark Chocolate, 144g",Cakes and Rolls,Soft Drinks,3,1.6,4.8,Normal
I2026002771,O202601423,2026-05-17,C0131,269,"Galaxy Smooth Milk Chocolate Bar,Â 30g",Chocolate,Chocolate,1,0.77,0.77,Normal
I2026002772,O202601424,2026-05-17,C0080,284,"Kinder Happy Hippo Biscuits with Double Cream Filling, 103.5g",Chocolate,Chocolate,1,1.95,1.95,Normal
I2026002773,O202601424,2026-05-17,C0080,317,"Spuds Sour Cream & Onion Craft Cooked Chips, 65g",Chips,Chips,1,0.75,0.75,Normal
I2026002774,O202601424,2026-05-17,C0080,270,"Galaxy Caramel Chocolate Bar, 34g",Chocolate,Soft Drinks,2,0.77,1.54,Normal
I2026002775,O202601425,2026-05-17,C0085,338,"Alyoum Burger Buns with Sesame Seeds, 6 Pieces",Burger Buns,Burger Buns,4,0.55,2.2,Normal
I2026002776,O202601425,2026-05-17,C0085,56,"Almarai Cream Cheese, 6 Portion, 108g",cheese,Cheese,1,1.02,1.02,Normal
I2026002777,O202601425,2026-05-17,C0085,27,Burger,frozen food,Burger,1,3.8,3.8,Normal
I2026002778,O202601425,2026-05-17,C0085,155,"Kikkoman Soy Sauce, 591ml",Cooking & Baking,Sauce,1,3.55,3.55,Normal
I2026002779,O202601425,2026-05-17,C0085,281,"Raffaello Premium Coconut & Almond Pralines, 30g",Chocolate,Soft Drinks,2,0.9,1.8,Normal
I2026002780,O202601426,2026-05-17,C0023,2,Frozen pizza,frozen food,Frozen pizza,1,3.59,3.59,Normal
I2026002781,O202601427,2026-05-17,C0062,281,"Raffaello Premium Coconut & Almond Pralines, 30g",Chocolate,Chocolate,1,0.9,0.9,Normal
I2026002782,O202601428,2026-05-17,C0107,159,NewLand Hickory Smoked Barbecue Sauce 510 g,Cooking & Baking,Sauce,1,2.75,2.75,Normal
I2026002783,O202601428,2026-05-17,C0107,162,"NewLand Special Sauce For Burgers & Fries, 300g",Cooking & Baking,Frozen fries,2,2,4,Normal
I2026002784,O202601428,2026-05-17,C0107,208,"G Cherry Pop Sugar Free Flavored Soda, 300ml",Soft Drinks,Soft Drinks,2,0.55,1.1,Normal
I2026002785,O202601429,2026-05-17,C0035,260,"Almarai Mixed Fruit Juice, 200ml",Juices,Fruit And Veg,1,0.3,0.3,Normal
I2026002786,O202601429,2026-05-17,C0035,131,Blue Mill Garlic Powder 200 g,Cooking & Baking,Spices & Seasonings,1,2.89,2.89,Normal
I2026002787,O202601430,2026-05-17,C0036,155,"Kikkoman Soy Sauce, 591ml",Cooking & Baking,Sauce,1,3.55,3.55,Normal
I2026002788,O202601430,2026-05-17,C0036,287,"Milka Choco Wafer, (5 Pieces), 150g",Chocolate,Chocolate,1,2.31,2.31,Normal
I2026002789,O202601430,2026-05-17,C0036,314,"Mr.Chips Pizza Flavor Corn Chips, 58g",Chips,Frozen pizza,1,0.25,0.25,Normal
I2026002790,O202601430,2026-05-17,C0036,263,"Al Rabie Orange Juice, 1L",Juices,Juices,2,1.55,3.1,Normal
I2026002791,O202601431,2026-05-17,C0133,313,"Mr.Chips Crocodile Cheese & Pizza Flavor Snack, 58g",Chips,Chips,1,0.25,0.25,Normal
I2026002792,O202601432,2026-05-17,C0011,293,"Smart Chips Crunchy Rings Pizza Flavor, 80g",Chips,Chips,1,1,1,Normal
I2026002793,O202601432,2026-05-17,C0011,52,"Almarai Full Fat Fresh Yoghurt, 700g",youghurt,Dairy,2,1,2,Normal
I2026002794,O202601433,2026-05-17,C0081,6,Frozen fries,frozen food,Frozen fries,1,3,3,Normal
I2026002795,O202601433,2026-05-17,C0081,106,Barilla Rigatoni 500 g,pasta,Pasta,1,1.68,1.68,Normal
I2026002796,O202601433,2026-05-17,C0081,176,"NewLand Crushed Italian Tomatoes, 400g",Canned Vegetables,Canned Vegetables,1,1.17,1.17,Normal
I2026002797,O202601433,2026-05-17,C0081,332,"L'usine Vanilla Cupcakes, 18x30g",Cakes and Rolls,Bakery,2,1.8,3.6,Normal
I2026002798,O202601433,2026-05-17,C0081,162,"NewLand Special Sauce For Burgers & Fries, 300g",Cooking & Baking,Sauce,1,2,2,Normal
I2026002799,O202601433,2026-05-17,C0081,205,"Canary Tutti Frutti Sugar Free Sparkling Drink, 330ml",Soft Drinks,Soft Drinks,1,0.3,0.3,Normal
I2026002800,O202601434,2026-05-17,C0136,306,"Lay's Chili Potato Chips, 110g",Chips,Chips,2,1,2,Normal
I2026002801,O202601434,2026-05-17,C0136,276,Said Junior Cup 50 g,Chocolate,Soft Drinks,1,0.75,0.75,Normal
I2026002802,O202601435,2026-05-17,C0053,152,"Benina Garlic Chili Sauce, 280g",Cooking & Baking,Sauce,1,1.49,1.49,Normal
I2026002803,O202601435,2026-05-17,C0053,293,"Smart Chips Crunchy Rings Pizza Flavor, 80g",Chips,Frozen pizza,1,1,1,Normal
I2026002804,O202601435,2026-05-17,C0053,215,"Jordina Joy Orange, 1L",Soft Drinks,Juices,4,0.6,2.4,Normal
I2026002805,O202601436,2026-05-17,C0108,186,"Morrisons Apricot Halves in Juice, 410g",Canned Fruit,Fruit And Veg,1,4.39,4.39,Normal
I2026002806,O202601436,2026-05-17,C0108,102,"Sunwhite Calrose Rice, 4kg",rice,Rice,1,4.99,4.99,Normal
I2026002807,O202601436,2026-05-17,C0108,165,NewLand Mayonnaise Garlic Flavor 300ml,Cooking & Baking,Spices & Seasonings,1,1.61,1.61,Normal
I2026002808,O202601437,2026-05-18,C0095,291,"Mr.Chips Bugles Cheese Flavor Corn Snacks, 33g",Chips,Chips,1,0.3,0.3,Normal
I2026002809,O202601437,2026-05-18,C0095,281,"Raffaello Premium Coconut & Almond Pralines, 30g",Chocolate,Soft Drinks,4,0.9,3.6,Normal
I2026002810,O202601437,2026-05-18,C0095,277,"Ozmo Milk Chocolate Egg Shapes, 20g",Chocolate,Chocolate,1,0.75,0.75,Normal
I2026002811,O202601438,2026-05-18,C0068,163,"NewLand Dynamite Sauce, 300ml",Cooking & Baking,Sauce,1,2.13,2.13,Normal
I2026002812,O202601438,2026-05-18,C0068,5,Frozen fries,frozen food,Frozen fries,1,2.5,2.5,Normal
I2026002813,O202601438,2026-05-18,C0068,76,"Nadec Banana Flavor Milk, 6x125ml",Long Life Milk,Dairy,1,1.35,1.35,Normal
I2026002814,O202601438,2026-05-18,C0068,212,"Crush Cola Soft Drink Pet Bottle, 1L",Soft Drinks,Soft Drinks,2,0.33,0.66,Normal
I2026002815,O202601439,2026-05-18,C0057,337,"Alyoum Burger Buns, 6 Pieces",Burger Buns,Burger Buns,4,0.55,2.2,Normal
I2026002816,O202601439,2026-05-18,C0057,313,"Mr.Chips Crocodile Cheese & Pizza Flavor Snack, 58g",Chips,Cheese,1,0.25,0.25,Normal
I2026002817,O202601439,2026-05-18,C0057,338,"Alyoum Burger Buns with Sesame Seeds, 6 Pieces",Burger Buns,Burger,1,0.55,0.55,Normal
I2026002818,O202601439,2026-05-18,C0057,161,"NewLand Mayonnaise, 300ml",Cooking & Baking,Sauce,1,2,2,Normal
I2026002819,O202601439,2026-05-18,C0057,275,"Kinder Joy Chocolate Egg for Boys Assorted, 20g",Chocolate,Soft Drinks,2,0.7,1.4,Normal
I2026002820,O202601440,2026-05-18,C0015,321,"Molto XL Croissant Chocolate With Hazelnut, 42.5g",Cakes and Rolls,Soft Drinks,2,0.25,0.5,Normal
I2026002821,O202601440,2026-05-18,C0015,341,"Cool Gear Water Bottle - Pink, 650ml",back to school,Water,2,3.75,7.5,Normal
I2026002822,O202601441,2026-05-18,C0057,207,"G Mixed Berry Fusion Flavored Soda, 300ml",Soft Drinks,Soft Drinks,4,0.55,2.2,Normal
I2026002823,O202601442,2026-05-19,C0039,291,"Mr.Chips Bugles Cheese Flavor Corn Snacks, 33g",Chips,Chips,1,0.3,0.3,Normal
I2026002824,O202601442,2026-05-19,C0039,44,"Almarai Labneh, 500g",labneh,Dairy,1,2.21,2.21,Normal
I2026002825,O202601442,2026-05-19,C0039,325,"Eti Pop Kek Mini Cake with Dark Chocolate, 144g",Cakes and Rolls,Soft Drinks,4,1.6,6.4,Normal
I2026002826,O202601443,2026-05-19,C0145,292,"Smart Chips Ketchup Flavor Stix, 75g",Chips,Chips,1,1.28,1.28,Normal
I2026002827,O202601443,2026-05-19,C0145,279,"Ozmo Hoppo Biscuit Filled with Chocolate Cream, 40g",Chocolate,Soft Drinks,3,0.6,1.8,Normal
I2026002828,O202601443,2026-05-19,C0145,274,"Nestle Kitkat Hazelnut 4 Fingers Chocolate, 41.5g",Chocolate,Chocolate,1,0.8,0.8,Normal
I2026002829,O202601444,2026-05-19,C0114,153,"Benina Soy Sauce Mild, 150g",Cooking & Baking,Sauce,2,1.05,2.1,Normal
I2026002830,O202601444,2026-05-19,C0114,265,"Snickers Chocolate Bar Filled with Caramel & Peanuts, 40g",Chocolate,Chocolate,1,0.6,0.6,Normal
I2026002831,O202601444,2026-05-19,C0114,7,Frozen fries,frozen food,Frozen fries,2,1.85,3.7,Normal
I2026002832,O202601444,2026-05-19,C0114,324,"Eti Adicto Gold Mini Chocolate Brown Cake, 180g",Cakes and Rolls,Soft Drinks,2,1.7,3.4,Normal
I2026002833,O202601445,2026-05-19,C0099,112,"Kasih Vegetable Oil Cooking Spray, 141g",oil,Fruit And Veg,1,2.25,2.25,Normal
I2026002834,O202601446,2026-05-19,C0029,335,"Bifa Keks Cocoa Oval Banana Sauce Cake, 45g",Cakes and Rolls,Sauce,1,0.25,0.25,Normal
I2026002835,O202601446,2026-05-19,C0029,7,Frozen fries,frozen food,Frozen fries,1,1.85,1.85,Normal
I2026002836,O202601446,2026-05-19,C0029,201,"Kinza Soda Water Can, 250ml",water,Soft Drinks,4,0.36,1.44,Normal
I2026002837,O202601447,2026-05-19,C0145,106,Barilla Rigatoni 500 g,pasta,Pasta,1,1.68,1.68,Normal
I2026002838,O202601447,2026-05-19,C0145,199,"Nestle Mineral Water, 6x1.5L",water,Water,4,2.2,8.8,Normal
I2026002839,O202601448,2026-05-19,C0133,174,"Maxims Sweet Corn, 340g",Canned Vegetables,Canned Vegetables,1,1.5,1.5,Normal
I2026002840,O202601448,2026-05-19,C0133,104,"Pasta Zara Conchiglie No.54, 500g",pasta,Pasta,1,1.31,1.31,Normal
I2026002841,O202601448,2026-05-19,C0133,327,"Americana Marble Pound Cake, 300g",Cakes and Rolls,Bakery,1,1.9,1.9,Normal
I2026002842,O202601449,2026-05-19,C0068,107,"Barakah Al Sanabel Chiffari Lisci, 450g",pasta,Pasta,1,0.35,0.35,Normal
I2026002843,O202601450,2026-05-20,C0099,277,"Ozmo Milk Chocolate Egg Shapes, 20g",Chocolate,Dairy,1,0.75,0.75,Normal
I2026002844,O202601450,2026-05-20,C0099,216,"Matrix Fruit Carbonated Drink, 250ml",Soft Drinks,Soft Drinks,3,0.25,0.75,Normal
I2026002845,O202601451,2026-05-20,C0051,137,"Ard Jdadna Powder Garlic, 200g",Cooking & Baking,Sauce,1,1.9,1.9,Normal
I2026002846,O202601451,2026-05-20,C0051,302,"Mr.Chips Cheese Pop Corn, 58g",Chips,Chips,1,0.65,0.65,Normal
I2026002847,O202601451,2026-05-20,C0051,7,Frozen fries,frozen food,Frozen fries,2,1.85,3.7,Normal
I2026002848,O202601452,2026-05-20,C0139,305,"Lay's Tomato Ketchup Potato Chips, 110g",Chips,Chips,1,1,1,Normal
I2026002849,O202601452,2026-05-20,C0139,203,"Kinza Zero Sugar Lemon Soft Drink Can, 250ml",Soft Drinks,Soft Drinks,1,0.25,0.25,Normal
I2026002850,O202601452,2026-05-20,C0139,284,"Kinder Happy Hippo Biscuits with Double Cream Filling, 103.5g",Chocolate,Chocolate,1,1.95,1.95,Normal
I2026002851,O202601453,2026-05-20,C0107,330,"L'usine Cupcakes Filled with Chocolate Cream, 18x30g",Cakes and Rolls,Chocolate,3,1.8,5.4,Normal
I2026002852,O202601453,2026-05-20,C0107,308,"Doritos Nacho Cheese Tortilla Chips, 120g",Chips,Chips,1,1,1,Normal
I2026002853,O202601453,2026-05-20,C0107,283,"Galaxy Minstrels Chocolate, 42g",Chocolate,Soft Drinks,4,1.09,4.36,Normal
I2026002854,O202601454,2026-05-20,C0110,280,"Ferrero Rocher Fine Crunchy Hazelnuts Dipped in Smooth Milk Chocolate, (3 Pieces), 37.5g",Chocolate,Chocolate,1,1,1,Normal
I2026002855,O202601454,2026-05-20,C0110,334,"Bifa Keks Roll Black and White Cake, 50g",Cakes and Rolls,Bakery,1,0.25,0.25,Normal
I2026002856,O202601455,2026-05-20,C0108,177,NewLand American Black Beans 432 g,Canned Vegetables,Fruit And Veg,1,1.45,1.45,Normal
I2026002857,O202601455,2026-05-20,C0108,102,"Sunwhite Calrose Rice, 4kg",rice,Rice,1,4.99,4.99,Normal
I2026002858,O202601455,2026-05-20,C0108,168,"Al Sayad Tuna In Vegetable Oil, 160g",Canned Seafood,Oil,1,0.79,0.79,Normal
I2026002859,O202601455,2026-05-20,C0108,136,"Ard Jdadna Powder Garlic, 200g",Cooking & Baking,Spices & Seasonings,1,2.2,2.2,Normal
I2026002860,O202601456,2026-05-20,C0076,105,"Al-Ghazal Pasta Bucatini 1, 300g",pasta,Pasta,1,0.49,0.49,Normal
I2026002861,O202601456,2026-05-20,C0076,199,"Nestle Mineral Water, 6x1.5L",water,Water,2,2.2,4.4,Normal
I2026002862,O202601457,2026-05-20,C0111,162,"NewLand Special Sauce For Burgers & Fries, 300g",Cooking & Baking,Sauce,1,2,2,Normal
I2026002863,O202601457,2026-05-20,C0111,6,Frozen fries,frozen food,Frozen fries,1,3,3,Normal
I2026002864,O202601458,2026-05-20,C0123,313,"Mr.Chips Crocodile Cheese & Pizza Flavor Snack, 58g",Chips,Frozen pizza,1,0.25,0.25,Normal
I2026002865,O202601458,2026-05-20,C0123,201,"Kinza Soda Water Can, 250ml",water,Soft Drinks,2,0.36,0.72,Normal
I2026002866,O202601459,2026-05-21,C0088,165,NewLand Mayonnaise Garlic Flavor 300ml,Cooking & Baking,Sauce,1,1.61,1.61,Normal
I2026002867,O202601459,2026-05-21,C0088,5,Frozen fries,frozen food,Frozen fries,2,2.5,5,Normal
I2026002868,O202601460,2026-05-21,C0121,313,"Mr.Chips Crocodile Cheese & Pizza Flavor Snack, 58g",Chips,Chips,1,0.25,0.25,Normal
I2026002869,O202601460,2026-05-21,C0121,288,"Galaxy Jewels Assorted Chocolate Box, 650g",Chocolate,Soft Drinks,3,17.3,51.9,Normal
I2026002870,O202601460,2026-05-21,C0121,289,"Choco Lake Diamond Twist Kunafa with Peanut Butter Filling, 450g",Chocolate,Chocolate,1,4.99,4.99,Normal
I2026002871,O202601461,2026-05-21,C0016,305,"Lay's Tomato Ketchup Potato Chips, 110g",Chips,Chips,1,1,1,Normal
I2026002872,O202601461,2026-05-21,C0016,329,"Americana Chocolate Pound Cake, 300g",Cakes and Rolls,Soft Drinks,4,1.9,7.6,Normal
I2026002873,O202601461,2026-05-21,C0016,285,"Nutella B-Ready Chocolate Wafer Bar (6 Bars), 132g",Chocolate,Chocolate,2,2.25,4.5,Normal
I2026002874,O202601462,2026-05-21,C0148,266,"Bounty Coconut Milk Chocolate Bar, 50g",Chocolate,Chocolate,1,0.65,0.65,Normal
I2026002875,O202601462,2026-05-21,C0148,320,"Spuds Tomato Bruschetta Craft Cooked Chips, 65g",Chips,Chips,1,0.75,0.75,Normal
I2026002876,O202601462,2026-05-21,C0148,206,"G Pink Lemonade Flavored Soda, 300ml",Soft Drinks,Soft Drinks,3,0.55,1.65,Normal
I2026002877,O202601463,2026-05-21,C0122,279,"Ozmo Hoppo Biscuit Filled with Chocolate Cream, 40g",Chocolate,Soft Drinks,3,0.6,1.8,Normal
I2026002878,O202601464,2026-05-21,C0134,304,"Lay's Salt & Vinegar Chips, 110g",Chips,Chips,1,1,1,Normal
I2026002879,O202601464,2026-05-21,C0134,324,"Eti Adicto Gold Mini Chocolate Brown Cake, 180g",Cakes and Rolls,Soft Drinks,1,1.7,1.7,Normal
I2026002880,O202601464,2026-05-21,C0134,322,"Eti Aditco Chocolate Cake, 36g",Cakes and Rolls,Chocolate,1,0.39,0.39,Normal
I2026002881,O202601465,2026-05-21,C0033,274,"Nestle Kitkat Hazelnut 4 Fingers Chocolate, 41.5g",Chocolate,Chocolate,1,0.8,0.8,Normal
I2026002882,O202601465,2026-05-21,C0033,299,"Mr.Chips Cheese Potato Chips, 68g",Chips,Cheese,1,0.6,0.6,Normal
I2026002883,O202601465,2026-05-21,C0033,33,Burger,frozen food,Burger,1,5.15,5.15,Normal
I2026002884,O202601465,2026-05-21,C0033,294,"Mr.Chips Waves Smoky Bbq Chips, 50g",Chips,Chips,1,0.65,0.65,Normal
I2026002885,O202601465,2026-05-21,C0033,211,"TT Peach ice Tea, 330ml",Soft Drinks,Soft Drinks,1,0.25,0.25,Normal
I2026002886,O202601466,2026-05-21,C0138,160,NewLand Tomato Ketchup 567 g,Cooking & Baking,Sauce,1,2.09,2.09,Normal
I2026002887,O202601466,2026-05-21,C0138,7,Frozen fries,frozen food,Frozen fries,1,1.85,1.85,Normal
I2026002888,O202601466,2026-05-21,C0138,276,Said Junior Cup 50 g,Chocolate,Soft Drinks,2,0.75,1.5,Normal
I2026002889,O202601467,2026-05-22,C0121,289,"Choco Lake Diamond Twist Kunafa with Peanut Butter Filling, 450g",Chocolate,Soft Drinks,1,4.99,4.99,Normal
I2026002890,O202601468,2026-05-22,C0142,166,Maxim's Sliced Tuna With Garlic And Black Pepper 120 g,Canned Seafood,Sauce,1,2.29,2.29,Normal
I2026002891,O202601468,2026-05-22,C0142,182,Durra Hummus Grains 400 g,Canned Vegetables,Fruit And Veg,2,0.68,1.36,Normal
I2026002892,O202601468,2026-05-22,C0142,5,Frozen fries,frozen food,Frozen fries,1,2.5,2.5,Normal
I2026002893,O202601468,2026-05-22,C0142,201,"Kinza Soda Water Can, 250ml",water,Soft Drinks,1,0.36,0.36,Normal
I2026002894,O202601469,2026-05-22,C0148,313,"Mr.Chips Crocodile Cheese & Pizza Flavor Snack, 58g",Chips,Frozen pizza,1,0.25,0.25,Normal
I2026002895,O202601470,2026-05-22,C0039,75,"KDD Strawberry Flavored Milk, 6x250ml",Long Life Milk,Dairy,1,2.25,2.25,Normal
I2026002896,O202601471,2026-05-22,C0130,337,"Alyoum Burger Buns, 6 Pieces",Burger Buns,Bakery,1,0.55,0.55,Normal
I2026002897,O202601472,2026-05-22,C0107,337,"Alyoum Burger Buns, 6 Pieces",Burger Buns,Burger Buns,2,0.55,1.1,Normal
I2026002898,O202601472,2026-05-22,C0107,308,"Doritos Nacho Cheese Tortilla Chips, 120g",Chips,Cheese,1,1,1,Normal
I2026002899,O202601472,2026-05-22,C0107,200,"Sama Mineral Water, 12x600ml",water,Water,2,1.43,2.86,Normal
I2026002900,O202601472,2026-05-22,C0107,161,"NewLand Mayonnaise, 300ml",Cooking & Baking,Sauce,1,2,2,Normal
I2026002901,O202601473,2026-05-22,C0130,331,"L'usine Soft Cupcakes Filled with Strawberry Cream, 18x30g",Cakes and Rolls,Bakery,1,1.8,1.8,Normal
I2026002902,O202601474,2026-05-22,C0105,213,"Crush Orange Soft Drink Pet Bottle, 1L",Soft Drinks,Soft Drinks,2,0.33,0.66,Normal
I2026002903,O202601475,2026-05-23,C0075,270,"Galaxy Caramel Chocolate Bar, 34g",Chocolate,Chocolate,1,0.77,0.77,Normal
I2026002904,O202601475,2026-05-23,C0075,302,"Mr.Chips Cheese Pop Corn, 58g",Chips,Chips,1,0.65,0.65,Normal
I2026002905,O202601475,2026-05-23,C0075,321,"Molto XL Croissant Chocolate With Hazelnut, 42.5g",Cakes and Rolls,Soft Drinks,3,0.25,0.75,Normal
I2026002906,O202601476,2026-05-23,C0007,278,"Ozmo Fun Shape Milk Chocolate Lollipop, 23g",Chocolate,Chocolate,1,0.6,0.6,Normal
I2026002907,O202601476,2026-05-23,C0007,320,"Spuds Tomato Bruschetta Craft Cooked Chips, 65g",Chips,Chips,2,0.75,1.5,Normal
I2026002908,O202601476,2026-05-23,C0007,279,"Ozmo Hoppo Biscuit Filled with Chocolate Cream, 40g",Chocolate,Soft Drinks,2,0.6,1.2,Normal
I2026002909,O202601477,2026-05-23,C0054,310,"Pringles BBQ Chips Can, 165g",Chips,Chips,2,1.7,3.4,Normal
I2026002910,O202601477,2026-05-23,C0054,2,Frozen pizza,frozen food,Frozen pizza,1,3.59,3.59,Normal
I2026002911,O202601477,2026-05-23,C0054,123,"Foster Clark's Bicarbonate of Soda, 150g",Cooking & Baking,Soft Drinks,1,0.9,0.9,Normal
I2026002912,O202601478,2026-05-23,C0002,268,"Kinder Chocolate Milk Chocolate Bars With Milky Filling (4 Bars), 50g",Chocolate,Soft Drinks,3,0.6,1.8,Normal
I2026002913,O202601479,2026-05-23,C0082,173,NewLand Sliced Black Olives 345 g,Canned Vegetables,Fruit And Veg,1,1.2,1.2,Normal
I2026002914,O202601479,2026-05-23,C0082,137,"Ard Jdadna Powder Garlic, 200g",Cooking & Baking,Spices & Seasonings,2,1.9,3.8,Normal
I2026002915,O202601480,2026-05-23,C0075,335,"Bifa Keks Cocoa Oval Banana Sauce Cake, 45g",Cakes and Rolls,Sauce,1,0.25,0.25,Normal
I2026002916,O202601480,2026-05-23,C0075,7,Frozen fries,frozen food,Frozen fries,1,1.85,1.85,Normal
I2026002917,O202601480,2026-05-23,C0075,200,"Sama Mineral Water, 12x600ml",water,Water,1,1.43,1.43,Normal
I2026002918,O202601481,2026-05-23,C0087,275,"Kinder Joy Chocolate Egg for Boys Assorted, 20g",Chocolate,Chocolate,2,0.7,1.4,Normal
I2026002919,O202601481,2026-05-23,C0087,337,"Alyoum Burger Buns, 6 Pieces",Burger Buns,Burger Buns,3,0.55,1.65,Normal
I2026002920,O202601481,2026-05-23,C0087,302,"Mr.Chips Cheese Pop Corn, 58g",Chips,Cheese,1,0.65,0.65,Normal
I2026002921,O202601481,2026-05-23,C0087,34,Burger,frozen food,Burger,1,4.09,4.09,Normal
I2026002922,O202601481,2026-05-23,C0087,153,"Benina Soy Sauce Mild, 150g",Cooking & Baking,Sauce,1,1.05,1.05,Normal
I2026002923,O202601481,2026-05-23,C0087,45,"Al Youm Labneh, 200g",labneh,Dairy,1,1.25,1.25,Normal
I2026002924,O202601481,2026-05-23,C0087,214,"Kinza Lemon Carbonated Drink, 1L",Soft Drinks,Soft Drinks,2,0.4,0.8,Normal
I2026002925,O202601482,2026-05-23,C0118,338,"Alyoum Burger Buns with Sesame Seeds, 6 Pieces",Burger Buns,Burger Buns,2,0.55,1.1,Normal
I2026002926,O202601482,2026-05-23,C0118,291,"Mr.Chips Bugles Cheese Flavor Corn Snacks, 33g",Chips,Cheese,2,0.3,0.6,Normal
I2026002927,O202601482,2026-05-23,C0118,337,"Alyoum Burger Buns, 6 Pieces",Burger Buns,Burger,1,0.55,0.55,Normal
I2026002928,O202601482,2026-05-23,C0118,160,NewLand Tomato Ketchup 567 g,Cooking & Baking,Sauce,1,2.09,2.09,Normal
I2026002929,O202601482,2026-05-23,C0118,233,"Baladna Coffee with Milk Low Fat Cow Milk, 250ml",Specialty Drinks,Dairy,1,0.8,0.8,Normal
I2026002930,O202601482,2026-05-23,C0118,228,"Mr. Brown Chocolate Flavor Iced Coffee, 240ml",Specialty Drinks,Soft Drinks,2,0.95,1.9,Normal
I2026002931,O202601483,2026-05-23,C0089,309,"Doritos Sweet Chili Pepper Tortilla Chips, 120g",Chips,Chips,2,1,2,Normal
I2026002932,O202601483,2026-05-23,C0089,6,Frozen fries,frozen food,Frozen fries,1,3,3,Normal
I2026002933,O202601483,2026-05-23,C0089,279,"Ozmo Hoppo Biscuit Filled with Chocolate Cream, 40g",Chocolate,Soft Drinks,3,0.6,1.8,Normal
I2026002934,O202601484,2026-05-23,C0012,274,"Nestle Kitkat Hazelnut 4 Fingers Chocolate, 41.5g",Chocolate,Chocolate,2,0.8,1.6,Normal
I2026002935,O202601484,2026-05-23,C0012,312,"Pringles Sour Cream & Onion Chips Can, 165g",Chips,Chips,1,1.7,1.7,Normal
I2026002936,O202601484,2026-05-23,C0012,216,"Matrix Fruit Carbonated Drink, 250ml",Soft Drinks,Soft Drinks,1,0.25,0.25,Normal
I2026002937,O202601485,2026-05-23,C0064,288,"Galaxy Jewels Assorted Chocolate Box, 650g",Chocolate,Chocolate,1,17.3,17.3,Normal
I2026002938,O202601485,2026-05-23,C0064,293,"Smart Chips Crunchy Rings Pizza Flavor, 80g",Chips,Frozen pizza,1,1,1,Normal
I2026002939,O202601486,2026-05-24,C0081,330,"L'usine Cupcakes Filled with Chocolate Cream, 18x30g",Cakes and Rolls,Chocolate,3,1.8,5.4,Normal
I2026002940,O202601486,2026-05-24,C0081,107,"Barakah Al Sanabel Chiffari Lisci, 450g",pasta,Pasta,1,0.35,0.35,Normal
I2026002941,O202601486,2026-05-24,C0081,180,Albayrouty Mushroom Slices 400 g,Canned Vegetables,Canned Vegetables,3,1.05,3.15,Normal
I2026002942,O202601486,2026-05-24,C0081,301,"Mr.Chips Paprika Snack Mix, 78g",Chips,Chips,1,0.6,0.6,Normal
I2026002943,O202601486,2026-05-24,C0081,278,"Ozmo Fun Shape Milk Chocolate Lollipop, 23g",Chocolate,Dairy,1,0.6,0.6,Normal
I2026002944,O202601486,2026-05-24,C0081,265,"Snickers Chocolate Bar Filled with Caramel & Peanuts, 40g",Chocolate,Soft Drinks,1,0.6,0.6,Normal
I2026002945,O202601487,2026-05-24,C0146,310,"Pringles BBQ Chips Can, 165g",Chips,Chips,1,1.7,1.7,Normal
I2026002946,O202601487,2026-05-24,C0146,285,"Nutella B-Ready Chocolate Wafer Bar (6 Bars), 132g",Chocolate,Soft Drinks,4,2.25,9,Normal
I2026002947,O202601488,2026-05-24,C0032,178,"Luna Red Kidney Beans, 380g",Canned Vegetables,Fruit And Veg,1,0.76,0.76,Normal
I2026002948,O202601488,2026-05-24,C0032,7,Frozen fries,frozen food,Frozen fries,1,1.85,1.85,Normal
I2026002949,O202601488,2026-05-24,C0032,131,Blue Mill Garlic Powder 200 g,Cooking & Baking,Spices & Seasonings,1,2.89,2.89,Normal
I2026002950,O202601489,2026-05-24,C0086,196,Maxims Sweet Corn 180 g 3 pcs get 1 pc Free,Canned Fruit,Canned Vegetables,2,3.79,7.58,Normal
I2026002951,O202601489,2026-05-24,C0086,302,"Mr.Chips Cheese Pop Corn, 58g",Chips,Chips,1,0.65,0.65,Normal
I2026002952,O202601489,2026-05-24,C0086,105,"Al-Ghazal Pasta Bucatini 1, 300g",pasta,Pasta,2,0.49,0.98,Normal
I2026002953,O202601490,2026-05-24,C0108,105,"Al-Ghazal Pasta Bucatini 1, 300g",pasta,Pasta,1,0.49,0.49,Normal
I2026002954,O202601490,2026-05-24,C0108,332,"L'usine Vanilla Cupcakes, 18x30g",Cakes and Rolls,Bakery,1,1.8,1.8,Normal
I2026002955,O202601491,2026-05-24,C0027,45,"Al Youm Labneh, 200g",labneh,Eggs,2,1.25,2.5,Normal
I2026002956,O202601491,2026-05-24,C0027,92,"AL Safi Greek Yogurt Lemon Pie, 150g",Yoghurts,Dairy,1,0.8,0.8,Normal
I2026002957,O202601492,2026-05-24,C0077,335,"Bifa Keks Cocoa Oval Banana Sauce Cake, 45g",Cakes and Rolls,Sauce,1,0.25,0.25,Normal
I2026002958,O202601492,2026-05-24,C0077,313,"Mr.Chips Crocodile Cheese & Pizza Flavor Snack, 58g",Chips,Frozen pizza,1,0.25,0.25,Normal
I2026002959,O202601492,2026-05-24,C0077,327,"Americana Marble Pound Cake, 300g",Cakes and Rolls,Bakery,1,1.9,1.9,Normal
I2026002960,O202601493,2026-05-24,C0120,73,"Koita Organic Whole Cream Milk, 1L",Long Life Milk,Dairy,1,3.1,3.1,Normal
I2026002961,O202601493,2026-05-24,C0120,106,Barilla Rigatoni 500 g,pasta,Pasta,1,1.68,1.68,Normal
I2026002962,O202601493,2026-05-24,C0120,340,"Cool Gear Cactus Water Bottle with Freeze Stick, 650ml",back to school,Water,3,3.75,11.25,Normal
I2026002963,O202601494,2026-05-24,C0112,334,"Bifa Keks Roll Black and White Cake, 50g",Cakes and Rolls,Bakery,1,0.25,0.25,Normal
I2026002964,O202601495,2026-05-25,C0041,228,"Mr. Brown Chocolate Flavor Iced Coffee, 240ml",Specialty Drinks,Soft Drinks,3,0.95,2.85,Jordan Independence Day 2026
I2026002965,O202601495,2026-05-25,C0041,201,"Kinza Soda Water Can, 250ml",water,Water,3,0.36,1.08,Jordan Independence Day 2026
I2026002966,O202601496,2026-05-25,C0050,306,"Lay's Chili Potato Chips, 110g",Chips,Chips,1,1,1,Jordan Independence Day 2026
I2026002967,O202601496,2026-05-25,C0050,265,"Snickers Chocolate Bar Filled with Caramel & Peanuts, 40g",Chocolate,Chocolate,3,0.6,1.8,Jordan Independence Day 2026
I2026002968,O202601496,2026-05-25,C0050,329,"Americana Chocolate Pound Cake, 300g",Cakes and Rolls,Soft Drinks,3,1.9,5.7,Jordan Independence Day 2026
I2026002969,O202601496,2026-05-25,C0050,322,"Eti Aditco Chocolate Cake, 36g",Cakes and Rolls,Bakery,3,0.39,1.17,Jordan Independence Day 2026
I2026002970,O202601497,2026-05-25,C0042,292,"Smart Chips Ketchup Flavor Stix, 75g",Chips,Chips,2,1.28,2.56,Jordan Independence Day 2026
I2026002971,O202601497,2026-05-25,C0042,281,"Raffaello Premium Coconut & Almond Pralines, 30g",Chocolate,Chocolate,1,0.9,0.9,Jordan Independence Day 2026
I2026002972,O202601497,2026-05-25,C0042,330,"L'usine Cupcakes Filled with Chocolate Cream, 18x30g",Cakes and Rolls,Soft Drinks,1,1.8,1.8,Jordan Independence Day 2026
I2026002973,O202601497,2026-05-25,C0042,340,"Cool Gear Cactus Water Bottle with Freeze Stick, 650ml",back to school,Water,1,3.75,3.75,Jordan Independence Day 2026
I2026002974,O202601498,2026-05-25,C0036,313,"Mr.Chips Crocodile Cheese & Pizza Flavor Snack, 58g",Chips,Chips,1,0.25,0.25,Jordan Independence Day 2026
I2026002975,O202601498,2026-05-25,C0036,326,"Eti Pop Kek Cocoa Cake, 200g",Cakes and Rolls,Bakery,1,1.95,1.95,Jordan Independence Day 2026
I2026002976,O202601499,2026-05-25,C0133,300,"Mr.Chips Chilli Potato Chips, 68g",Chips,Chips,1,0.6,0.6,Jordan Independence Day 2026
I2026002977,O202601499,2026-05-25,C0133,268,"Kinder Chocolate Milk Chocolate Bars With Milky Filling (4 Bars), 50g",Chocolate,Chocolate,1,0.6,0.6,Jordan Independence Day 2026
I2026002978,O202601499,2026-05-25,C0133,266,"Bounty Coconut Milk Chocolate Bar, 50g",Chocolate,Soft Drinks,3,0.65,1.95,Jordan Independence Day 2026
I2026002979,O202601500,2026-05-25,C0112,46,"Teeba 9% Fat Labneh, 500g",labneh,Dairy,1,2.25,2.25,Jordan Independence Day 2026
I2026002980,O202601500,2026-05-25,C0112,333,"Bifa Keks Roll Cake with Cocoa Cream, 50g",Cakes and Rolls,Bakery,1,0.25,0.25,Jordan Independence Day 2026
I2026002981,O202601501,2026-05-25,C0021,199,"Nestle Mineral Water, 6x1.5L",water,Water,2,2.2,4.4,Jordan Independence Day 2026
I2026002982,O202601501,2026-05-25,C0021,328,"Americana Orange Pound Cake, 300g",Cakes and Rolls,Bakery,1,1.9,1.9,Jordan Independence Day 2026
I2026002983,O202601502,2026-05-25,C0135,308,"Doritos Nacho Cheese Tortilla Chips, 120g",Chips,Chips,1,1,1,Jordan Independence Day 2026
I2026002984,O202601502,2026-05-25,C0135,215,"Jordina Joy Orange, 1L",Soft Drinks,Soft Drinks,1,0.6,0.6,Jordan Independence Day 2026
I2026002985,O202601502,2026-05-25,C0135,273,"Galaxy Dark Truffle Dark Chocolate Bar, 33g",Chocolate,Chocolate,1,0.77,0.77,Jordan Independence Day 2026
I2026002986,O202601503,2026-05-25,C0052,307,"Lay's French Cheese Potato Chips, 110g",Chips,Chips,1,1,1,Jordan Independence Day 2026
I2026002987,O202601503,2026-05-25,C0052,273,"Galaxy Dark Truffle Dark Chocolate Bar, 33g",Chocolate,Soft Drinks,3,0.77,2.31,Jordan Independence Day 2026
I2026002988,O202601503,2026-05-25,C0052,287,"Milka Choco Wafer, (5 Pieces), 150g",Chocolate,Chocolate,1,2.31,2.31,Jordan Independence Day 2026
I2026002989,O202601503,2026-05-25,C0052,202,Crystal Ice Cubes 2 kg,water,Water,3,0.99,2.97,Jordan Independence Day 2026
I2026002990,O202601504,2026-05-25,C0097,329,"Americana Chocolate Pound Cake, 300g",Cakes and Rolls,Chocolate,1,1.9,1.9,Jordan Independence Day 2026
I2026002991,O202601505,2026-05-25,C0104,316,"Hala Cheezers Twist Chips, 30g",Chips,Chips,1,0.1,0.1,Jordan Independence Day 2026
I2026002992,O202601505,2026-05-25,C0104,211,"TT Peach ice Tea, 330ml",Soft Drinks,Soft Drinks,2,0.25,0.5,Jordan Independence Day 2026
I2026002993,O202601505,2026-05-25,C0104,275,"Kinder Joy Chocolate Egg for Boys Assorted, 20g",Chocolate,Chocolate,1,0.7,0.7,Jordan Independence Day 2026
I2026002994,O202601506,2026-05-25,C0043,292,"Smart Chips Ketchup Flavor Stix, 75g",Chips,Chips,1,1.28,1.28,Jordan Independence Day 2026
I2026002995,O202601506,2026-05-25,C0043,337,"Alyoum Burger Buns, 6 Pieces",Burger Buns,Bakery,1,0.55,0.55,Jordan Independence Day 2026
I2026002996,O202601507,2026-05-25,C0017,312,"Pringles Sour Cream & Onion Chips Can, 165g",Chips,Chips,1,1.7,1.7,Jordan Independence Day 2026
I2026002997,O202601507,2026-05-25,C0017,203,"Kinza Zero Sugar Lemon Soft Drink Can, 250ml",Soft Drinks,Soft Drinks,2,0.25,0.5,Jordan Independence Day 2026
I2026002998,O202601508,2026-05-26,C0101,277,"Ozmo Milk Chocolate Egg Shapes, 20g",Chocolate,Chocolate,1,0.75,0.75,Normal
I2026002999,O202601509,2026-05-26,C0046,338,"Alyoum Burger Buns with Sesame Seeds, 6 Pieces",Burger Buns,Burger Buns,1,0.55,0.55,Normal
I2026003000,O202601509,2026-05-26,C0046,96,"Almarai Cheddar Cheese Slices, 200g",Cheese,Cheese,1,1.4,1.4,Normal
I2026003001,O202601509,2026-05-26,C0046,43,burger,frozen food,Burger,1,4.25,4.25,Normal
I2026003002,O202601509,2026-05-26,C0046,335,"Bifa Keks Cocoa Oval Banana Sauce Cake, 45g",Cakes and Rolls,Sauce,1,0.25,0.25,Normal
I2026003003,O202601509,2026-05-26,C0046,74,Koita Organic Chocolate Milk Uht 200 ml,Long Life Milk,Soft Drinks,2,1.65,3.3,Normal
I2026003004,O202601510,2026-05-26,C0098,338,"Alyoum Burger Buns with Sesame Seeds, 6 Pieces",Burger Buns,Burger Buns,4,0.55,2.2,Normal
I2026003005,O202601510,2026-05-26,C0098,313,"Mr.Chips Crocodile Cheese & Pizza Flavor Snack, 58g",Chips,Cheese,1,0.25,0.25,Normal
I2026003006,O202601510,2026-05-26,C0098,153,"Benina Soy Sauce Mild, 150g",Cooking & Baking,Sauce,1,1.05,1.05,Normal
I2026003007,O202601510,2026-05-26,C0098,214,"Kinza Lemon Carbonated Drink, 1L",Soft Drinks,Soft Drinks,1,0.4,0.4,Normal
I2026003008,O202601511,2026-05-26,C0115,106,Barilla Rigatoni 500 g,pasta,Pasta,1,1.68,1.68,Normal
I2026003009,O202601511,2026-05-26,C0115,3,Frozen pizza,frozen food,Frozen pizza,1,3.59,3.59,Normal
I2026003010,O202601511,2026-05-26,C0115,186,"Morrisons Apricot Halves in Juice, 410g",Canned Fruit,Juices,1,4.39,4.39,Normal
I2026003011,O202601511,2026-05-26,C0115,305,"Lay's Tomato Ketchup Potato Chips, 110g",Chips,Sauce,1,1,1,Normal
I2026003012,O202601511,2026-05-26,C0115,67,"Five Cows Thick Cream, 4x125ml",cream,Dairy,2,1.75,3.5,Normal
I2026003013,O202601512,2026-05-26,C0028,338,"Alyoum Burger Buns with Sesame Seeds, 6 Pieces",Burger Buns,Burger Buns,4,0.55,2.2,Normal
I2026003014,O202601512,2026-05-26,C0028,43,burger,frozen food,Burger,1,4.25,4.25,Normal
I2026003015,O202601512,2026-05-26,C0028,163,"NewLand Dynamite Sauce, 300ml",Cooking & Baking,Sauce,1,2.13,2.13,Normal
I2026003016,O202601512,2026-05-26,C0028,303,"Cheetos Crunchy Flaming Hot Chips, 115g",Chips,Chips,1,1,1,Normal
I2026003017,O202601512,2026-05-26,C0028,336,"Barni Chocolate Cake, 30g",Cakes and Rolls,Soft Drinks,1,0.4,0.4,Normal
I2026003018,O202601513,2026-05-26,C0005,45,"Al Youm Labneh, 200g",labneh,Dairy,1,1.25,1.25,Normal
I2026003019,O202601514,2026-05-26,C0097,172,"Rio Mare Light Tuna in Olive Oil, 160g",Canned Seafood,Oil,2,3.45,6.9,Normal
I2026003020,O202601514,2026-05-26,C0097,180,Albayrouty Mushroom Slices 400 g,Canned Vegetables,Fruit And Veg,3,1.05,3.15,Normal
I2026003021,O202601514,2026-05-26,C0097,100,Tiger Rice 3.5 kg,rice,Rice,1,3.65,3.65,Normal
I2026003022,O202601514,2026-05-26,C0097,301,"Mr.Chips Paprika Snack Mix, 78g",Chips,Spices & Seasonings,1,0.6,0.6,Normal
I2026003023,O202601515,2026-05-26,C0142,268,"Kinder Chocolate Milk Chocolate Bars With Milky Filling (4 Bars), 50g",Chocolate,Soft Drinks,1,0.6,0.6,Normal
I2026003024,O202601515,2026-05-26,C0142,333,"Bifa Keks Roll Cake with Cocoa Cream, 50g",Cakes and Rolls,Bakery,1,0.25,0.25,Normal
I2026003025,O202601516,2026-05-27,C0052,68,"Al Safi UHT Full Fat Milk, 4x1L",Long Life Milk,Eggs,4,3.85,15.4,Eid al-Adha 2026
I2026003026,O202601516,2026-05-27,C0052,11,Poultry,frozen food,Poultry,1,4,4,Eid al-Adha 2026
I2026003027,O202601516,2026-05-27,C0052,200,"Sama Mineral Water, 12x600ml",water,Water,2,1.43,2.86,Eid al-Adha 2026
I2026003028,O202601517,2026-05-27,C0022,108,"Afia Pure Corn Oil, 1.5L",oil,Oil,1,3.99,3.99,Eid al-Adha 2026
I2026003029,O202601517,2026-05-27,C0022,103,"Abu Kass Basmati Rice, 4kg",rice,Rice,1,5.49,5.49,Eid al-Adha 2026
I2026003030,O202601517,2026-05-27,C0022,148,"Durra Lemon Seasoning, 1000ml",Cooking & Baking,Spices & Seasonings,1,1.85,1.85,Eid al-Adha 2026
I2026003031,O202601518,2026-05-27,C0140,292,"Smart Chips Ketchup Flavor Stix, 75g",Chips,Sauce,1,1.28,1.28,Eid al-Adha 2026
I2026003032,O202601519,2026-05-27,C0131,200,"Sama Mineral Water, 12x600ml",water,Water,2,1.43,2.86,Eid al-Adha 2026
I2026003033,O202601520,2026-05-27,C0094,338,"Alyoum Burger Buns with Sesame Seeds, 6 Pieces",Burger Buns,Burger Buns,2,0.55,1.1,Eid al-Adha 2026
I2026003034,O202601521,2026-05-27,C0015,199,"Nestle Mineral Water, 6x1.5L",water,Water,1,2.2,2.2,Eid al-Adha 2026
I2026003035,O202601522,2026-05-27,C0042,290,Choco Lake Choco Biscuits 650G,Chocolate,Soft Drinks,2,3,6,Eid al-Adha 2026
I2026003036,O202601523,2026-05-27,C0134,108,"Afia Pure Corn Oil, 1.5L",oil,Oil,1,3.99,3.99,Eid al-Adha 2026
I2026003037,O202601523,2026-05-27,C0134,103,"Abu Kass Basmati Rice, 4kg",rice,Rice,1,5.49,5.49,Eid al-Adha 2026
I2026003038,O202601523,2026-05-27,C0134,137,"Ard Jdadna Powder Garlic, 200g",Cooking & Baking,Spices & Seasonings,2,1.9,3.8,Eid al-Adha 2026
I2026003039,O202601524,2026-05-27,C0002,153,"Benina Soy Sauce Mild, 150g",Cooking & Baking,Sauce,1,1.05,1.05,Eid al-Adha 2026
I2026003040,O202601525,2026-05-27,C0087,131,Blue Mill Garlic Powder 200 g,Cooking & Baking,Sauce,1,2.89,2.89,Eid al-Adha 2026
I2026003041,O202601526,2026-05-27,C0132,292,"Smart Chips Ketchup Flavor Stix, 75g",Chips,Sauce,1,1.28,1.28,Eid al-Adha 2026
I2026003042,O202601527,2026-05-28,C0147,340,"Cool Gear Cactus Water Bottle with Freeze Stick, 650ml",back to school,Water,3,3.75,11.25,Eid al-Adha 2026
I2026003043,O202601528,2026-05-28,C0102,8,Poultry,frozen food,Poultry,1,4.05,4.05,Eid al-Adha 2026
I2026003044,O202601529,2026-05-28,C0141,129,Blue Mill Paprika 200 g,Cooking & Baking,Spices & Seasonings,1,3.85,3.85,Eid al-Adha 2026
I2026003045,O202601529,2026-05-28,C0141,199,"Nestle Mineral Water, 6x1.5L",water,Water,3,2.2,6.6,Eid al-Adha 2026
I2026003046,O202601530,2026-05-28,C0113,199,"Nestle Mineral Water, 6x1.5L",water,Water,2,2.2,4.4,Eid al-Adha 2026
I2026003047,O202601531,2026-05-28,C0068,200,"Sama Mineral Water, 12x600ml",water,Water,1,1.43,1.43,Eid al-Adha 2026
I2026003048,O202601532,2026-05-28,C0111,300,"Mr.Chips Chilli Potato Chips, 68g",Chips,Chips,1,0.6,0.6,Eid al-Adha 2026
I2026003049,O202601532,2026-05-28,C0111,214,"Kinza Lemon Carbonated Drink, 1L",Soft Drinks,Soft Drinks,2,0.4,0.8,Eid al-Adha 2026
I2026003050,O202601532,2026-05-28,C0111,340,"Cool Gear Cactus Water Bottle with Freeze Stick, 650ml",back to school,Water,1,3.75,3.75,Eid al-Adha 2026
I2026003051,O202601533,2026-05-28,C0135,216,"Matrix Fruit Carbonated Drink, 250ml",Soft Drinks,Soft Drinks,2,0.25,0.5,Eid al-Adha 2026
I2026003052,O202601534,2026-05-28,C0087,340,"Cool Gear Cactus Water Bottle with Freeze Stick, 650ml",back to school,Water,4,3.75,15,Eid al-Adha 2026
I2026003053,O202601535,2026-05-28,C0060,172,"Rio Mare Light Tuna in Olive Oil, 160g",Canned Seafood,Oil,1,3.45,3.45,Eid al-Adha 2026
I2026003054,O202601535,2026-05-28,C0060,102,"Sunwhite Calrose Rice, 4kg",rice,Rice,1,4.99,4.99,Eid al-Adha 2026
I2026003055,O202601535,2026-05-28,C0060,142,"Aroma Garden Organic Meat Spices, 120g",Cooking & Baking,Spices & Seasonings,2,2.09,4.18,Eid al-Adha 2026
I2026003056,O202601535,2026-05-28,C0060,328,"Americana Orange Pound Cake, 300g",Cakes and Rolls,Bakery,1,1.9,1.9,Eid al-Adha 2026
I2026003057,O202601536,2026-05-28,C0149,214,"Kinza Lemon Carbonated Drink, 1L",Soft Drinks,Soft Drinks,2,0.4,0.8,Eid al-Adha 2026
I2026003058,O202601537,2026-05-28,C0087,281,"Raffaello Premium Coconut & Almond Pralines, 30g",Chocolate,Soft Drinks,1,0.9,0.9,Eid al-Adha 2026
I2026003059,O202601538,2026-05-28,C0057,192,Zwan Chicken Hotdogs Ã— 2 Special Offer,Canned Meat,Poultry,1,4.5,4.5,Eid al-Adha 2026
I2026003060,O202601538,2026-05-28,C0057,338,"Alyoum Burger Buns with Sesame Seeds, 6 Pieces",Burger Buns,Burger Buns,4,0.55,2.2,Eid al-Adha 2026
I2026003061,O202601539,2026-05-28,C0104,161,"NewLand Mayonnaise, 300ml",Cooking & Baking,Sauce,1,2,2,Eid al-Adha 2026
I2026003062,O202601540,2026-05-28,C0040,165,NewLand Mayonnaise Garlic Flavor 300ml,Cooking & Baking,Spices & Seasonings,2,1.61,3.22,Eid al-Adha 2026
I2026003063,O202601540,2026-05-28,C0040,370,Soccer 50 FT Smart Outdoor String Lights Waterproof,World Cup,Water,2,1.9,3.8,Eid al-Adha 2026
I2026003064,O202601541,2026-05-29,C0007,200,"Sama Mineral Water, 12x600ml",water,Water,2,1.43,2.86,Eid al-Adha 2026
I2026003065,O202601542,2026-05-29,C0111,281,"Raffaello Premium Coconut & Almond Pralines, 30g",Chocolate,Chocolate,3,0.9,2.7,Eid al-Adha 2026
I2026003066,O202601542,2026-05-29,C0111,338,"Alyoum Burger Buns with Sesame Seeds, 6 Pieces",Burger Buns,Burger Buns,4,0.55,2.2,Eid al-Adha 2026
I2026003067,O202601543,2026-05-29,C0121,199,"Nestle Mineral Water, 6x1.5L",water,Water,1,2.2,2.2,Eid al-Adha 2026
I2026003068,O202601544,2026-05-29,C0097,292,"Smart Chips Ketchup Flavor Stix, 75g",Chips,Sauce,1,1.28,1.28,Eid al-Adha 2026
I2026003069,O202601544,2026-05-29,C0097,338,"Alyoum Burger Buns with Sesame Seeds, 6 Pieces",Burger Buns,Burger Buns,1,0.55,0.55,Eid al-Adha 2026
I2026003070,O202601544,2026-05-29,C0097,127,"Knorr Chicken Powder Stock, 30x16g",Cooking & Baking,Poultry,1,2.59,2.59,Eid al-Adha 2026
I2026003071,O202601544,2026-05-29,C0097,251,"Red Bull Energy Drink Watermelon, 250ml",Sports & Energy Drinks,Water,2,1.6,3.2,Eid al-Adha 2026
I2026003072,O202601545,2026-05-29,C0122,335,"Bifa Keks Cocoa Oval Banana Sauce Cake, 45g",Cakes and Rolls,Sauce,1,0.25,0.25,Eid al-Adha 2026
I2026003073,O202601545,2026-05-29,C0122,286,Mythic Sensation Mini Milk Chocolate 30 g,Chocolate,Dairy,1,0.55,0.55,Eid al-Adha 2026
I2026003074,O202601546,2026-05-29,C0031,133,Spice Classics Basil Leaves 6.25 g,Cooking & Baking,Spices & Seasonings,1,1.99,1.99,Eid al-Adha 2026
I2026003075,O202601547,2026-05-29,C0144,324,"Eti Adicto Gold Mini Chocolate Brown Cake, 180g",Cakes and Rolls,Bakery,1,1.7,1.7,Eid al-Adha 2026
I2026003076,O202601547,2026-05-29,C0144,337,"Alyoum Burger Buns, 6 Pieces",Burger Buns,Burger Buns,3,0.55,1.65,Eid al-Adha 2026
I2026003077,O202601548,2026-05-29,C0092,155,"Kikkoman Soy Sauce, 591ml",Cooking & Baking,Sauce,1,3.55,3.55,Eid al-Adha 2026
I2026003078,O202601548,2026-05-29,C0092,133,Spice Classics Basil Leaves 6.25 g,Cooking & Baking,Spices & Seasonings,1,1.99,1.99,Eid al-Adha 2026
I2026003079,O202601548,2026-05-29,C0092,337,"Alyoum Burger Buns, 6 Pieces",Burger Buns,Burger Buns,2,0.55,1.1,Eid al-Adha 2026
I2026003080,O202601549,2026-05-29,C0014,152,"Benina Garlic Chili Sauce, 280g",Cooking & Baking,Spices & Seasonings,1,1.49,1.49,Eid al-Adha 2026
I2026003081,O202601549,2026-05-29,C0014,338,"Alyoum Burger Buns with Sesame Seeds, 6 Pieces",Burger Buns,Burger Buns,1,0.55,0.55,Eid al-Adha 2026
I2026003082,O202601550,2026-05-29,C0053,23,Poultry,frozen food,Poultry,1,3.7,3.7,Eid al-Adha 2026
I2026003083,O202601550,2026-05-29,C0053,337,"Alyoum Burger Buns, 6 Pieces",Burger Buns,Burger Buns,3,0.55,1.65,Eid al-Adha 2026
I2026003084,O202601551,2026-05-29,C0109,25,Poultry,frozen food,Poultry,1,3.99,3.99,Eid al-Adha 2026
I2026003085,O202601552,2026-05-29,C0016,102,"Sunwhite Calrose Rice, 4kg",rice,Rice,1,4.99,4.99,Eid al-Adha 2026
I2026003086,O202601552,2026-05-29,C0016,110,"Golden Corn Oil, 2.9L",oil,Oil,1,5.69,5.69,Eid al-Adha 2026
I2026003087,O202601552,2026-05-29,C0016,131,Blue Mill Garlic Powder 200 g,Cooking & Baking,Spices & Seasonings,1,2.89,2.89,Eid al-Adha 2026
I2026003088,O202601552,2026-05-29,C0016,200,"Sama Mineral Water, 12x600ml",water,Water,1,1.43,1.43,Eid al-Adha 2026
I2026003089,O202601552,2026-05-29,C0016,278,"Ozmo Fun Shape Milk Chocolate Lollipop, 23g",Chocolate,Soft Drinks,1,0.6,0.6,Eid al-Adha 2026
I2026003090,O202601553,2026-05-29,C0133,251,"Red Bull Energy Drink Watermelon, 250ml",Sports & Energy Drinks,Water,1,1.6,1.6,Eid al-Adha 2026
I2026003091,O202601554,2026-05-29,C0010,301,"Mr.Chips Paprika Snack Mix, 78g",Chips,Spices & Seasonings,1,0.6,0.6,Eid al-Adha 2026
I2026003092,O202601555,2026-05-29,C0055,201,"Kinza Soda Water Can, 250ml",water,Water,2,0.36,0.72,Eid al-Adha 2026
I2026003093,O202601556,2026-05-30,C0094,108,"Afia Pure Corn Oil, 1.5L",oil,Oil,1,3.99,3.99,Eid al-Adha 2026
I2026003094,O202601556,2026-05-30,C0094,100,Tiger Rice 3.5 kg,rice,Rice,1,3.65,3.65,Eid al-Adha 2026
I2026003095,O202601556,2026-05-30,C0094,129,Blue Mill Paprika 200 g,Cooking & Baking,Spices & Seasonings,1,3.85,3.85,Eid al-Adha 2026
I2026003096,O202601557,2026-05-30,C0019,14,Poultry,frozen food,Poultry,1,3.39,3.39,Eid al-Adha 2026
I2026003097,O202601557,2026-05-30,C0019,337,"Alyoum Burger Buns, 6 Pieces",Burger Buns,Burger Buns,1,0.55,0.55,Eid al-Adha 2026
I2026003098,O202601558,2026-05-30,C0141,276,Said Junior Cup 50 g,Chocolate,Soft Drinks,3,0.75,2.25,Eid al-Adha 2026
I2026003099,O202601559,2026-05-30,C0102,274,"Nestle Kitkat Hazelnut 4 Fingers Chocolate, 41.5g",Chocolate,Soft Drinks,1,0.8,0.8,Eid al-Adha 2026
I2026003100,O202601560,2026-05-30,C0132,166,Maxim's Sliced Tuna With Garlic And Black Pepper 120 g,Canned Seafood,Spices & Seasonings,1,2.29,2.29,Eid al-Adha 2026
I2026003101,O202601561,2026-05-30,C0063,166,Maxim's Sliced Tuna With Garlic And Black Pepper 120 g,Canned Seafood,Spices & Seasonings,1,2.29,2.29,Eid al-Adha 2026
I2026003102,O202601561,2026-05-30,C0063,103,"Abu Kass Basmati Rice, 4kg",rice,Rice,2,5.49,10.98,Eid al-Adha 2026
I2026003103,O202601561,2026-05-30,C0063,167,Maxim's Smoked Tuna Oil 185 g,Canned Seafood,Oil,1,3,3,Eid al-Adha 2026
I2026003104,O202601562,2026-05-30,C0008,67,"Five Cows Thick Cream, 4x125ml",cream,Dairy,3,1.75,5.25,Eid al-Adha 2026
I2026003105,O202601562,2026-05-30,C0008,271,"Galaxy Hazelnut Chocolate Bar, 30g",Chocolate,Soft Drinks,1,0.77,0.77,Eid al-Adha 2026
I2026003106,O202601563,2026-05-30,C0067,110,"Golden Corn Oil, 2.9L",oil,Oil,1,5.69,5.69,Eid al-Adha 2026
I2026003107,O202601563,2026-05-30,C0067,103,"Abu Kass Basmati Rice, 4kg",rice,Rice,1,5.49,5.49,Eid al-Adha 2026
I2026003108,O202601563,2026-05-30,C0067,297,"Mr.Chips Paprika Potato Chips, 68g",Chips,Spices & Seasonings,1,0.6,0.6,Eid al-Adha 2026
I2026003109,O202601564,2026-05-30,C0144,251,"Red Bull Energy Drink Watermelon, 250ml",Sports & Energy Drinks,Water,1,1.6,1.6,Eid al-Adha 2026
I2026003110,O202601565,2026-05-30,C0016,335,"Bifa Keks Cocoa Oval Banana Sauce Cake, 45g",Cakes and Rolls,Sauce,1,0.25,0.25,Eid al-Adha 2026
I2026003111,O202601566,2026-05-30,C0077,265,"Snickers Chocolate Bar Filled with Caramel & Peanuts, 40g",Chocolate,Soft Drinks,2,0.6,1.2,Eid al-Adha 2026
I2026003112,O202601566,2026-05-30,C0077,251,"Red Bull Energy Drink Watermelon, 250ml",Sports & Energy Drinks,Water,3,1.6,4.8,Eid al-Adha 2026
I2026003113,O202601567,2026-05-30,C0006,340,"Cool Gear Cactus Water Bottle with Freeze Stick, 650ml",back to school,Water,4,3.75,15,Eid al-Adha 2026
I2026003114,O202601568,2026-05-30,C0042,277,"Ozmo Milk Chocolate Egg Shapes, 20g",Chocolate,Soft Drinks,2,0.75,1.5,Eid al-Adha 2026
I2026003115,O202601568,2026-05-30,C0042,32,Poultry,frozen food,Poultry,1,5.35,5.35,Eid al-Adha 2026
I2026003116,O202601569,2026-05-30,C0073,129,Blue Mill Paprika 200 g,Cooking & Baking,Spices & Seasonings,1,3.85,3.85,Eid al-Adha 2026
I2026003117,O202601570,2026-05-30,C0142,103,"Abu Kass Basmati Rice, 4kg",rice,Rice,1,5.49,5.49,Eid al-Adha 2026
I2026003118,O202601570,2026-05-30,C0142,341,"Cool Gear Water Bottle - Pink, 650ml",back to school,Water,3,3.75,11.25,Eid al-Adha 2026
I2026003119,O202601571,2026-05-30,C0008,161,"NewLand Mayonnaise, 300ml",Cooking & Baking,Sauce,1,2,2,Eid al-Adha 2026
I2026003120,O202601571,2026-05-30,C0008,10,Poultry,frozen food,Poultry,1,4.55,4.55,Eid al-Adha 2026
I2026003121,O202601571,2026-05-30,C0008,338,"Alyoum Burger Buns with Sesame Seeds, 6 Pieces",Burger Buns,Burger Buns,1,0.55,0.55,Eid al-Adha 2026
I2026003122,O202601572,2026-05-30,C0105,214,"Kinza Lemon Carbonated Drink, 1L",Soft Drinks,Soft Drinks,3,0.4,1.2,Eid al-Adha 2026
I2026003123,O202601572,2026-05-30,C0105,324,"Eti Adicto Gold Mini Chocolate Brown Cake, 180g",Cakes and Rolls,Bakery,1,1.7,1.7,Eid al-Adha 2026
I2026003124,O202601573,2026-05-30,C0130,199,"Nestle Mineral Water, 6x1.5L",water,Water,2,2.2,4.4,Eid al-Adha 2026
I2026003125,O202601574,2026-05-30,C0037,297,"Mr.Chips Paprika Potato Chips, 68g",Chips,Spices & Seasonings,2,0.6,1.2,Eid al-Adha 2026
I2026003126,O202601575,2026-05-30,C0005,152,"Benina Garlic Chili Sauce, 280g",Cooking & Baking,Sauce,1,1.49,1.49,Eid al-Adha 2026
I2026003127,O202601575,2026-05-30,C0005,167,Maxim's Smoked Tuna Oil 185 g,Canned Seafood,Oil,1,3,3,Eid al-Adha 2026
I2026003128,O202601575,2026-05-30,C0005,100,Tiger Rice 3.5 kg,rice,Rice,1,3.65,3.65,Eid al-Adha 2026
I2026003129,O202601575,2026-05-30,C0005,301,"Mr.Chips Paprika Snack Mix, 78g",Chips,Spices & Seasonings,1,0.6,0.6,Eid al-Adha 2026
I2026003130,O202601576,2026-05-30,C0101,210,"Super Triple Berry Carbonated Drink, 250ml",Soft Drinks,Soft Drinks,4,0.35,1.4,Eid al-Adha 2026
I2026003131,O202601577,2026-05-31,C0082,310,"Pringles BBQ Chips Can, 165g",Chips,Chips,1,1.7,1.7,Normal
I2026003132,O202601578,2026-05-31,C0096,278,"Ozmo Fun Shape Milk Chocolate Lollipop, 23g",Chocolate,Chocolate,1,0.6,0.6,Normal
I2026003133,O202601578,2026-05-31,C0096,107,"Barakah Al Sanabel Chiffari Lisci, 450g",pasta,Pasta,1,0.35,0.35,Normal
I2026003134,O202601578,2026-05-31,C0096,176,"NewLand Crushed Italian Tomatoes, 400g",Canned Vegetables,Canned Vegetables,1,1.17,1.17,Normal
I2026003135,O202601578,2026-05-31,C0096,201,"Kinza Soda Water Can, 250ml",water,Water,1,0.36,0.36,Normal
I2026003136,O202601578,2026-05-31,C0096,309,"Doritos Sweet Chili Pepper Tortilla Chips, 120g",Chips,Chips,2,1,2,Normal
I2026003137,O202601578,2026-05-31,C0096,267,"Kinder Bueno Milk Chocolate Bar in Wafer with Hazelnut Cream, 43g",Chocolate,Dairy,2,0.75,1.5,Normal
I2026003138,O202601578,2026-05-31,C0096,205,"Canary Tutti Frutti Sugar Free Sparkling Drink, 330ml",Soft Drinks,Soft Drinks,1,0.3,0.3,Normal
I2026003139,O202601579,2026-05-31,C0040,276,Said Junior Cup 50 g,Chocolate,Chocolate,1,0.75,0.75,Normal
I2026003140,O202601579,2026-05-31,C0040,260,"Almarai Mixed Fruit Juice, 200ml",Juices,Fruit And Veg,1,0.3,0.3,Normal
I2026003141,O202601579,2026-05-31,C0040,331,"L'usine Soft Cupcakes Filled with Strawberry Cream, 18x30g",Cakes and Rolls,Bakery,1,1.8,1.8,Normal
I2026003142,O202601579,2026-05-31,C0040,311,"Pringles Salt & Vinegar Chips Can, 165g",Chips,Chips,1,1.7,1.7,Normal
I2026003143,O202601579,2026-05-31,C0040,268,"Kinder Chocolate Milk Chocolate Bars With Milky Filling (4 Bars), 50g",Chocolate,Soft Drinks,1,0.6,0.6,Normal
I2026003144,O202601580,2026-05-31,C0051,325,"Eti Pop Kek Mini Cake with Dark Chocolate, 144g",Cakes and Rolls,Bakery,1,1.6,1.6,Normal
I2026003145,O202601581,2026-05-31,C0099,21,Fruit And Veg,frozen food,Fruit And Veg,1,2.9,2.9,Normal
I2026003146,O202601581,2026-05-31,C0099,339,"Reef Diet Flax Seeds Bread, 250g",Flatbread,Bakery,1,1,1,Normal
I2026003147,O202601582,2026-05-31,C0053,103,"Abu Kass Basmati Rice, 4kg",rice,Rice,2,5.49,10.98,Normal
I2026003148,O202601582,2026-05-31,C0053,172,"Rio Mare Light Tuna in Olive Oil, 160g",Canned Seafood,Oil,1,3.45,3.45,Normal
I2026003149,O202601582,2026-05-31,C0053,185,NewLand Pineapple Slices In Light Syrup 565 g,Canned Fruit,Fruit And Veg,1,1.89,1.89,Normal
I2026003150,O202601582,2026-05-31,C0053,165,NewLand Mayonnaise Garlic Flavor 300ml,Cooking & Baking,Spices & Seasonings,1,1.61,1.61,Normal
I2026003151,O202601582,2026-05-31,C0053,73,"Koita Organic Whole Cream Milk, 1L",Long Life Milk,Eggs,3,3.1,9.3,Normal
I2026003152,O202601583,2026-05-31,C0144,314,"Mr.Chips Pizza Flavor Corn Chips, 58g",Chips,Frozen pizza,1,0.25,0.25,Normal
I2026003153,O202601584,2026-05-31,C0059,265,"Snickers Chocolate Bar Filled with Caramel & Peanuts, 40g",Chocolate,Soft Drinks,1,0.6,0.6,Normal
I2026003154,O202601585,2026-05-31,C0140,185,NewLand Pineapple Slices In Light Syrup 565 g,Canned Fruit,Fruit And Veg,1,1.89,1.89,Normal
I2026003155,O202601585,2026-05-31,C0140,89,"Almarai Greek Style Full Fat Strawberry Yoghurt, 150g",Yoghurts,Dairy,1,0.9,0.9,Normal
I2026003156,O202601585,2026-05-31,C0140,326,"Eti Pop Kek Cocoa Cake, 200g",Cakes and Rolls,Bakery,2,1.95,3.9,Normal
I2026003157,O202601586,2026-05-31,C0011,91,"AlSafi Mixed Berries Greek Yoghurt, 150g",Yoghurts,Dairy,1,0.8,0.8,Normal
I2026003158,O202601586,2026-05-31,C0011,217,"Kinza Blackcurrant Carbonated Drink Can, 250ml",Soft Drinks,Soft Drinks,2,0.25,0.5,Normal
I2026003159,O202601587,2026-05-31,C0041,281,"Raffaello Premium Coconut & Almond Pralines, 30g",Chocolate,Chocolate,1,0.9,0.9,Normal
I2026003160,O202601587,2026-05-31,C0041,330,"L'usine Cupcakes Filled with Chocolate Cream, 18x30g",Cakes and Rolls,Bakery,1,1.8,1.8,Normal
I2026003161,O202601588,2026-06-01,C0143,314,"Mr.Chips Pizza Flavor Corn Chips, 58g",Chips,Chips,1,0.25,0.25,Summer 2026
I2026003162,O202601589,2026-06-01,C0083,265,"Snickers Chocolate Bar Filled with Caramel & Peanuts, 40g",Chocolate,Soft Drinks,2,0.6,1.2,Summer 2026
I2026003163,O202601590,2026-06-01,C0059,6,Frozen fries,frozen food,Frozen fries,1,3,3,Summer 2026
I2026003164,O202601590,2026-06-01,C0059,329,"Americana Chocolate Pound Cake, 300g",Cakes and Rolls,Soft Drinks,2,1.9,3.8,Summer 2026
I2026003165,O202601590,2026-06-01,C0059,262,"KDD Long Life Apple Juice, 1L",Juices,Juices,1,1.33,1.33,Summer 2026
I2026003166,O202601591,2026-06-01,C0117,292,"Smart Chips Ketchup Flavor Stix, 75g",Chips,Chips,1,1.28,1.28,Summer 2026
I2026003167,O202601591,2026-06-01,C0117,313,"Mr.Chips Crocodile Cheese & Pizza Flavor Snack, 58g",Chips,Frozen pizza,1,0.25,0.25,Summer 2026
I2026003168,O202601591,2026-06-01,C0117,40,Desserts,frozen food,Ice Cream,1,0.65,0.65,Summer 2026
I2026003169,O202601592,2026-06-01,C0133,316,"Hala Cheezers Twist Chips, 30g",Chips,Chips,1,0.1,0.1,Summer 2026
I2026003170,O202601592,2026-06-01,C0133,206,"G Pink Lemonade Flavored Soda, 300ml",Soft Drinks,Soft Drinks,1,0.55,0.55,Summer 2026
I2026003171,O202601592,2026-06-01,C0133,275,"Kinder Joy Chocolate Egg for Boys Assorted, 20g",Chocolate,Chocolate,1,0.7,0.7,Summer 2026
I2026003172,O202601593,2026-06-01,C0079,251,"Red Bull Energy Drink Watermelon, 250ml",Sports & Energy Drinks,Water,3,1.6,4.8,Summer 2026
I2026003173,O202601594,2026-06-01,C0108,162,"NewLand Special Sauce For Burgers & Fries, 300g",Cooking & Baking,Frozen fries,1,2,2,Summer 2026
I2026003174,O202601594,2026-06-01,C0108,314,"Mr.Chips Pizza Flavor Corn Chips, 58g",Chips,Frozen pizza,1,0.25,0.25,Summer 2026
I2026003175,O202601594,2026-06-01,C0108,257,"Almarai Mixed Fruit Juice, 1.4L",Juices,Juices,3,2,6,Summer 2026
I2026003176,O202601594,2026-06-01,C0108,155,"Kikkoman Soy Sauce, 591ml",Cooking & Baking,Sauce,1,3.55,3.55,Summer 2026
I2026003177,O202601594,2026-06-01,C0108,313,"Mr.Chips Crocodile Cheese & Pizza Flavor Snack, 58g",Chips,Chips,3,0.25,0.75,Summer 2026
I2026003178,O202601594,2026-06-01,C0108,288,"Galaxy Jewels Assorted Chocolate Box, 650g",Chocolate,Soft Drinks,3,17.3,51.9,Summer 2026
I2026003179,O202601595,2026-06-01,C0091,199,"Nestle Mineral Water, 6x1.5L",water,Water,3,2.2,6.6,Summer 2026
I2026003180,O202601595,2026-06-01,C0091,333,"Bifa Keks Roll Cake with Cocoa Cream, 50g",Cakes and Rolls,Bakery,2,0.25,0.5,Summer 2026
I2026003181,O202601596,2026-06-01,C0067,153,"Benina Soy Sauce Mild, 150g",Cooking & Baking,Sauce,3,1.05,3.15,Summer 2026
I2026003182,O202601596,2026-06-01,C0067,4,Frozen fries,frozen food,Frozen fries,2,1.9,3.8,Summer 2026
I2026003183,O202601596,2026-06-01,C0067,272,"Galaxy Crispy Chocolate Bar,Â 30g",Chocolate,Soft Drinks,2,0.77,1.54,Summer 2026
I2026003184,O202601596,2026-06-01,C0067,258,"Almarai Mixed Berry Juice, 1.4L",Juices,Juices,1,2,2,Summer 2026
I2026003185,O202601597,2026-06-01,C0074,289,"Choco Lake Diamond Twist Kunafa with Peanut Butter Filling, 450g",Chocolate,Dairy,1,4.99,4.99,Summer 2026
I2026003186,O202601597,2026-06-01,C0074,199,"Nestle Mineral Water, 6x1.5L",water,Water,1,2.2,2.2,Summer 2026
I2026003187,O202601598,2026-06-01,C0082,152,"Benina Garlic Chili Sauce, 280g",Cooking & Baking,Sauce,1,1.49,1.49,Summer 2026
I2026003188,O202601598,2026-06-01,C0082,6,Frozen fries,frozen food,Frozen fries,1,3,3,Summer 2026
I2026003189,O202601598,2026-06-01,C0082,268,"Kinder Chocolate Milk Chocolate Bars With Milky Filling (4 Bars), 50g",Chocolate,Soft Drinks,2,0.6,1.2,Summer 2026
I2026003190,O202601599,2026-06-01,C0140,275,"Kinder Joy Chocolate Egg for Boys Assorted, 20g",Chocolate,Soft Drinks,2,0.7,1.4,Summer 2026
I2026003191,O202601600,2026-06-01,C0110,7,Frozen fries,frozen food,Frozen fries,1,1.85,1.85,Summer 2026
I2026003192,O202601601,2026-06-02,C0131,328,"Americana Orange Pound Cake, 300g",Cakes and Rolls,Bakery,1,1.9,1.9,Summer 2026
I2026003193,O202601601,2026-06-02,C0131,261,"KDD Mango Nectar, 1L",Juices,Juices,4,1.33,5.32,Summer 2026
I2026003194,O202601602,2026-06-02,C0136,3,Frozen pizza,frozen food,Frozen pizza,1,3.59,3.59,Summer 2026
I2026003195,O202601603,2026-06-02,C0079,288,"Galaxy Jewels Assorted Chocolate Box, 650g",Chocolate,Chocolate,1,17.3,17.3,Summer 2026
I2026003196,O202601603,2026-06-02,C0079,7,Frozen fries,frozen food,Frozen fries,1,1.85,1.85,Summer 2026
I2026003197,O202601603,2026-06-02,C0079,257,"Almarai Mixed Fruit Juice, 1.4L",Juices,Juices,4,2,8,Summer 2026
I2026003198,O202601603,2026-06-02,C0079,305,"Lay's Tomato Ketchup Potato Chips, 110g",Chips,Sauce,2,1,2,Summer 2026
I2026003199,O202601603,2026-06-02,C0079,282,"Storck Toffifee Hazelnut In Caramel Candy, 125g",Chocolate,Soft Drinks,2,2.15,4.3,Summer 2026
I2026003200,O202601604,2026-06-02,C0101,6,Frozen fries,frozen food,Frozen fries,1,3,3,Summer 2026
I2026003201,O202601605,2026-06-02,C0070,279,"Ozmo Hoppo Biscuit Filled with Chocolate Cream, 40g",Chocolate,Ice Cream,1,0.6,0.6,Summer 2026
I2026003202,O202601606,2026-06-02,C0036,186,"Morrisons Apricot Halves in Juice, 410g",Canned Fruit,Juices,1,4.39,4.39,Summer 2026
I2026003203,O202601607,2026-06-02,C0002,163,"NewLand Dynamite Sauce, 300ml",Cooking & Baking,Sauce,3,2.13,6.39,Summer 2026
I2026003204,O202601607,2026-06-02,C0002,313,"Mr.Chips Crocodile Cheese & Pizza Flavor Snack, 58g",Chips,Frozen pizza,1,0.25,0.25,Summer 2026
I2026003205,O202601607,2026-06-02,C0002,257,"Almarai Mixed Fruit Juice, 1.4L",Juices,Juices,4,2,8,Summer 2026
I2026003206,O202601608,2026-06-03,C0071,166,Maxim's Sliced Tuna With Garlic And Black Pepper 120 g,Canned Seafood,Sauce,1,2.29,2.29,Summer 2026
I2026003207,O202601608,2026-06-03,C0071,6,Frozen fries,frozen food,Frozen fries,1,3,3,Summer 2026
I2026003208,O202601608,2026-06-03,C0071,3,Frozen pizza,frozen food,Frozen pizza,2,3.59,7.18,Summer 2026
I2026003209,O202601608,2026-06-03,C0071,211,"TT Peach ice Tea, 330ml",Soft Drinks,Soft Drinks,1,0.25,0.25,Summer 2026
I2026003210,O202601609,2026-06-03,C0047,257,"Almarai Mixed Fruit Juice, 1.4L",Juices,Juices,3,2,6,Summer 2026
I2026003211,O202601610,2026-06-03,C0020,330,"L'usine Cupcakes Filled with Chocolate Cream, 18x30g",Cakes and Rolls,Ice Cream,1,1.8,1.8,Summer 2026
I2026003212,O202601610,2026-06-03,C0020,322,"Eti Aditco Chocolate Cake, 36g",Cakes and Rolls,Chocolate,1,0.39,0.39,Summer 2026
I2026003213,O202601610,2026-06-03,C0020,4,Frozen fries,frozen food,Frozen fries,1,1.9,1.9,Summer 2026
I2026003214,O202601610,2026-06-03,C0020,161,"NewLand Mayonnaise, 300ml",Cooking & Baking,Sauce,1,2,2,Summer 2026
I2026003215,O202601610,2026-06-03,C0020,293,"Smart Chips Crunchy Rings Pizza Flavor, 80g",Chips,Chips,1,1,1,Summer 2026
I2026003216,O202601610,2026-06-03,C0020,268,"Kinder Chocolate Milk Chocolate Bars With Milky Filling (4 Bars), 50g",Chocolate,Soft Drinks,2,0.6,1.2,Summer 2026
I2026003217,O202601611,2026-06-03,C0028,290,Choco Lake Choco Biscuits 650G,Chocolate,Soft Drinks,2,3,6,Summer 2026
I2026003218,O202601612,2026-06-03,C0140,314,"Mr.Chips Pizza Flavor Corn Chips, 58g",Chips,Frozen pizza,1,0.25,0.25,Summer 2026
I2026003219,O202601612,2026-06-03,C0140,259,"Almarai Mango Juice, 1L",Juices,Juices,3,1.25,3.75,Summer 2026
I2026003220,O202601613,2026-06-03,C0088,333,"Bifa Keks Roll Cake with Cocoa Cream, 50g",Cakes and Rolls,Ice Cream,1,0.25,0.25,Summer 2026
I2026003221,O202601614,2026-06-03,C0099,315,"Mr.Chips Disco Cheddar Cheese Flavor Snack, 58g",Chips,Chips,1,0.25,0.25,Summer 2026
I2026003222,O202601614,2026-06-03,C0099,202,Crystal Ice Cubes 2 kg,water,Water,3,0.99,2.97,Summer 2026
I2026003223,O202601615,2026-06-04,C0115,320,"Spuds Tomato Bruschetta Craft Cooked Chips, 65g",Chips,Chips,1,0.75,0.75,Summer 2026
I2026003224,O202601615,2026-06-04,C0115,267,"Kinder Bueno Milk Chocolate Bar in Wafer with Hazelnut Cream, 43g",Chocolate,Soft Drinks,2,0.75,1.5,Summer 2026
I2026003225,O202601615,2026-06-04,C0115,285,"Nutella B-Ready Chocolate Wafer Bar (6 Bars), 132g",Chocolate,Chocolate,1,2.25,2.25,Summer 2026
I2026003226,O202601616,2026-06-04,C0143,313,"Mr.Chips Crocodile Cheese & Pizza Flavor Snack, 58g",Chips,Chips,1,0.25,0.25,Summer 2026
I2026003227,O202601616,2026-06-04,C0143,270,"Galaxy Caramel Chocolate Bar, 34g",Chocolate,Soft Drinks,1,0.77,0.77,Summer 2026
I2026003228,O202601616,2026-06-04,C0143,228,"Mr. Brown Chocolate Flavor Iced Coffee, 240ml",Specialty Drinks,Chocolate,1,0.95,0.95,Summer 2026
I2026003229,O202601617,2026-06-04,C0131,276,Said Junior Cup 50 g,Chocolate,Chocolate,1,0.75,0.75,Summer 2026
I2026003230,O202601617,2026-06-04,C0131,6,Frozen fries,frozen food,Frozen fries,2,3,6,Summer 2026
I2026003231,O202601617,2026-06-04,C0131,293,"Smart Chips Crunchy Rings Pizza Flavor, 80g",Chips,Frozen pizza,1,1,1,Summer 2026
I2026003232,O202601617,2026-06-04,C0131,262,"KDD Long Life Apple Juice, 1L",Juices,Juices,2,1.33,2.66,Summer 2026
I2026003233,O202601617,2026-06-04,C0131,152,"Benina Garlic Chili Sauce, 280g",Cooking & Baking,Sauce,1,1.49,1.49,Summer 2026
I2026003234,O202601618,2026-06-04,C0025,293,"Smart Chips Crunchy Rings Pizza Flavor, 80g",Chips,Frozen pizza,1,1,1,Summer 2026
I2026003235,O202601618,2026-06-04,C0025,77,"Nadec Milk Chocolate Milk, 6x125ml",Long Life Milk,Dairy,1,1.35,1.35,Summer 2026
I2026003236,O202601619,2026-06-04,C0149,153,"Benina Soy Sauce Mild, 150g",Cooking & Baking,Sauce,1,1.05,1.05,Summer 2026
I2026003237,O202601619,2026-06-04,C0149,2,Frozen pizza,frozen food,Frozen pizza,1,3.59,3.59,Summer 2026
I2026003238,O202601619,2026-06-04,C0149,289,"Choco Lake Diamond Twist Kunafa with Peanut Butter Filling, 450g",Chocolate,Soft Drinks,1,4.99,4.99,Summer 2026
I2026003239,O202601619,2026-06-04,C0149,215,"Jordina Joy Orange, 1L",Soft Drinks,Juices,1,0.6,0.6,Summer 2026
I2026003240,O202601620,2026-06-04,C0071,309,"Doritos Sweet Chili Pepper Tortilla Chips, 120g",Chips,Chips,1,1,1,Summer 2026
I2026003241,O202601620,2026-06-04,C0071,228,"Mr. Brown Chocolate Flavor Iced Coffee, 240ml",Specialty Drinks,Soft Drinks,1,0.95,0.95,Summer 2026
I2026003242,O202601620,2026-06-04,C0071,325,"Eti Pop Kek Mini Cake with Dark Chocolate, 144g",Cakes and Rolls,Chocolate,1,1.6,1.6,Summer 2026
I2026003243,O202601621,2026-06-04,C0076,163,"NewLand Dynamite Sauce, 300ml",Cooking & Baking,Sauce,1,2.13,2.13,Summer 2026
I2026003244,O202601621,2026-06-04,C0076,4,Frozen fries,frozen food,Frozen fries,1,1.9,1.9,Summer 2026
I2026003245,O202601622,2026-06-04,C0067,276,Said Junior Cup 50 g,Chocolate,Soft Drinks,3,0.75,2.25,Summer 2026
I2026003246,O202601623,2026-06-04,C0145,328,"Americana Orange Pound Cake, 300g",Cakes and Rolls,Juices,4,1.9,7.6,Summer 2026
I2026003247,O202601624,2026-06-04,C0136,160,NewLand Tomato Ketchup 567 g,Cooking & Baking,Sauce,3,2.09,6.27,Summer 2026
I2026003248,O202601624,2026-06-04,C0136,56,"Almarai Cream Cheese, 6 Portion, 108g",cheese,Ice Cream,1,1.02,1.02,Summer 2026
I2026003249,O202601624,2026-06-04,C0136,5,Frozen fries,frozen food,Frozen fries,1,2.5,2.5,Summer 2026
I2026003250,O202601624,2026-06-04,C0136,329,"Americana Chocolate Pound Cake, 300g",Cakes and Rolls,Soft Drinks,2,1.9,3.8,Summer 2026
I2026003251,O202601625,2026-06-04,C0127,262,"KDD Long Life Apple Juice, 1L",Juices,Juices,1,1.33,1.33,Summer 2026
I2026003252,O202601626,2026-06-05,C0081,161,"NewLand Mayonnaise, 300ml",Cooking & Baking,Sauce,1,2,2,Summer 2026
I2026003253,O202601626,2026-06-05,C0081,162,"NewLand Special Sauce For Burgers & Fries, 300g",Cooking & Baking,Frozen fries,1,2,2,Summer 2026
I2026003254,O202601626,2026-06-05,C0081,3,Frozen pizza,frozen food,Frozen pizza,1,3.59,3.59,Summer 2026
I2026003255,O202601626,2026-06-05,C0081,258,"Almarai Mixed Berry Juice, 1.4L",Juices,Juices,3,2,6,Summer 2026
I2026003256,O202601627,2026-06-05,C0050,263,"Al Rabie Orange Juice, 1L",Juices,Juices,2,1.55,3.1,Summer 2026
I2026003257,O202601628,2026-06-05,C0013,137,"Ard Jdadna Powder Garlic, 200g",Cooking & Baking,Sauce,1,1.9,1.9,Summer 2026
I2026003258,O202601628,2026-06-05,C0013,314,"Mr.Chips Pizza Flavor Corn Chips, 58g",Chips,Frozen pizza,1,0.25,0.25,Summer 2026
I2026003259,O202601628,2026-06-05,C0013,199,"Nestle Mineral Water, 6x1.5L",water,Water,4,2.2,8.8,Summer 2026
I2026003260,O202601628,2026-06-05,C0013,261,"KDD Mango Nectar, 1L",Juices,Juices,4,1.33,5.32,Summer 2026
I2026003261,O202601629,2026-06-05,C0073,370,Soccer 50 FT Smart Outdoor String Lights Waterproof,World Cup,Water,4,1.9,7.6,Summer 2026
I2026003262,O202601630,2026-06-05,C0113,202,Crystal Ice Cubes 2 kg,water,Water,3,0.99,2.97,Summer 2026
I2026003263,O202601631,2026-06-05,C0081,162,"NewLand Special Sauce For Burgers & Fries, 300g",Cooking & Baking,Sauce,1,2,2,Summer 2026
I2026003264,O202601631,2026-06-05,C0081,274,"Nestle Kitkat Hazelnut 4 Fingers Chocolate, 41.5g",Chocolate,Soft Drinks,2,0.8,1.6,Summer 2026
I2026003265,O202601631,2026-06-05,C0081,333,"Bifa Keks Roll Cake with Cocoa Cream, 50g",Cakes and Rolls,Bakery,1,0.25,0.25,Summer 2026
I2026003266,O202601632,2026-06-05,C0143,165,NewLand Mayonnaise Garlic Flavor 300ml,Cooking & Baking,Sauce,1,1.61,1.61,Summer 2026
I2026003267,O202601632,2026-06-05,C0143,162,"NewLand Special Sauce For Burgers & Fries, 300g",Cooking & Baking,Frozen fries,3,2,6,Summer 2026
I2026003268,O202601632,2026-06-05,C0143,265,"Snickers Chocolate Bar Filled with Caramel & Peanuts, 40g",Chocolate,Soft Drinks,2,0.6,1.2,Summer 2026
I2026003269,O202601633,2026-06-05,C0035,160,NewLand Tomato Ketchup 567 g,Cooking & Baking,Sauce,1,2.09,2.09,Summer 2026
I2026003270,O202601633,2026-06-05,C0035,4,Frozen fries,frozen food,Frozen fries,1,1.9,1.9,Summer 2026
I2026003271,O202601633,2026-06-05,C0035,267,"Kinder Bueno Milk Chocolate Bar in Wafer with Hazelnut Cream, 43g",Chocolate,Soft Drinks,2,0.75,1.5,Summer 2026
I2026003272,O202601634,2026-06-05,C0139,293,"Smart Chips Crunchy Rings Pizza Flavor, 80g",Chips,Chips,1,1,1,Summer 2026
I2026003273,O202601634,2026-06-05,C0139,288,"Galaxy Jewels Assorted Chocolate Box, 650g",Chocolate,Soft Drinks,3,17.3,51.9,Summer 2026
I2026003274,O202601634,2026-06-05,C0139,283,"Galaxy Minstrels Chocolate, 42g",Chocolate,Chocolate,1,1.09,1.09,Summer 2026
I2026003275,O202601635,2026-06-05,C0144,314,"Mr.Chips Pizza Flavor Corn Chips, 58g",Chips,Frozen pizza,1,0.25,0.25,Summer 2026
I2026003276,O202601636,2026-06-05,C0002,55,"Hammoudeh Fresh Yoghurt, 700g",youghurt,Eggs,2,1,2,Summer 2026
I2026003277,O202601636,2026-06-05,C0002,74,Koita Organic Chocolate Milk Uht 200 ml,Long Life Milk,Soft Drinks,1,1.65,1.65,Summer 2026
I2026003278,O202601637,2026-06-06,C0137,251,"Red Bull Energy Drink Watermelon, 250ml",Sports & Energy Drinks,Water,3,1.6,4.8,Summer 2026
I2026003279,O202601638,2026-06-06,C0061,315,"Mr.Chips Disco Cheddar Cheese Flavor Snack, 58g",Chips,Chips,1,0.25,0.25,Summer 2026
I2026003280,O202601638,2026-06-06,C0061,207,"G Mixed Berry Fusion Flavored Soda, 300ml",Soft Drinks,Soft Drinks,3,0.55,1.65,Summer 2026
I2026003281,O202601638,2026-06-06,C0061,286,Mythic Sensation Mini Milk Chocolate 30 g,Chocolate,Chocolate,1,0.55,0.55,Summer 2026
I2026003282,O202601639,2026-06-06,C0009,296,"Mr.Chips Waves Honey Mustard Chips, 50g",Chips,Chips,2,0.65,1.3,Summer 2026
I2026003283,O202601639,2026-06-06,C0009,263,"Al Rabie Orange Juice, 1L",Juices,Juices,2,1.55,3.1,Summer 2026
I2026003284,O202601640,2026-06-06,C0125,329,"Americana Chocolate Pound Cake, 300g",Cakes and Rolls,Soft Drinks,2,1.9,3.8,Summer 2026
I2026003285,O202601640,2026-06-06,C0125,341,"Cool Gear Water Bottle - Pink, 650ml",back to school,Water,2,3.75,7.5,Summer 2026
I2026003286,O202601641,2026-06-06,C0015,278,"Ozmo Fun Shape Milk Chocolate Lollipop, 23g",Chocolate,Soft Drinks,3,0.6,1.8,Summer 2026
I2026003287,O202601642,2026-06-06,C0126,284,"Kinder Happy Hippo Biscuits with Double Cream Filling, 103.5g",Chocolate,Ice Cream,1,1.95,1.95,Summer 2026
I2026003288,O202601643,2026-06-06,C0089,299,"Mr.Chips Cheese Potato Chips, 68g",Chips,Chips,1,0.6,0.6,Summer 2026
I2026003289,O202601643,2026-06-06,C0089,261,"KDD Mango Nectar, 1L",Juices,Juices,1,1.33,1.33,Summer 2026
I2026003290,O202601644,2026-06-06,C0014,336,"Barni Chocolate Cake, 30g",Cakes and Rolls,Soft Drinks,3,0.4,1.2,Summer 2026
I2026003291,O202601645,2026-06-06,C0060,186,"Morrisons Apricot Halves in Juice, 410g",Canned Fruit,Juices,4,4.39,17.56,Summer 2026
I2026003292,O202601646,2026-06-06,C0109,4,Frozen fries,frozen food,Frozen fries,1,1.9,1.9,Summer 2026
I2026003293,O202601647,2026-06-06,C0074,261,"KDD Mango Nectar, 1L",Juices,Juices,2,1.33,2.66,Summer 2026
I2026003294,O202601648,2026-06-06,C0133,318,"Spuds Prime Ribs Craft Cooked Chips, 65g",Chips,Chips,1,0.75,0.75,Summer 2026
I2026003295,O202601648,2026-06-06,C0133,217,"Kinza Blackcurrant Carbonated Drink Can, 250ml",Soft Drinks,Soft Drinks,2,0.25,0.5,Summer 2026
I2026003296,O202601648,2026-06-06,C0133,268,"Kinder Chocolate Milk Chocolate Bars With Milky Filling (4 Bars), 50g",Chocolate,Chocolate,1,0.6,0.6,Summer 2026
I2026003297,O202601649,2026-06-06,C0040,7,Frozen fries,frozen food,Frozen fries,1,1.85,1.85,Summer 2026
I2026003298,O202601649,2026-06-06,C0040,123,"Foster Clark's Bicarbonate of Soda, 150g",Cooking & Baking,Soft Drinks,4,0.9,3.6,Summer 2026
I2026003299,O202601650,2026-06-06,C0136,163,"NewLand Dynamite Sauce, 300ml",Cooking & Baking,Sauce,1,2.13,2.13,Summer 2026
I2026003300,O202601650,2026-06-06,C0136,5,Frozen fries,frozen food,Frozen fries,1,2.5,2.5,Summer 2026
I2026003301,O202601650,2026-06-06,C0136,74,Koita Organic Chocolate Milk Uht 200 ml,Long Life Milk,Soft Drinks,2,1.65,3.3,Summer 2026
I2026003302,O202601651,2026-06-07,C0137,202,Crystal Ice Cubes 2 kg,water,Water,4,0.99,3.96,Summer 2026
I2026003303,O202601652,2026-06-07,C0080,7,Frozen fries,frozen food,Frozen fries,1,1.85,1.85,Summer 2026
I2026003304,O202601652,2026-06-07,C0080,202,Crystal Ice Cubes 2 kg,water,Water,1,0.99,0.99,Summer 2026
I2026003305,O202601652,2026-06-07,C0080,162,"NewLand Special Sauce For Burgers & Fries, 300g",Cooking & Baking,Sauce,1,2,2,Summer 2026
I2026003306,O202601652,2026-06-07,C0080,312,"Pringles Sour Cream & Onion Chips Can, 165g",Chips,Chips,2,1.7,3.4,Summer 2026
I2026003307,O202601652,2026-06-07,C0080,203,"Kinza Zero Sugar Lemon Soft Drink Can, 250ml",Soft Drinks,Soft Drinks,1,0.25,0.25,Summer 2026
I2026003308,O202601653,2026-06-07,C0121,335,"Bifa Keks Cocoa Oval Banana Sauce Cake, 45g",Cakes and Rolls,Sauce,1,0.25,0.25,Summer 2026
I2026003309,O202601653,2026-06-07,C0121,314,"Mr.Chips Pizza Flavor Corn Chips, 58g",Chips,Frozen pizza,1,0.25,0.25,Summer 2026
I2026003310,O202601654,2026-06-07,C0084,300,"Mr.Chips Chilli Potato Chips, 68g",Chips,Chips,1,0.6,0.6,Summer 2026
I2026003311,O202601654,2026-06-07,C0084,1,Frozen pizza,frozen food,Frozen pizza,1,2.49,2.49,Summer 2026
I2026003312,O202601655,2026-06-07,C0114,155,"Kikkoman Soy Sauce, 591ml",Cooking & Baking,Sauce,1,3.55,3.55,Summer 2026
I2026003313,O202601655,2026-06-07,C0114,162,"NewLand Special Sauce For Burgers & Fries, 300g",Cooking & Baking,Frozen fries,1,2,2,Summer 2026
I2026003314,O202601655,2026-06-07,C0114,217,"Kinza Blackcurrant Carbonated Drink Can, 250ml",Soft Drinks,Soft Drinks,1,0.25,0.25,Summer 2026
I2026003315,O202601656,2026-06-07,C0116,313,"Mr.Chips Crocodile Cheese & Pizza Flavor Snack, 58g",Chips,Frozen pizza,1,0.25,0.25,Summer 2026
I2026003316,O202601657,2026-06-07,C0083,200,"Sama Mineral Water, 12x600ml",water,Water,2,1.43,2.86,Summer 2026
I2026003317,O202601657,2026-06-07,C0083,264,"Al Rabie Orange Juice, 1L",Juices,Juices,1,1.55,1.55,Summer 2026
I2026003318,O202601658,2026-06-07,C0104,202,Crystal Ice Cubes 2 kg,water,Water,2,0.99,1.98,Summer 2026
I2026003319,O202601659,2026-06-07,C0148,131,Blue Mill Garlic Powder 200 g,Cooking & Baking,Sauce,1,2.89,2.89,Summer 2026
I2026003320,O202601659,2026-06-07,C0148,4,Frozen fries,frozen food,Frozen fries,1,1.9,1.9,Summer 2026
I2026003321,O202601659,2026-06-07,C0148,47,"Teeba Labneh, 180g",labneh,Eggs,2,1,2,Summer 2026
I2026003322,O202601659,2026-06-07,C0148,283,"Galaxy Minstrels Chocolate, 42g",Chocolate,Soft Drinks,1,1.09,1.09,Summer 2026
I2026003323,O202601660,2026-06-07,C0107,341,"Cool Gear Water Bottle - Pink, 650ml",back to school,Water,1,3.75,3.75,Summer 2026
I2026003324,O202601661,2026-06-07,C0039,38,Desserts,frozen food,Ice Cream,1,0.55,0.55,Summer 2026
I2026003325,O202601662,2026-06-07,C0065,292,"Smart Chips Ketchup Flavor Stix, 75g",Chips,Sauce,1,1.28,1.28,Summer 2026
I2026003326,O202601662,2026-06-07,C0065,1,Frozen pizza,frozen food,Frozen pizza,1,2.49,2.49,Summer 2026
I2026003327,O202601662,2026-06-07,C0065,264,"Al Rabie Orange Juice, 1L",Juices,Juices,2,1.55,3.1,Summer 2026
I2026003328,O202601663,2026-06-07,C0060,261,"KDD Mango Nectar, 1L",Juices,Juices,1,1.33,1.33,Summer 2026
I2026003329,O202601664,2026-06-07,C0002,313,"Mr.Chips Crocodile Cheese & Pizza Flavor Snack, 58g",Chips,Frozen pizza,1,0.25,0.25,Summer 2026
I2026003330,O202601665,2026-06-07,C0007,311,"Pringles Salt & Vinegar Chips Can, 165g",Chips,Chips,1,1.7,1.7,Summer 2026
I2026003331,O202601665,2026-06-07,C0007,42,Desserts,frozen food,Ice Cream,3,4.95,14.85,Summer 2026
I2026003332,O202601665,2026-06-07,C0007,284,"Kinder Happy Hippo Biscuits with Double Cream Filling, 103.5g",Chocolate,Soft Drinks,1,1.95,1.95,Summer 2026
I2026003333,O202601665,2026-06-07,C0007,325,"Eti Pop Kek Mini Cake with Dark Chocolate, 144g",Cakes and Rolls,Chocolate,1,1.6,1.6,Summer 2026
I2026003334,O202601666,2026-06-07,C0086,209,"Super Sour Green Apple Carbonated Drink, 250ml",Soft Drinks,Soft Drinks,1,0.35,0.35,Summer 2026
I2026003335,O202601667,2026-06-08,C0125,298,"Mr.Chips Salt & Vinegar Potato Chips, 68g",Chips,Chips,1,0.6,0.6,Summer 2026
I2026003336,O202601668,2026-06-08,C0093,160,NewLand Tomato Ketchup 567 g,Cooking & Baking,Sauce,1,2.09,2.09,Summer 2026
I2026003337,O202601668,2026-06-08,C0093,4,Frozen fries,frozen food,Frozen fries,1,1.9,1.9,Summer 2026
I2026003338,O202601669,2026-06-08,C0019,307,"Lay's French Cheese Potato Chips, 110g",Chips,Chips,1,1,1,Summer 2026
I2026003339,O202601670,2026-06-08,C0002,370,Soccer 50 FT Smart Outdoor String Lights Waterproof,World Cup,Water,3,1.9,5.7,Summer 2026
I2026003340,O202601671,2026-06-08,C0150,166,Maxim's Sliced Tuna With Garlic And Black Pepper 120 g,Canned Seafood,Sauce,1,2.29,2.29,Summer 2026
I2026003341,O202601671,2026-06-08,C0150,6,Frozen fries,frozen food,Frozen fries,1,3,3,Summer 2026
I2026003342,O202601671,2026-06-08,C0150,289,"Choco Lake Diamond Twist Kunafa with Peanut Butter Filling, 450g",Chocolate,Soft Drinks,1,4.99,4.99,Summer 2026
I2026003343,O202601672,2026-06-08,C0095,264,"Al Rabie Orange Juice, 1L",Juices,Juices,3,1.55,4.65,Summer 2026
I2026003344,O202601673,2026-06-08,C0095,5,Frozen fries,frozen food,Frozen fries,1,2.5,2.5,Summer 2026
I2026003345,O202601673,2026-06-08,C0095,293,"Smart Chips Crunchy Rings Pizza Flavor, 80g",Chips,Frozen pizza,1,1,1,Summer 2026
I2026003346,O202601673,2026-06-08,C0095,85,"Alpro Plant-Based Barista Soya Drink, 1L",Milk Alternatives,Eggs,1,2.8,2.8,Summer 2026
I2026003347,O202601673,2026-06-08,C0095,251,"Red Bull Energy Drink Watermelon, 250ml",Sports & Energy Drinks,Water,4,1.6,6.4,Summer 2026
I2026003348,O202601673,2026-06-08,C0095,213,"Crush Orange Soft Drink Pet Bottle, 1L",Soft Drinks,Juices,2,0.33,0.66,Summer 2026
I2026003349,O202601673,2026-06-08,C0095,292,"Smart Chips Ketchup Flavor Stix, 75g",Chips,Sauce,1,1.28,1.28,Summer 2026
I2026003350,O202601673,2026-06-08,C0095,284,"Kinder Happy Hippo Biscuits with Double Cream Filling, 103.5g",Chocolate,Soft Drinks,2,1.95,3.9,Summer 2026
I2026003351,O202601674,2026-06-08,C0086,3,Frozen pizza,frozen food,Frozen pizza,1,3.59,3.59,Summer 2026
I2026003352,O202601675,2026-06-08,C0110,330,"L'usine Cupcakes Filled with Chocolate Cream, 18x30g",Cakes and Rolls,Chocolate,1,1.8,1.8,Summer 2026
I2026003353,O202601675,2026-06-08,C0110,7,Frozen fries,frozen food,Frozen fries,1,1.85,1.85,Summer 2026
I2026003354,O202601675,2026-06-08,C0110,159,NewLand Hickory Smoked Barbecue Sauce 510 g,Cooking & Baking,Sauce,1,2.75,2.75,Summer 2026
I2026003355,O202601675,2026-06-08,C0110,294,"Mr.Chips Waves Smoky Bbq Chips, 50g",Chips,Chips,1,0.65,0.65,Summer 2026
I2026003356,O202601675,2026-06-08,C0110,290,Choco Lake Choco Biscuits 650G,Chocolate,Soft Drinks,2,3,6,Summer 2026
I2026003357,O202601676,2026-06-08,C0048,153,"Benina Soy Sauce Mild, 150g",Cooking & Baking,Sauce,1,1.05,1.05,Summer 2026
I2026003358,O202601676,2026-06-08,C0048,162,"NewLand Special Sauce For Burgers & Fries, 300g",Cooking & Baking,Frozen fries,1,2,2,Summer 2026
I2026003359,O202601676,2026-06-08,C0048,280,"Ferrero Rocher Fine Crunchy Hazelnuts Dipped in Smooth Milk Chocolate, (3 Pieces), 37.5g",Chocolate,Soft Drinks,1,1,1,Summer 2026
I2026003360,O202601677,2026-06-09,C0145,35,Desserts,frozen food,Ice Cream,1,1.95,1.95,Summer 2026
I2026003361,O202601678,2026-06-09,C0021,279,"Ozmo Hoppo Biscuit Filled with Chocolate Cream, 40g",Chocolate,Chocolate,1,0.6,0.6,Summer 2026
I2026003362,O202601678,2026-06-09,C0021,328,"Americana Orange Pound Cake, 300g",Cakes and Rolls,Juices,1,1.9,1.9,Summer 2026
I2026003363,O202601679,2026-06-09,C0018,305,"Lay's Tomato Ketchup Potato Chips, 110g",Chips,Chips,1,1,1,Summer 2026
I2026003364,O202601679,2026-06-09,C0018,312,"Pringles Sour Cream & Onion Chips Can, 165g",Chips,Dairy,1,1.7,1.7,Summer 2026
I2026003365,O202601679,2026-06-09,C0018,266,"Bounty Coconut Milk Chocolate Bar, 50g",Chocolate,Soft Drinks,3,0.65,1.95,Summer 2026
I2026003366,O202601680,2026-06-09,C0105,166,Maxim's Sliced Tuna With Garlic And Black Pepper 120 g,Canned Seafood,Sauce,1,2.29,2.29,Summer 2026
I2026003367,O202601680,2026-06-09,C0105,7,Frozen fries,frozen food,Frozen fries,1,1.85,1.85,Summer 2026
I2026003368,O202601680,2026-06-09,C0105,336,"Barni Chocolate Cake, 30g",Cakes and Rolls,Soft Drinks,4,0.4,1.6,Summer 2026
I2026003369,O202601681,2026-06-09,C0060,281,"Raffaello Premium Coconut & Almond Pralines, 30g",Chocolate,Soft Drinks,1,0.9,0.9,Summer 2026
I2026003370,O202601682,2026-06-10,C0140,294,"Mr.Chips Waves Smoky Bbq Chips, 50g",Chips,Chips,1,0.65,0.65,Summer 2026
I2026003371,O202601682,2026-06-10,C0140,289,"Choco Lake Diamond Twist Kunafa with Peanut Butter Filling, 450g",Chocolate,Chocolate,1,4.99,4.99,Summer 2026
I2026003372,O202601682,2026-06-10,C0140,336,"Barni Chocolate Cake, 30g",Cakes and Rolls,Soft Drinks,3,0.4,1.2,Summer 2026
I2026003373,O202601683,2026-06-10,C0008,300,"Mr.Chips Chilli Potato Chips, 68g",Chips,Chips,1,0.6,0.6,Summer 2026
I2026003374,O202601683,2026-06-10,C0008,268,"Kinder Chocolate Milk Chocolate Bars With Milky Filling (4 Bars), 50g",Chocolate,Chocolate,1,0.6,0.6,Summer 2026
I2026003375,O202601683,2026-06-10,C0008,275,"Kinder Joy Chocolate Egg for Boys Assorted, 20g",Chocolate,Soft Drinks,3,0.7,2.1,Summer 2026
I2026003376,O202601684,2026-06-10,C0072,301,"Mr.Chips Paprika Snack Mix, 78g",Chips,Chips,1,0.6,0.6,Summer 2026
I2026003377,O202601684,2026-06-10,C0072,267,"Kinder Bueno Milk Chocolate Bar in Wafer with Hazelnut Cream, 43g",Chocolate,Soft Drinks,3,0.75,2.25,Summer 2026
I2026003378,O202601684,2026-06-10,C0072,279,"Ozmo Hoppo Biscuit Filled with Chocolate Cream, 40g",Chocolate,Chocolate,1,0.6,0.6,Summer 2026
I2026003379,O202601685,2026-06-10,C0115,165,NewLand Mayonnaise Garlic Flavor 300ml,Cooking & Baking,Sauce,1,1.61,1.61,Summer 2026
I2026003380,O202601685,2026-06-10,C0115,7,Frozen fries,frozen food,Frozen fries,1,1.85,1.85,Summer 2026
I2026003381,O202601685,2026-06-10,C0115,288,"Galaxy Jewels Assorted Chocolate Box, 650g",Chocolate,Soft Drinks,1,17.3,17.3,Summer 2026
I2026003382,O202601685,2026-06-10,C0115,202,Crystal Ice Cubes 2 kg,water,Water,2,0.99,1.98,Summer 2026
I2026003383,O202601686,2026-06-10,C0039,292,"Smart Chips Ketchup Flavor Stix, 75g",Chips,Sauce,1,1.28,1.28,Summer 2026
I2026003384,O202601686,2026-06-10,C0039,5,Frozen fries,frozen food,Frozen fries,1,2.5,2.5,Summer 2026
I2026003385,O202601686,2026-06-10,C0039,207,"G Mixed Berry Fusion Flavored Soda, 300ml",Soft Drinks,Soft Drinks,3,0.55,1.65,Summer 2026
I2026003386,O202601687,2026-06-10,C0104,200,"Sama Mineral Water, 12x600ml",water,Water,3,1.43,4.29,Summer 2026
I2026003387,O202601687,2026-06-10,C0104,338,"Alyoum Burger Buns with Sesame Seeds, 6 Pieces",Burger Buns,Bakery,1,0.55,0.55,Summer 2026
I2026003388,O202601688,2026-06-10,C0064,77,"Nadec Milk Chocolate Milk, 6x125ml",Long Life Milk,Dairy,1,1.35,1.35,Summer 2026
I2026003389,O202601688,2026-06-10,C0064,340,"Cool Gear Cactus Water Bottle with Freeze Stick, 650ml",back to school,Water,2,3.75,7.5,Summer 2026
I2026003390,O202601689,2026-06-10,C0131,159,NewLand Hickory Smoked Barbecue Sauce 510 g,Cooking & Baking,Sauce,1,2.75,2.75,Summer 2026
I2026003391,O202601689,2026-06-10,C0131,7,Frozen fries,frozen food,Frozen fries,1,1.85,1.85,Summer 2026
I2026003392,O202601689,2026-06-10,C0131,290,Choco Lake Choco Biscuits 650G,Chocolate,Soft Drinks,2,3,6,Summer 2026
I2026003393,O202601690,2026-06-11,C0018,136,"Ard Jdadna Powder Garlic, 200g",Cooking & Baking,Sauce,1,2.2,2.2,Summer 2026
I2026003394,O202601690,2026-06-11,C0018,3,Frozen pizza,frozen food,Frozen pizza,1,3.59,3.59,Summer 2026
I2026003395,O202601690,2026-06-11,C0018,261,"KDD Mango Nectar, 1L",Juices,Juices,1,1.33,1.33,Summer 2026
I2026003396,O202601691,2026-06-11,C0114,293,"Smart Chips Crunchy Rings Pizza Flavor, 80g",Chips,Frozen pizza,1,1,1,Summer 2026
I2026003397,O202601691,2026-06-11,C0114,264,"Al Rabie Orange Juice, 1L",Juices,Juices,3,1.55,4.65,Summer 2026
I2026003398,O202601692,2026-06-11,C0134,308,"Doritos Nacho Cheese Tortilla Chips, 120g",Chips,Chips,1,1,1,Summer 2026
I2026003399,O202601692,2026-06-11,C0134,51,"Hammoudeh Lactose Free Full Fat UHT Milk, 1L",milk,Dairy,3,1.5,4.5,Summer 2026
I2026003400,O202601692,2026-06-11,C0134,265,"Snickers Chocolate Bar Filled with Caramel & Peanuts, 40g",Chocolate,Soft Drinks,3,0.6,1.8,Summer 2026
I2026003401,O202601692,2026-06-11,C0134,77,"Nadec Milk Chocolate Milk, 6x125ml",Long Life Milk,Chocolate,2,1.35,2.7,Summer 2026
I2026003402,O202601693,2026-06-11,C0124,294,"Mr.Chips Waves Smoky Bbq Chips, 50g",Chips,Chips,3,0.65,1.95,Summer 2026
I2026003403,O202601693,2026-06-11,C0124,272,"Galaxy Crispy Chocolate Bar,Â 30g",Chocolate,Chocolate,1,0.77,0.77,Summer 2026
I2026003404,O202601693,2026-06-11,C0124,208,"G Cherry Pop Sugar Free Flavored Soda, 300ml",Soft Drinks,Soft Drinks,1,0.55,0.55,Summer 2026
I2026003405,O202601693,2026-06-11,C0124,201,"Kinza Soda Water Can, 250ml",water,Water,1,0.36,0.36,Summer 2026
I2026003406,O202601694,2026-06-11,C0084,299,"Mr.Chips Cheese Potato Chips, 68g",Chips,Chips,1,0.6,0.6,Summer 2026
I2026003407,O202601694,2026-06-11,C0084,341,"Cool Gear Water Bottle - Pink, 650ml",back to school,Water,2,3.75,7.5,Summer 2026
I2026003408,O202601695,2026-06-11,C0025,159,NewLand Hickory Smoked Barbecue Sauce 510 g,Cooking & Baking,Sauce,1,2.75,2.75,Summer 2026
I2026003409,O202601695,2026-06-11,C0025,7,Frozen fries,frozen food,Frozen fries,1,1.85,1.85,Summer 2026
I2026003410,O202601695,2026-06-11,C0025,330,"L'usine Cupcakes Filled with Chocolate Cream, 18x30g",Cakes and Rolls,Bakery,2,1.8,3.6,Summer 2026
I2026003411,O202601696,2026-06-11,C0046,162,"NewLand Special Sauce For Burgers & Fries, 300g",Cooking & Baking,Frozen fries,1,2,2,Summer 2026
I2026003412,O202601696,2026-06-11,C0046,322,"Eti Aditco Chocolate Cake, 36g",Cakes and Rolls,Bakery,1,0.39,0.39,Summer 2026
I2026003413,O202601697,2026-06-11,C0079,370,Soccer 50 FT Smart Outdoor String Lights Waterproof,World Cup,Water,4,1.9,7.6,Summer 2026
I2026003414,O202601698,2026-06-11,C0006,310,"Pringles BBQ Chips Can, 165g",Chips,Chips,1,1.7,1.7,Summer 2026
I2026003415,O202601698,2026-06-11,C0006,77,"Nadec Milk Chocolate Milk, 6x125ml",Long Life Milk,Soft Drinks,3,1.35,4.05,Summer 2026
I2026003416,O202601698,2026-06-11,C0006,266,"Bounty Coconut Milk Chocolate Bar, 50g",Chocolate,Chocolate,1,0.65,0.65,Summer 2026
I2026003417,O202601699,2026-06-11,C0001,298,"Mr.Chips Salt & Vinegar Potato Chips, 68g",Chips,Chips,1,0.6,0.6,Summer 2026
I2026003418,O202601699,2026-06-11,C0001,322,"Eti Aditco Chocolate Cake, 36g",Cakes and Rolls,Soft Drinks,1,0.39,0.39,Summer 2026
I2026003419,O202601699,2026-06-11,C0001,321,"Molto XL Croissant Chocolate With Hazelnut, 42.5g",Cakes and Rolls,Chocolate,1,0.25,0.25,Summer 2026
I2026003420,O202601699,2026-06-11,C0001,251,"Red Bull Energy Drink Watermelon, 250ml",Sports & Energy Drinks,Water,2,1.6,3.2,Summer 2026
I2026003421,O202601700,2026-06-12,C0086,317,"Spuds Sour Cream & Onion Craft Cooked Chips, 65g",Chips,Chips,3,0.75,2.25,Summer 2026
I2026003422,O202601700,2026-06-12,C0086,279,"Ozmo Hoppo Biscuit Filled with Chocolate Cream, 40g",Chocolate,Soft Drinks,1,0.6,0.6,Summer 2026
I2026003423,O202601700,2026-06-12,C0086,228,"Mr. Brown Chocolate Flavor Iced Coffee, 240ml",Specialty Drinks,Chocolate,1,0.95,0.95,Summer 2026
I2026003424,O202601701,2026-06-12,C0150,302,"Mr.Chips Cheese Pop Corn, 58g",Chips,Chips,1,0.65,0.65,Summer 2026
I2026003425,O202601701,2026-06-12,C0150,251,"Red Bull Energy Drink Watermelon, 250ml",Sports & Energy Drinks,Water,2,1.6,3.2,Summer 2026
I2026003426,O202601701,2026-06-12,C0150,213,"Crush Orange Soft Drink Pet Bottle, 1L",Soft Drinks,Juices,2,0.33,0.66,Summer 2026
I2026003427,O202601702,2026-06-12,C0083,4,Frozen fries,frozen food,Frozen fries,1,1.9,1.9,Summer 2026
I2026003428,O202601702,2026-06-12,C0083,2,Frozen pizza,frozen food,Frozen pizza,3,3.59,10.77,Summer 2026
I2026003429,O202601702,2026-06-12,C0083,199,"Nestle Mineral Water, 6x1.5L",water,Water,2,2.2,4.4,Summer 2026
I2026003430,O202601702,2026-06-12,C0083,305,"Lay's Tomato Ketchup Potato Chips, 110g",Chips,Sauce,1,1,1,Summer 2026
I2026003431,O202601702,2026-06-12,C0083,269,"Galaxy Smooth Milk Chocolate Bar,Â 30g",Chocolate,Soft Drinks,3,0.77,2.31,Summer 2026
I2026003432,O202601703,2026-06-12,C0129,137,"Ard Jdadna Powder Garlic, 200g",Cooking & Baking,Sauce,1,1.9,1.9,Summer 2026
I2026003433,O202601703,2026-06-12,C0129,5,Frozen fries,frozen food,Frozen fries,1,2.5,2.5,Summer 2026
I2026003434,O202601703,2026-06-12,C0129,280,"Ferrero Rocher Fine Crunchy Hazelnuts Dipped in Smooth Milk Chocolate, (3 Pieces), 37.5g",Chocolate,Dairy,1,1,1,Summer 2026
I2026003435,O202601703,2026-06-12,C0129,74,Koita Organic Chocolate Milk Uht 200 ml,Long Life Milk,Soft Drinks,2,1.65,3.3,Summer 2026
I2026003436,O202601704,2026-06-12,C0070,296,"Mr.Chips Waves Honey Mustard Chips, 50g",Chips,Chips,1,0.65,0.65,Summer 2026
I2026003437,O202601705,2026-06-12,C0033,258,"Almarai Mixed Berry Juice, 1.4L",Juices,Juices,2,2,4,Summer 2026
I2026003438,O202601706,2026-06-12,C0074,290,Choco Lake Choco Biscuits 650G,Chocolate,Chocolate,3,3,9,Summer 2026
I2026003439,O202601706,2026-06-12,C0074,213,"Crush Orange Soft Drink Pet Bottle, 1L",Soft Drinks,Juices,2,0.33,0.66,Summer 2026
I2026003440,O202601707,2026-06-12,C0076,67,"Five Cows Thick Cream, 4x125ml",cream,Ice Cream,1,1.75,1.75,Summer 2026
I2026003441,O202601707,2026-06-12,C0076,330,"L'usine Cupcakes Filled with Chocolate Cream, 18x30g",Cakes and Rolls,Soft Drinks,1,1.8,1.8,Summer 2026
I2026003442,O202601708,2026-06-12,C0035,165,NewLand Mayonnaise Garlic Flavor 300ml,Cooking & Baking,Sauce,1,1.61,1.61,Summer 2026
I2026003443,O202601708,2026-06-12,C0035,2,Frozen pizza,frozen food,Frozen pizza,1,3.59,3.59,Summer 2026
I2026003444,O202601708,2026-06-12,C0035,259,"Almarai Mango Juice, 1L",Juices,Juices,1,1.25,1.25,Summer 2026
I2026003445,O202601709,2026-06-12,C0100,215,"Jordina Joy Orange, 1L",Soft Drinks,Juices,2,0.6,1.2,Summer 2026
I2026003446,O202601710,2026-06-12,C0022,340,"Cool Gear Cactus Water Bottle with Freeze Stick, 650ml",back to school,Water,2,3.75,7.5,Summer 2026
I2026003447,O202601711,2026-06-12,C0081,293,"Smart Chips Crunchy Rings Pizza Flavor, 80g",Chips,Frozen pizza,3,1,3,Summer 2026
I2026003448,O202601712,2026-06-12,C0123,313,"Mr.Chips Crocodile Cheese & Pizza Flavor Snack, 58g",Chips,Chips,1,0.25,0.25,Summer 2026
I2026003449,O202601712,2026-06-12,C0123,211,"TT Peach ice Tea, 330ml",Soft Drinks,Soft Drinks,2,0.25,0.5,Summer 2026
I2026003450,O202601712,2026-06-12,C0123,325,"Eti Pop Kek Mini Cake with Dark Chocolate, 144g",Cakes and Rolls,Chocolate,1,1.6,1.6,Summer 2026
I2026003451,O202601713,2026-06-12,C0015,298,"Mr.Chips Salt & Vinegar Potato Chips, 68g",Chips,Chips,3,0.6,1.8,Summer 2026
I2026003452,O202601713,2026-06-12,C0015,330,"L'usine Cupcakes Filled with Chocolate Cream, 18x30g",Cakes and Rolls,Soft Drinks,2,1.8,3.6,Summer 2026
I2026003453,O202601713,2026-06-12,C0015,287,"Milka Choco Wafer, (5 Pieces), 150g",Chocolate,Chocolate,1,2.31,2.31,Summer 2026
I2026003454,O202601714,2026-06-13,C0139,155,"Kikkoman Soy Sauce, 591ml",Cooking & Baking,Sauce,1,3.55,3.55,Summer 2026
I2026003455,O202601714,2026-06-13,C0139,7,Frozen fries,frozen food,Frozen fries,1,1.85,1.85,Summer 2026
I2026003456,O202601714,2026-06-13,C0139,208,"G Cherry Pop Sugar Free Flavored Soda, 300ml",Soft Drinks,Soft Drinks,4,0.55,2.2,Summer 2026
I2026003457,O202601715,2026-06-13,C0083,136,"Ard Jdadna Powder Garlic, 200g",Cooking & Baking,Sauce,2,2.2,4.4,Summer 2026
I2026003458,O202601715,2026-06-13,C0083,269,"Galaxy Smooth Milk Chocolate Bar,Â 30g",Chocolate,Chocolate,1,0.77,0.77,Summer 2026
I2026003459,O202601715,2026-06-13,C0083,3,Frozen pizza,frozen food,Frozen pizza,1,3.59,3.59,Summer 2026
I2026003460,O202601715,2026-06-13,C0083,262,"KDD Long Life Apple Juice, 1L",Juices,Juices,2,1.33,2.66,Summer 2026
I2026003461,O202601716,2026-06-13,C0090,340,"Cool Gear Cactus Water Bottle with Freeze Stick, 650ml",back to school,Water,2,3.75,7.5,Summer 2026
I2026003462,O202601717,2026-06-13,C0015,312,"Pringles Sour Cream & Onion Chips Can, 165g",Chips,Ice Cream,1,1.7,1.7,Summer 2026
I2026003463,O202601718,2026-06-13,C0096,330,"L'usine Cupcakes Filled with Chocolate Cream, 18x30g",Cakes and Rolls,Chocolate,1,1.8,1.8,Summer 2026
I2026003464,O202601718,2026-06-13,C0096,257,"Almarai Mixed Fruit Juice, 1.4L",Juices,Juices,2,2,4,Summer 2026
I2026003465,O202601719,2026-06-13,C0068,305,"Lay's Tomato Ketchup Potato Chips, 110g",Chips,Sauce,1,1,1,Summer 2026
I2026003466,O202601719,2026-06-13,C0068,4,Frozen fries,frozen food,Frozen fries,1,1.9,1.9,Summer 2026
I2026003467,O202601719,2026-06-13,C0068,207,"G Mixed Berry Fusion Flavored Soda, 300ml",Soft Drinks,Soft Drinks,2,0.55,1.1,Summer 2026
I2026003468,O202601720,2026-06-13,C0125,305,"Lay's Tomato Ketchup Potato Chips, 110g",Chips,Sauce,1,1,1,Summer 2026
I2026003469,O202601720,2026-06-13,C0125,7,Frozen fries,frozen food,Frozen fries,2,1.85,3.7,Summer 2026
I2026003470,O202601720,2026-06-13,C0125,91,"AlSafi Mixed Berries Greek Yoghurt, 150g",Yoghurts,Eggs,2,0.8,1.6,Summer 2026
I2026003471,O202601720,2026-06-13,C0125,215,"Jordina Joy Orange, 1L",Soft Drinks,Soft Drinks,3,0.6,1.8,Summer 2026
I2026003472,O202601721,2026-06-13,C0063,284,"Kinder Happy Hippo Biscuits with Double Cream Filling, 103.5g",Chocolate,Soft Drinks,2,1.95,3.9,Summer 2026
I2026003473,O202601722,2026-06-13,C0093,137,"Ard Jdadna Powder Garlic, 200g",Cooking & Baking,Sauce,1,1.9,1.9,Summer 2026
I2026003474,O202601722,2026-06-13,C0093,50,Baladna Full Cream Milk 1 L,milk,Ice Cream,1,1.03,1.03,Summer 2026
I2026003475,O202601722,2026-06-13,C0093,6,Frozen fries,frozen food,Frozen fries,1,3,3,Summer 2026
I2026003476,O202601722,2026-06-13,C0093,284,"Kinder Happy Hippo Biscuits with Double Cream Filling, 103.5g",Chocolate,Soft Drinks,3,1.95,5.85,Summer 2026
I2026003477,O202601723,2026-06-13,C0126,257,"Almarai Mixed Fruit Juice, 1.4L",Juices,Juices,1,2,2,Summer 2026
I2026003478,O202601724,2026-06-13,C0003,4,Frozen fries,frozen food,Frozen fries,1,1.9,1.9,Summer 2026
I2026003479,O202601725,2026-06-13,C0132,331,"L'usine Soft Cupcakes Filled with Strawberry Cream, 18x30g",Cakes and Rolls,Dairy,1,1.8,1.8,Summer 2026
I2026003480,O202601725,2026-06-13,C0132,340,"Cool Gear Cactus Water Bottle with Freeze Stick, 650ml",back to school,Water,2,3.75,7.5,Summer 2026
I2026003481,O202601726,2026-06-13,C0126,298,"Mr.Chips Salt & Vinegar Potato Chips, 68g",Chips,Chips,1,0.6,0.6,Summer 2026
I2026003482,O202601726,2026-06-13,C0126,123,"Foster Clark's Bicarbonate of Soda, 150g",Cooking & Baking,Soft Drinks,1,0.9,0.9,Summer 2026
I2026003483,O202601726,2026-06-13,C0126,275,"Kinder Joy Chocolate Egg for Boys Assorted, 20g",Chocolate,Chocolate,1,0.7,0.7,Summer 2026
I2026003484,O202601727,2026-06-13,C0125,281,"Raffaello Premium Coconut & Almond Pralines, 30g",Chocolate,Soft Drinks,2,0.9,1.8,Summer 2026
I2026003485,O202601728,2026-06-13,C0001,37,Desserts,frozen food,Ice Cream,1,2,2,Summer 2026
I2026003486,O202601729,2026-06-13,C0006,81,"Koita Organic Almond Milk, 1L",Milk Alternatives,Dairy,1,3.7,3.7,Summer 2026
I2026003487,O202601729,2026-06-13,C0006,340,"Cool Gear Cactus Water Bottle with Freeze Stick, 650ml",back to school,Water,1,3.75,3.75,Summer 2026
I2026003488,O202601730,2026-06-13,C0121,152,"Benina Garlic Chili Sauce, 280g",Cooking & Baking,Sauce,1,1.49,1.49,Summer 2026
I2026003489,O202601730,2026-06-13,C0121,6,Frozen fries,frozen food,Frozen fries,1,3,3,Summer 2026
I2026003490,O202601730,2026-06-13,C0121,213,"Crush Orange Soft Drink Pet Bottle, 1L",Soft Drinks,Soft Drinks,1,0.33,0.33,Summer 2026
I2026003491,O202601730,2026-06-13,C0121,327,"Americana Marble Pound Cake, 300g",Cakes and Rolls,Bakery,1,1.9,1.9,Summer 2026
I2026003492,O202601731,2026-06-13,C0144,165,NewLand Mayonnaise Garlic Flavor 300ml,Cooking & Baking,Sauce,1,1.61,1.61,Summer 2026
I2026003493,O202601731,2026-06-13,C0144,4,Frozen fries,frozen food,Frozen fries,1,1.9,1.9,Summer 2026
I2026003494,O202601731,2026-06-13,C0144,56,"Almarai Cream Cheese, 6 Portion, 108g",cheese,Eggs,4,1.02,4.08,Summer 2026
I2026003495,O202601731,2026-06-13,C0144,214,"Kinza Lemon Carbonated Drink, 1L",Soft Drinks,Soft Drinks,3,0.4,1.2,Summer 2026
I2026003496,O202601732,2026-06-14,C0111,7,Frozen fries,frozen food,Frozen fries,1,1.85,1.85,Summer 2026
I2026003497,O202601733,2026-06-14,C0092,85,"Alpro Plant-Based Barista Soya Drink, 1L",Milk Alternatives,Dairy,1,2.8,2.8,Summer 2026
I2026003498,O202601733,2026-06-14,C0092,213,"Crush Orange Soft Drink Pet Bottle, 1L",Soft Drinks,Juices,1,0.33,0.33,Summer 2026
I2026003499,O202601734,2026-06-14,C0060,161,"NewLand Mayonnaise, 300ml",Cooking & Baking,Sauce,1,2,2,Summer 2026
I2026003500,O202601734,2026-06-14,C0060,162,"NewLand Special Sauce For Burgers & Fries, 300g",Cooking & Baking,Frozen fries,1,2,2,Summer 2026
I2026003501,O202601734,2026-06-14,C0060,273,"Galaxy Dark Truffle Dark Chocolate Bar, 33g",Chocolate,Soft Drinks,1,0.77,0.77,Summer 2026
I2026003502,O202601734,2026-06-14,C0060,370,Soccer 50 FT Smart Outdoor String Lights Waterproof,World Cup,Water,2,1.9,3.8,Summer 2026
I2026003503,O202601735,2026-06-14,C0141,279,"Ozmo Hoppo Biscuit Filled with Chocolate Cream, 40g",Chocolate,Ice Cream,1,0.6,0.6,Summer 2026
I2026003504,O202601735,2026-06-14,C0141,200,"Sama Mineral Water, 12x600ml",water,Water,1,1.43,1.43,Summer 2026
I2026003505,O202601736,2026-06-14,C0024,293,"Smart Chips Crunchy Rings Pizza Flavor, 80g",Chips,Chips,1,1,1,Summer 2026
I2026003506,O202601736,2026-06-14,C0024,269,"Galaxy Smooth Milk Chocolate Bar,Â 30g",Chocolate,Soft Drinks,2,0.77,1.54,Summer 2026
I2026003507,O202601736,2026-06-14,C0024,330,"L'usine Cupcakes Filled with Chocolate Cream, 18x30g",Cakes and Rolls,Chocolate,1,1.8,1.8,Summer 2026
I2026003508,O202601737,2026-06-14,C0138,304,"Lay's Salt & Vinegar Chips, 110g",Chips,Chips,2,1,2,Summer 2026
I2026003509,O202601737,2026-06-14,C0138,260,"Almarai Mixed Fruit Juice, 200ml",Juices,Juices,4,0.3,1.2,Summer 2026
I2026003510,O202601738,2026-06-14,C0025,155,"Kikkoman Soy Sauce, 591ml",Cooking & Baking,Sauce,1,3.55,3.55,Summer 2026
I2026003511,O202601738,2026-06-14,C0025,5,Frozen fries,frozen food,Frozen fries,1,2.5,2.5,Summer 2026
I2026003512,O202601739,2026-06-14,C0098,39,Desserts,frozen food,Ice Cream,1,0.65,0.65,Summer 2026
I2026003513,O202601739,2026-06-14,C0098,6,Frozen fries,frozen food,Frozen fries,2,3,6,Summer 2026
I2026003514,O202601739,2026-06-14,C0098,87,"Pascual Vive Soy High Calcium Oat Drink, 1L",Milk Alternatives,Eggs,3,3.5,10.5,Summer 2026
I2026003515,O202601739,2026-06-14,C0098,166,Maxim's Sliced Tuna With Garlic And Black Pepper 120 g,Canned Seafood,Sauce,1,2.29,2.29,Summer 2026
I2026003516,O202601739,2026-06-14,C0098,271,"Galaxy Hazelnut Chocolate Bar, 30g",Chocolate,Soft Drinks,1,0.77,0.77,Summer 2026
I2026003517,O202601740,2026-06-14,C0014,299,"Mr.Chips Cheese Potato Chips, 68g",Chips,Chips,1,0.6,0.6,Summer 2026
I2026003518,O202601740,2026-06-14,C0014,2,Frozen pizza,frozen food,Frozen pizza,3,3.59,10.77,Summer 2026
I2026003519,O202601740,2026-06-14,C0014,285,"Nutella B-Ready Chocolate Wafer Bar (6 Bars), 132g",Chocolate,Soft Drinks,4,2.25,9,Summer 2026
I2026003520,O202601740,2026-06-14,C0014,287,"Milka Choco Wafer, (5 Pieces), 150g",Chocolate,Chocolate,1,2.31,2.31,Summer 2026
I2026003521,O202601741,2026-06-14,C0103,4,Frozen fries,frozen food,Frozen fries,2,1.9,3.8,Summer 2026
I2026003522,O202601742,2026-06-14,C0109,370,Soccer 50 FT Smart Outdoor String Lights Waterproof,World Cup,Water,1,1.9,1.9,Summer 2026
I2026003523,O202601743,2026-06-14,C0072,39,Desserts,frozen food,Ice Cream,1,0.65,0.65,Summer 2026
I2026003524,O202601743,2026-06-14,C0072,293,"Smart Chips Crunchy Rings Pizza Flavor, 80g",Chips,Chips,1,1,1,Summer 2026
I2026003525,O202601744,2026-06-15,C0124,7,Frozen fries,frozen food,Frozen fries,1,1.85,1.85,Summer 2026
I2026003526,O202601744,2026-06-15,C0124,212,"Crush Cola Soft Drink Pet Bottle, 1L",Soft Drinks,Soft Drinks,1,0.33,0.33,Summer 2026
I2026003527,O202601744,2026-06-15,C0124,328,"Americana Orange Pound Cake, 300g",Cakes and Rolls,Juices,2,1.9,3.8,Summer 2026
I2026003528,O202601745,2026-06-15,C0142,313,"Mr.Chips Crocodile Cheese & Pizza Flavor Snack, 58g",Chips,Chips,1,0.25,0.25,Summer 2026
I2026003529,O202601745,2026-06-15,C0142,65,"KDD Thick Cream, 4x125ml",cream,Ice Cream,1,1.72,1.72,Summer 2026
I2026003530,O202601745,2026-06-15,C0142,336,"Barni Chocolate Cake, 30g",Cakes and Rolls,Soft Drinks,1,0.4,0.4,Summer 2026
I2026003531,O202601745,2026-06-15,C0142,268,"Kinder Chocolate Milk Chocolate Bars With Milky Filling (4 Bars), 50g",Chocolate,Chocolate,1,0.6,0.6,Summer 2026
I2026003532,O202601746,2026-06-15,C0010,282,"Storck Toffifee Hazelnut In Caramel Candy, 125g",Chocolate,Soft Drinks,2,2.15,4.3,Summer 2026
I2026003533,O202601747,2026-06-15,C0116,35,Desserts,frozen food,Ice Cream,2,1.95,3.9,Summer 2026
I2026003534,O202601748,2026-06-15,C0035,317,"Spuds Sour Cream & Onion Craft Cooked Chips, 65g",Chips,Chips,1,0.75,0.75,Summer 2026
I2026003535,O202601748,2026-06-15,C0035,264,"Al Rabie Orange Juice, 1L",Juices,Juices,1,1.55,1.55,Summer 2026
I2026003536,O202601749,2026-06-15,C0135,67,"Five Cows Thick Cream, 4x125ml",cream,Ice Cream,1,1.75,1.75,Summer 2026
I2026003537,O202601749,2026-06-15,C0135,323,"Eti PopkekÂ Cocoa Cake, 35g",Cakes and Rolls,Bakery,1,0.3,0.3,Summer 2026
I2026003538,O202601750,2026-06-15,C0126,7,Frozen fries,frozen food,Frozen fries,1,1.85,1.85,Summer 2026
I2026003539,O202601750,2026-06-15,C0126,206,"G Pink Lemonade Flavored Soda, 300ml",Soft Drinks,Soft Drinks,1,0.55,0.55,Summer 2026
I2026003540,O202601751,2026-06-15,C0124,186,"Morrisons Apricot Halves in Juice, 410g",Canned Fruit,Juices,2,4.39,8.78,Summer 2026
I2026003541,O202601752,2026-06-15,C0086,313,"Mr.Chips Crocodile Cheese & Pizza Flavor Snack, 58g",Chips,Frozen pizza,1,0.25,0.25,Summer 2026
I2026003542,O202601753,2026-06-15,C0077,261,"KDD Mango Nectar, 1L",Juices,Juices,4,1.33,5.32,Summer 2026
I2026003543,O202601754,2026-06-15,C0150,303,"Cheetos Crunchy Flaming Hot Chips, 115g",Chips,Chips,2,1,2,Summer 2026
I2026003544,O202601754,2026-06-15,C0150,216,"Matrix Fruit Carbonated Drink, 250ml",Soft Drinks,Soft Drinks,1,0.25,0.25,Summer 2026
I2026003545,O202601754,2026-06-15,C0150,265,"Snickers Chocolate Bar Filled with Caramel & Peanuts, 40g",Chocolate,Chocolate,1,0.6,0.6,Summer 2026
I2026003546,O202601754,2026-06-15,C0150,330,"L'usine Cupcakes Filled with Chocolate Cream, 18x30g",Cakes and Rolls,Bakery,1,1.8,1.8,Summer 2026
I2026003547,O202601755,2026-06-15,C0082,304,"Lay's Salt & Vinegar Chips, 110g",Chips,Chips,1,1,1,Summer 2026
I2026003548,O202601755,2026-06-15,C0082,211,"TT Peach ice Tea, 330ml",Soft Drinks,Soft Drinks,1,0.25,0.25,Summer 2026
I2026003549,O202601755,2026-06-15,C0082,269,"Galaxy Smooth Milk Chocolate Bar,Â 30g",Chocolate,Chocolate,1,0.77,0.77,Summer 2026
I2026003550,O202601756,2026-06-15,C0027,324,"Eti Adicto Gold Mini Chocolate Brown Cake, 180g",Cakes and Rolls,Soft Drinks,3,1.7,5.1,Summer 2026
I2026003551,O202601756,2026-06-15,C0027,251,"Red Bull Energy Drink Watermelon, 250ml",Sports & Energy Drinks,Water,3,1.6,4.8,Summer 2026
I2026003552,O202601757,2026-06-16,C0018,257,"Almarai Mixed Fruit Juice, 1.4L",Juices,Juices,2,2,4,Islamic New Year 2026
I2026003553,O202601758,2026-06-16,C0133,330,"L'usine Cupcakes Filled with Chocolate Cream, 18x30g",Cakes and Rolls,Chocolate,1,1.8,1.8,Islamic New Year 2026
I2026003554,O202601758,2026-06-16,C0133,292,"Smart Chips Ketchup Flavor Stix, 75g",Chips,Chips,1,1.28,1.28,Islamic New Year 2026
I2026003555,O202601758,2026-06-16,C0133,281,"Raffaello Premium Coconut & Almond Pralines, 30g",Chocolate,Soft Drinks,2,0.9,1.8,Islamic New Year 2026
I2026003556,O202601759,2026-06-16,C0001,324,"Eti Adicto Gold Mini Chocolate Brown Cake, 180g",Cakes and Rolls,Chocolate,1,1.7,1.7,Islamic New Year 2026
I2026003557,O202601759,2026-06-16,C0001,292,"Smart Chips Ketchup Flavor Stix, 75g",Chips,Chips,1,1.28,1.28,Islamic New Year 2026
I2026003558,O202601760,2026-06-16,C0023,330,"L'usine Cupcakes Filled with Chocolate Cream, 18x30g",Cakes and Rolls,Bakery,1,1.8,1.8,Islamic New Year 2026
I2026003559,O202601760,2026-06-16,C0023,202,Crystal Ice Cubes 2 kg,water,Water,3,0.99,2.97,Islamic New Year 2026
I2026003560,O202601761,2026-06-16,C0084,284,"Kinder Happy Hippo Biscuits with Double Cream Filling, 103.5g",Chocolate,Chocolate,2,1.95,3.9,Islamic New Year 2026
I2026003561,O202601761,2026-06-16,C0084,295,"Mr.Chips Waves Grilled Burger Chips, 50g",Chips,Chips,1,0.65,0.65,Islamic New Year 2026
I2026003562,O202601761,2026-06-16,C0084,272,"Galaxy Crispy Chocolate Bar,Â 30g",Chocolate,Soft Drinks,2,0.77,1.54,Islamic New Year 2026
I2026003563,O202601762,2026-06-16,C0032,338,"Alyoum Burger Buns with Sesame Seeds, 6 Pieces",Burger Buns,Bakery,1,0.55,0.55,Islamic New Year 2026
I2026003564,O202601763,2026-06-16,C0127,280,"Ferrero Rocher Fine Crunchy Hazelnuts Dipped in Smooth Milk Chocolate, (3 Pieces), 37.5g",Chocolate,Chocolate,1,1,1,Islamic New Year 2026
I2026003565,O202601763,2026-06-16,C0127,318,"Spuds Prime Ribs Craft Cooked Chips, 65g",Chips,Chips,1,0.75,0.75,Islamic New Year 2026
I2026003566,O202601763,2026-06-16,C0127,278,"Ozmo Fun Shape Milk Chocolate Lollipop, 23g",Chocolate,Soft Drinks,2,0.6,1.2,Islamic New Year 2026
I2026003567,O202601763,2026-06-16,C0127,259,"Almarai Mango Juice, 1L",Juices,Juices,3,1.25,3.75,Islamic New Year 2026
I2026003568,O202601764,2026-06-16,C0030,261,"KDD Mango Nectar, 1L",Juices,Juices,2,1.33,2.66,Islamic New Year 2026
I2026003569,O202601765,2026-06-16,C0136,286,Mythic Sensation Mini Milk Chocolate 30 g,Chocolate,Chocolate,1,0.55,0.55,Islamic New Year 2026
I2026003570,O202601765,2026-06-16,C0136,292,"Smart Chips Ketchup Flavor Stix, 75g",Chips,Chips,1,1.28,1.28,Islamic New Year 2026
I2026003571,O202601765,2026-06-16,C0136,329,"Americana Chocolate Pound Cake, 300g",Cakes and Rolls,Soft Drinks,3,1.9,5.7,Islamic New Year 2026
I2026003572,O202601765,2026-06-16,C0136,260,"Almarai Mixed Fruit Juice, 200ml",Juices,Juices,2,0.3,0.6,Islamic New Year 2026
I2026003573,O202601766,2026-06-16,C0068,269,"Galaxy Smooth Milk Chocolate Bar,Â 30g",Chocolate,Chocolate,1,0.77,0.77,Islamic New Year 2026
I2026003574,O202601766,2026-06-16,C0068,68,"Al Safi UHT Full Fat Milk, 4x1L",Long Life Milk,Eggs,3,3.85,11.55,Islamic New Year 2026
I2026003575,O202601766,2026-06-16,C0068,304,"Lay's Salt & Vinegar Chips, 110g",Chips,Chips,1,1,1,Islamic New Year 2026
I2026003576,O202601766,2026-06-16,C0068,216,"Matrix Fruit Carbonated Drink, 250ml",Soft Drinks,Soft Drinks,3,0.25,0.75,Islamic New Year 2026
I2026003577,O202601767,2026-06-17,C0147,136,"Ard Jdadna Powder Garlic, 200g",Cooking & Baking,Sauce,1,2.2,2.2,Summer 2026
I2026003578,O202601767,2026-06-17,C0147,4,Frozen fries,frozen food,Frozen fries,1,1.9,1.9,Summer 2026
I2026003579,O202601767,2026-06-17,C0147,54,"Teeba Yoghurt, 700g",youghurt,Dairy,1,1,1,Summer 2026
I2026003580,O202601767,2026-06-17,C0147,217,"Kinza Blackcurrant Carbonated Drink Can, 250ml",Soft Drinks,Soft Drinks,2,0.25,0.5,Summer 2026
I2026003581,O202601768,2026-06-17,C0059,340,"Cool Gear Cactus Water Bottle with Freeze Stick, 650ml",back to school,Water,3,3.75,11.25,Summer 2026
I2026003582,O202601769,2026-06-17,C0054,292,"Smart Chips Ketchup Flavor Stix, 75g",Chips,Sauce,1,1.28,1.28,Summer 2026
I2026003583,O202601769,2026-06-17,C0054,296,"Mr.Chips Waves Honey Mustard Chips, 50g",Chips,Chips,3,0.65,1.95,Summer 2026
I2026003584,O202601769,2026-06-17,C0054,5,Frozen fries,frozen food,Frozen fries,1,2.5,2.5,Summer 2026
I2026003585,O202601769,2026-06-17,C0054,279,"Ozmo Hoppo Biscuit Filled with Chocolate Cream, 40g",Chocolate,Soft Drinks,1,0.6,0.6,Summer 2026
I2026003586,O202601770,2026-06-17,C0100,137,"Ard Jdadna Powder Garlic, 200g",Cooking & Baking,Sauce,1,1.9,1.9,Summer 2026
I2026003587,O202601770,2026-06-17,C0100,162,"NewLand Special Sauce For Burgers & Fries, 300g",Cooking & Baking,Frozen fries,1,2,2,Summer 2026
I2026003588,O202601770,2026-06-17,C0100,216,"Matrix Fruit Carbonated Drink, 250ml",Soft Drinks,Soft Drinks,3,0.25,0.75,Summer 2026
I2026003589,O202601770,2026-06-17,C0100,328,"Americana Orange Pound Cake, 300g",Cakes and Rolls,Bakery,1,1.9,1.9,Summer 2026
I2026003590,O202601771,2026-06-17,C0084,6,Frozen fries,frozen food,Frozen fries,1,3,3,Summer 2026
I2026003591,O202601772,2026-06-17,C0050,276,Said Junior Cup 50 g,Chocolate,Soft Drinks,1,0.75,0.75,Summer 2026
I2026003592,O202601773,2026-06-17,C0133,73,"Koita Organic Whole Cream Milk, 1L",Long Life Milk,Ice Cream,1,3.1,3.1,Summer 2026
I2026003593,O202601774,2026-06-17,C0101,153,"Benina Soy Sauce Mild, 150g",Cooking & Baking,Sauce,1,1.05,1.05,Summer 2026
I2026003594,O202601774,2026-06-17,C0101,7,Frozen fries,frozen food,Frozen fries,1,1.85,1.85,Summer 2026
I2026003595,O202601774,2026-06-17,C0101,211,"TT Peach ice Tea, 330ml",Soft Drinks,Soft Drinks,2,0.25,0.5,Summer 2026
I2026003596,O202601774,2026-06-17,C0101,333,"Bifa Keks Roll Cake with Cocoa Cream, 50g",Cakes and Rolls,Bakery,1,0.25,0.25,Summer 2026
I2026003597,O202601775,2026-06-17,C0009,214,"Kinza Lemon Carbonated Drink, 1L",Soft Drinks,Soft Drinks,2,0.4,0.8,Summer 2026
I2026003598,O202601776,2026-06-17,C0137,370,Soccer 50 FT Smart Outdoor String Lights Waterproof,World Cup,Water,1,1.9,1.9,Summer 2026
I2026003599,O202601777,2026-06-17,C0090,152,"Benina Garlic Chili Sauce, 280g",Cooking & Baking,Sauce,1,1.49,1.49,Summer 2026
I2026003600,O202601777,2026-06-17,C0090,6,Frozen fries,frozen food,Frozen fries,1,3,3,Summer 2026
I2026003601,O202601778,2026-06-17,C0029,260,"Almarai Mixed Fruit Juice, 200ml",Juices,Juices,2,0.3,0.6,Summer 2026
